[{"model": "wazimap.geography", "pk": 1, "fields": {"geo_level": "state", "geo_code": "1", "version": "2016", "name": "Abia", "long_name": "Abia State", "square_kms": 6320.0, "parent_level": "country", "parent_code": "NG"}}, {"model": "wazimap.geography", "pk": 2, "fields": {"geo_level": "state", "geo_code": "2", "version": "2016", "name": "Adamawa", "long_name": "Adamawa State", "square_kms": 36917.0, "parent_level": "country", "parent_code": "NG"}}, {"model": "wazimap.geography", "pk": 3, "fields": {"geo_level": "state", "geo_code": "3", "version": "2016", "name": "Akwa Ibom", "long_name": "Akwa Ibom State", "square_kms": 7081.0, "parent_level": "country", "parent_code": "NG"}}, {"model": "wazimap.geography", "pk": 4, "fields": {"geo_level": "state", "geo_code": "4", "version": "2016", "name": "Anambra", "long_name": "Anambra State", "square_kms": 4844.0, "parent_level": "country", "parent_code": "NG"}}, {"model": "wazimap.geography", "pk": 5, "fields": {"geo_level": "state", "geo_code": "5", "version": "2016", "name": "Bauchi", "long_name": "Bauchi State", "square_kms": 45837.0, "parent_level": "country", "parent_code": "NG"}}, {"model": "wazimap.geography", "pk": 6, "fields": {"geo_level": "state", "geo_code": "6", "version": "2016", "name": "Bayelsa", "long_name": "Bayelsa State", "square_kms": 10773.0, "parent_level": "country", "parent_code": "NG"}}, {"model": "wazimap.geography", "pk": 7, "fields": {"geo_level": "state", "geo_code": "7", "version": "2016", "name": "Benue", "long_name": "Benue State", "square_kms": 34059.0, "parent_level": "country", "parent_code": "NG"}}, {"model": "wazimap.geography", "pk": 8, "fields": {"geo_level": "state", "geo_code": "8", "version": "2016", "name": "Borno", "long_name": "Borno State", "square_kms": 70898.0, "parent_level": "country", "parent_code": "NG"}}, {"model": "wazimap.geography", "pk": 9, "fields": {"geo_level": "state", "geo_code": "9", "version": "2016", "name": "Cross River", "long_name": "Cross River State", "square_kms": 20156.0, "parent_level": "country", "parent_code": "NG"}}, {"model": "wazimap.geography", "pk": 10, "fields": {"geo_level": "state", "geo_code": "10", "version": "2016", "name": "Delta", "long_name": "Delta State", "square_kms": 17698.0, "parent_level": "country", "parent_code": "NG"}}, {"model": "wazimap.geography", "pk": 11, "fields": {"geo_level": "state", "geo_code": "11", "version": "2016", "name": "Ebonyi", "long_name": "Ebonyi State", "square_kms": 5670.0, "parent_level": "country", "parent_code": "NG"}}, {"model": "wazimap.geography", "pk": 12, "fields": {"geo_level": "state", "geo_code": "12", "version": "2016", "name": "Edo", "long_name": "Edo State", "square_kms": 17802.0, "parent_level": "country", "parent_code": "NG"}}, {"model": "wazimap.geography", "pk": 13, "fields": {"geo_level": "state", "geo_code": "13", "version": "2016", "name": "Ekiti", "long_name": "Ekiti State", "square_kms": 6353.0, "parent_level": "country", "parent_code": "NG"}}, {"model": "wazimap.geography", "pk": 14, "fields": {"geo_level": "state", "geo_code": "14", "version": "2016", "name": "Enugu", "long_name": "Enugu State", "square_kms": 7161.0, "parent_level": "country", "parent_code": "NG"}}, {"model": "wazimap.geography", "pk": 15, "fields": {"geo_level": "state", "geo_code": "15", "version": "2016", "name": "Federal Capital Territory", "long_name": "Federal Capital Territory", "square_kms": 7315.0, "parent_level": "country", "parent_code": "NG"}}, {"model": "wazimap.geography", "pk": 16, "fields": {"geo_level": "state", "geo_code": "16", "version": "2016", "name": "Gombe", "long_name": "Gombe State", "square_kms": 18768.0, "parent_level": "country", "parent_code": "NG"}}, {"model": "wazimap.geography", "pk": 17, "fields": {"geo_level": "state", "geo_code": "17", "version": "2016", "name": "Imo", "long_name": "Imo State", "square_kms": 5530.0, "parent_level": "country", "parent_code": "NG"}}, {"model": "wazimap.geography", "pk": 18, "fields": {"geo_level": "state", "geo_code": "18", "version": "2016", "name": "Jigawa", "long_name": "Jigawa State", "square_kms": 23154.0, "parent_level": "country", "parent_code": "NG"}}, {"model": "wazimap.geography", "pk": 19, "fields": {"geo_level": "state", "geo_code": "19", "version": "2016", "name": "Kaduna", "long_name": "Kaduna State", "square_kms": 46053.0, "parent_level": "country", "parent_code": "NG"}}, {"model": "wazimap.geography", "pk": 20, "fields": {"geo_level": "state", "geo_code": "20", "version": "2016", "name": "Kano", "long_name": "Kano State", "square_kms": 20131.0, "parent_level": "country", "parent_code": "NG"}}, {"model": "wazimap.geography", "pk": 21, "fields": {"geo_level": "state", "geo_code": "21", "version": "2016", "name": "Katsina", "long_name": "Katsina State", "square_kms": 24192.0, "parent_level": "country", "parent_code": "NG"}}, {"model": "wazimap.geography", "pk": 22, "fields": {"geo_level": "state", "geo_code": "22", "version": "2016", "name": "Kebbi", "long_name": "Kebbi State", "square_kms": 36800.0, "parent_level": "country", "parent_code": "NG"}}, {"model": "wazimap.geography", "pk": 23, "fields": {"geo_level": "state", "geo_code": "23", "version": "2016", "name": "Kogi", "long_name": "Kogi State", "square_kms": 29833.0, "parent_level": "country", "parent_code": "NG"}}, {"model": "wazimap.geography", "pk": 24, "fields": {"geo_level": "state", "geo_code": "24", "version": "2016", "name": "Kwara", "long_name": "Kwara State", "square_kms": 36825.0, "parent_level": "country", "parent_code": "NG"}}, {"model": "wazimap.geography", "pk": 25, "fields": {"geo_level": "state", "geo_code": "25", "version": "2016", "name": "Lagos", "long_name": "Lagos State", "square_kms": 3345.0, "parent_level": "country", "parent_code": "NG"}}, {"model": "wazimap.geography", "pk": 26, "fields": {"geo_level": "state", "geo_code": "26", "version": "2016", "name": "Nasarawa", "long_name": "Nasarawa State", "square_kms": 27117.0, "parent_level": "country", "parent_code": "NG"}}, {"model": "wazimap.geography", "pk": 27, "fields": {"geo_level": "state", "geo_code": "27", "version": "2016", "name": "Niger", "long_name": "Niger State", "square_kms": 76363.0, "parent_level": "country", "parent_code": "NG"}}, {"model": "wazimap.geography", "pk": 28, "fields": {"geo_level": "state", "geo_code": "28", "version": "2016", "name": "Ogun", "long_name": "Ogun State", "square_kms": 16762.0, "parent_level": "country", "parent_code": "NG"}}, {"model": "wazimap.geography", "pk": 29, "fields": {"geo_level": "state", "geo_code": "29", "version": "2016", "name": "Ondo", "long_name": "Ondo State", "square_kms": 15500.0, "parent_level": "country", "parent_code": "NG"}}, {"model": "wazimap.geography", "pk": 30, "fields": {"geo_level": "state", "geo_code": "30", "version": "2016", "name": "Osun", "long_name": "Osun State", "square_kms": 9251.0, "parent_level": "country", "parent_code": "NG"}}, {"model": "wazimap.geography", "pk": 31, "fields": {"geo_level": "state", "geo_code": "31", "version": "2016", "name": "Oyo", "long_name": "Oyo State", "square_kms": 28454.0, "parent_level": "country", "parent_code": "NG"}}, {"model": "wazimap.geography", "pk": 32, "fields": {"geo_level": "state", "geo_code": "32", "version": "2016", "name": "Plateau", "long_name": "Plateau State", "square_kms": 30913.0, "parent_level": "country", "parent_code": "NG"}}, {"model": "wazimap.geography", "pk": 33, "fields": {"geo_level": "state", "geo_code": "33", "version": "2016", "name": "Rivers", "long_name": "Rivers State", "square_kms": 11077.0, "parent_level": "country", "parent_code": "NG"}}, {"model": "wazimap.geography", "pk": 34, "fields": {"geo_level": "state", "geo_code": "34", "version": "2016", "name": "Sokoto", "long_name": "Sokoto State", "square_kms": 25973.0, "parent_level": "country", "parent_code": "NG"}}, {"model": "wazimap.geography", "pk": 35, "fields": {"geo_level": "state", "geo_code": "35", "version": "2016", "name": "Taraba", "long_name": "Taraba State", "square_kms": 54473.0, "parent_level": "country", "parent_code": "NG"}}, {"model": "wazimap.geography", "pk": 36, "fields": {"geo_level": "state", "geo_code": "36", "version": "2016", "name": "Yobe", "long_name": "Yobe State", "square_kms": 45502.0, "parent_level": "country", "parent_code": "NG"}}, {"model": "wazimap.geography", "pk": 37, "fields": {"geo_level": "state", "geo_code": "37", "version": "2016", "name": "Zamfara", "long_name": "Zamfara State", "square_kms": 39762.0, "parent_level": "country", "parent_code": "NG"}}, {"model": "wazimap.geography", "pk": 38, "fields": {"geo_level": "country", "geo_code": "NG", "version": "2016", "name": "Nigeria", "long_name": "Nigeria", "square_kms": 923768.0, "parent_level": null, "parent_code": null}}, {"model": "wazimap.dataset", "pk": 2, "fields": {"name": "National Bureau of Statistics"}}, {"model": "wazimap.dataset", "pk": 3, "fields": {"name": "Health"}}, {"model": "wazimap.dataset", "pk": 4, "fields": {"name": "Demographics"}}, {"model": "wazimap.dataset", "pk": 5, "fields": {"name": "Transportation"}}, {"model": "wazimap.dataset", "pk": 6, "fields": {"name": "Crime"}}, {"model": "wazimap.dataset", "pk": 7, "fields": {"name": "Finance"}}, {"model": "wazimap.dataset", "pk": 8, "fields": {"name": "Agriculture"}}, {"model": "wazimap.dataset", "pk": 9, "fields": {"name": "Education"}}, {"model": "wazimap.dataset", "pk": 10, "fields": {"name": "Drugs"}}, {"model": "wazimap.dataset", "pk": 11, "fields": {"name": "Economy"}}, {"model": "wazimap.dataset", "pk": 12, "fields": {"name": "Immigration"}}, {"model": "wazimap.release", "pk": 2, "fields": {"name": "National Bureau of Statistics", "year": "2016", "citation": null, "dataset": 2}}, {"model": "wazimap.release", "pk": 3, "fields": {"name": "National Bureau of Statistics", "year": "2018", "citation": "", "dataset": 2}}, {"model": "wazimap.release", "pk": 4, "fields": {"name": "Health", "year": "2018", "citation": null, "dataset": 3}}, {"model": "wazimap.release", "pk": 5, "fields": {"name": "Demographics", "year": "2018", "citation": null, "dataset": 4}}, {"model": "wazimap.release", "pk": 6, "fields": {"name": "Transportation", "year": "2018", "citation": null, "dataset": 5}}, {"model": "wazimap.release", "pk": 7, "fields": {"name": "Crime", "year": "2018", "citation": null, "dataset": 6}}, {"model": "wazimap.release", "pk": 8, "fields": {"name": "Finances", "year": "2018", "citation": null, "dataset": 7}}, {"model": "wazimap.release", "pk": 9, "fields": {"name": "Agriculture", "year": "2018", "citation": null, "dataset": 8}}, {"model": "wazimap.release", "pk": 10, "fields": {"name": "Education", "year": "2018", "citation": null, "dataset": 9}}, {"model": "wazimap.release", "pk": 11, "fields": {"name": "Drugs", "year": "2018", "citation": null, "dataset": 10}}, {"model": "wazimap.release", "pk": 12, "fields": {"name": "Economy", "year": "2018", "citation": null, "dataset": 11}}, {"model": "wazimap.release", "pk": 13, "fields": {"name": "Immigration", "year": "2018", "citation": null, "dataset": 12}}, {"model": "wazimap.dbtable", "pk": 1, "fields": {"name": "external_domestic_debt"}}, {"model": "wazimap.dbtable", "pk": 2, "fields": {"name": "arrested_suspects"}}, {"model": "wazimap.dbtable", "pk": 3, "fields": {"name": "drugs_seized"}}, {"model": "wazimap.dbtable", "pk": 4, "fields": {"name": "suspects_prosecuted"}}, {"model": "wazimap.dbtable", "pk": 5, "fields": {"name": "counselling_concluded"}}, {"model": "wazimap.dbtable", "pk": 6, "fields": {"name": "conviction_secured"}}, {"model": "wazimap.dbtable", "pk": 7, "fields": {"name": "mineral_production"}}, {"model": "wazimap.dbtable", "pk": 8, "fields": {"name": "telecom_subscription"}}, {"model": "wazimap.dbtable", "pk": 9, "fields": {"name": "mobile_subscription"}}, {"model": "wazimap.dbtable", "pk": 10, "fields": {"name": "jamb"}}, {"model": "wazimap.dbtable", "pk": 11, "fields": {"name": "faac"}}, {"model": "wazimap.dbtable", "pk": 12, "fields": {"name": "hiv_patients"}}, {"model": "wazimap.dbtable", "pk": 13, "fields": {"name": "diesel_price"}}, {"model": "wazimap.dbtable", "pk": 14, "fields": {"name": "petrol_price"}}, {"model": "wazimap.dbtable", "pk": 15, "fields": {"name": "access_to_wash"}}, {"model": "wazimap.dbtable", "pk": 16, "fields": {"name": "compiled_indeces"}}, {"model": "wazimap.dbtable", "pk": 17, "fields": {"name": "adolescent_fertility"}}, {"model": "wazimap.dbtable", "pk": 18, "fields": {"name": "air_transportation_domestic"}}, {"model": "wazimap.dbtable", "pk": 19, "fields": {"name": "air_transportation_international"}}, {"model": "wazimap.dbtable", "pk": 20, "fields": {"name": "avg_number_bribes"}}, {"model": "wazimap.dbtable", "pk": 21, "fields": {"name": "bank_credit"}}, {"model": "wazimap.dbtable", "pk": 22, "fields": {"name": "bank_deposit"}}, {"model": "wazimap.dbtable", "pk": 23, "fields": {"name": "birth_registration"}}, {"model": "wazimap.dbtable", "pk": 24, "fields": {"name": "bribery_prevalence"}}, {"model": "wazimap.dbtable", "pk": 25, "fields": {"name": "cases_of_corruption"}}, {"model": "wazimap.dbtable", "pk": 26, "fields": {"name": "consumer_price_index"}}, {"model": "wazimap.dbtable", "pk": 28, "fields": {"name": "diesel_yearly"}}, {"model": "wazimap.dbtable", "pk": 29, "fields": {"name": "contraceptive_use"}}, {"model": "wazimap.dbtable", "pk": 32, "fields": {"name": "technical_school"}}, {"model": "wazimap.dbtable", "pk": 33, "fields": {"name": "junior_secondary_school_enrollment"}}, {"model": "wazimap.dbtable", "pk": 34, "fields": {"name": "senior_secondary_school_enrollment"}}, {"model": "wazimap.dbtable", "pk": 35, "fields": {"name": "bribery_report_rate"}}, {"model": "wazimap.dbtable", "pk": 39, "fields": {"name": "offences_against_authority"}}, {"model": "wazimap.dbtable", "pk": 40, "fields": {"name": "offences_against_person"}}, {"model": "wazimap.dbtable", "pk": 41, "fields": {"name": "offences_against_property"}}, {"model": "wazimap.dbtable", "pk": 42, "fields": {"name": "vaccine_coverage"}}, {"model": "wazimap.dbtable", "pk": 43, "fields": {"name": "crime_summary"}}, {"model": "wazimap.dbtable", "pk": 44, "fields": {"name": "road_traffic_accidents"}}, {"model": "wazimap.dbtable", "pk": 45, "fields": {"name": "underweight_children"}}, {"model": "wazimap.dbtable", "pk": 46, "fields": {"name": "immunization_coverage"}}, {"model": "wazimap.dbtable", "pk": 47, "fields": {"name": "prison_population"}}, {"model": "wazimap.dbtable", "pk": 48, "fields": {"name": "officer_house_assembly"}}, {"model": "wazimap.dbtable", "pk": 49, "fields": {"name": "primary_school_enrollment"}}, {"model": "wazimap.dbtable", "pk": 50, "fields": {"name": "postal_data"}}, {"model": "wazimap.dbtable", "pk": 51, "fields": {"name": "population_projection"}}, {"model": "wazimap.dbtable", "pk": 52, "fields": {"name": "passport_application"}}, {"model": "wazimap.dbtable", "pk": 53, "fields": {"name": "passport_issued"}}, {"model": "wazimap.dbtable", "pk": 54, "fields": {"name": "passport_re_issued"}}, {"model": "wazimap.dbtable", "pk": 55, "fields": {"name": "driver_licences_processed"}}, {"model": "wazimap.dbtable", "pk": 56, "fields": {"name": "drug_arrests"}}, {"model": "wazimap.dbtable", "pk": 57, "fields": {"name": "drug_counselling"}}, {"model": "wazimap.dbtable", "pk": 58, "fields": {"name": "drug_use"}}, {"model": "wazimap.dbtable", "pk": 59, "fields": {"name": "drug_convictions"}}, {"model": "wazimap.dbtable", "pk": 60, "fields": {"name": "hdi_education"}}, {"model": "wazimap.dbtable", "pk": 61, "fields": {"name": "hiv_arvs"}}, {"model": "wazimap.dbtable", "pk": 62, "fields": {"name": "groundnut_production"}}, {"model": "wazimap.dbtable", "pk": 63, "fields": {"name": "unemployment_rate"}}, {"model": "wazimap.dbtable", "pk": 64, "fields": {"name": "under_employment_rate"}}, {"model": "wazimap.dbtable", "pk": 65, "fields": {"name": "labour_force"}}, {"model": "wazimap.dbtable", "pk": 66, "fields": {"name": "fertility_rate"}}, {"model": "wazimap.dbtable", "pk": 67, "fields": {"name": "employment_in_civil_services"}}, {"model": "wazimap.dbtable", "pk": 68, "fields": {"name": "population_sex"}}, {"model": "wazimap.dbtable", "pk": 69, "fields": {"name": "number_of_dentist_year_sex"}}, {"model": "wazimap.dbtable", "pk": 70, "fields": {"name": "number_of_doctors_year_sex"}}, {"model": "wazimap.dbtable", "pk": 71, "fields": {"name": "maternal_mortality"}}, {"model": "wazimap.dbtable", "pk": 72, "fields": {"name": "literacy"}}, {"model": "wazimap.dbtable", "pk": 73, "fields": {"name": "nominal_gdp"}}, {"model": "wazimap.dbtable", "pk": 74, "fields": {"name": "travel_certificates"}}, {"model": "wazimap.dbtable", "pk": 75, "fields": {"name": "faac_yearly"}}, {"model": "wazimap.dbtable", "pk": 76, "fields": {"name": "transport_bus_intercity_fare"}}, {"model": "wazimap.dbtable", "pk": 77, "fields": {"name": "transport_withincity_fare"}}, {"model": "wazimap.dbtable", "pk": 78, "fields": {"name": "transport_air_fare"}}, {"model": "wazimap.dbtable", "pk": 79, "fields": {"name": "transport_motorcycle_fare"}}, {"model": "wazimap.dbtable", "pk": 80, "fields": {"name": "petroleum_motor_spirit_price"}}, {"model": "wazimap.dbtable", "pk": 81, "fields": {"name": "generated_revenue"}}, {"model": "wazimap.dbtable", "pk": 82, "fields": {"name": "domestic_flights"}}, {"model": "wazimap.dbtable", "pk": 83, "fields": {"name": "international_flights"}}, {"model": "wazimap.dbtable", "pk": 84, "fields": {"name": "governor_deputy_governor"}}, {"model": "wazimap.dbtable", "pk": 85, "fields": {"name": "driver_licences_processed_gender"}}, {"model": "wazimap.dbtable", "pk": 86, "fields": {"name": "driver_licences_processed_age"}}, {"model": "wazimap.dbtable", "pk": 87, "fields": {"name": "local_govt_gender_dist"}}, {"model": "wazimap.dbtable", "pk": 88, "fields": {"name": "maize_production"}}, {"model": "wazimap.dbtable", "pk": 89, "fields": {"name": "marriage_distribution"}}, {"model": "wazimap.dbtable", "pk": 90, "fields": {"name": "prison_capacity"}}, {"model": "wazimap.dbtable", "pk": 91, "fields": {"name": "number_of_plates"}}, {"model": "wazimap.dbtable", "pk": 92, "fields": {"name": "youth_services_corp_dev"}}, {"model": "wazimap.dbtable", "pk": 93, "fields": {"name": "lpg_price_10kg"}}, {"model": "wazimap.dbtable", "pk": 94, "fields": {"name": "lpg_price_5kg"}}, {"model": "wazimap.fieldtable", "pk": 1, "fields": {"name": "EXTERNAL_DOMESTIC_DEBT", "universe": "NBS", "dataset": 2, "stat_type": "number", "description": "Population by year, debt_type", "fields": "[\"year\", \"debt_type\"]", "denominator_key": null, "has_total": true, "value_type": "Integer"}}, {"model": "wazimap.fieldtable", "pk": 2, "fields": {"name": "ARRESTED_SUSPECTS", "universe": "NBS", "dataset": 2, "stat_type": "number", "description": "NBS by year", "fields": "[\"year\"]", "denominator_key": null, "has_total": true, "value_type": "Integer"}}, {"model": "wazimap.fieldtable", "pk": 3, "fields": {"name": "DRUGS_SEIZED", "universe": "NBS", "dataset": 2, "stat_type": "number", "description": "NBS by year", "fields": "[\"year\"]", "denominator_key": null, "has_total": true, "value_type": "Float"}}, {"model": "wazimap.fieldtable", "pk": 4, "fields": {"name": "COUNSELLING_CONCLUDED", "universe": "NBS", "dataset": 2, "stat_type": "number", "description": "NBS by year", "fields": "[\"year\"]", "denominator_key": null, "has_total": true, "value_type": "Integer"}}, {"model": "wazimap.fieldtable", "pk": 5, "fields": {"name": "SUSPECTS_PROSECUTED", "universe": "NBS", "dataset": 2, "stat_type": "number", "description": "NBS by year", "fields": "[\"year\"]", "denominator_key": null, "has_total": true, "value_type": "Integer"}}, {"model": "wazimap.fieldtable", "pk": 6, "fields": {"name": "CONVICTION_SECURED", "universe": "NBS", "dataset": 2, "stat_type": "number", "description": "NBS by year", "fields": "[\"year\"]", "denominator_key": null, "has_total": true, "value_type": "Integer"}}, {"model": "wazimap.fieldtable", "pk": 7, "fields": {"name": "TELECOM_SUBSCRIPTION", "universe": "NBS", "dataset": 2, "stat_type": "number", "description": "NBS by period, subscription_type", "fields": "[\"period\", \"subscription_type\"]", "denominator_key": null, "has_total": true, "value_type": "Integer"}}, {"model": "wazimap.fieldtable", "pk": 8, "fields": {"name": "MINERAL_PRODUCTION", "universe": "NBS", "dataset": 2, "stat_type": "number", "description": "NBS by year", "fields": "[\"year\"]", "denominator_key": null, "has_total": true, "value_type": "Float"}}, {"model": "wazimap.fieldtable", "pk": 9, "fields": {"name": "MOBILE_SUBSCRIPTION", "universe": "NBS", "dataset": 2, "stat_type": "number", "description": "NBS by network, subscription_type", "fields": "[\"network\", \"subscription_type\"]", "denominator_key": null, "has_total": true, "value_type": "Integer"}}, {"model": "wazimap.fieldtable", "pk": 10, "fields": {"name": "HIV_PATIENTS", "universe": "NBS", "dataset": 2, "stat_type": "number", "description": "NBS by gender, year", "fields": "[\"gender\", \"year\"]", "denominator_key": null, "has_total": true, "value_type": "Integer"}}, {"model": "wazimap.fieldtable", "pk": 11, "fields": {"name": "FAAC", "universe": "FAAC Alllocation", "dataset": 7, "stat_type": "number", "description": "FAAC allocation", "fields": "[\"allocation\", \"month\"]", "denominator_key": null, "has_total": true, "value_type": "Float"}}, {"model": "wazimap.fieldtable", "pk": 12, "fields": {"name": "JAMB", "universe": "NBS", "dataset": 2, "stat_type": "number", "description": "NBS by year, gender", "fields": "[\"year\", \"gender\"]", "denominator_key": null, "has_total": true, "value_type": "Integer"}}, {"model": "wazimap.fieldtable", "pk": 13, "fields": {"name": "DIESEL_PRICE", "universe": "NBS", "dataset": 2, "stat_type": "number", "description": "NBS by month, year", "fields": "[\"month\", \"year\"]", "denominator_key": null, "has_total": true, "value_type": "Float"}}, {"model": "wazimap.fieldtable", "pk": 14, "fields": {"name": "PETROL_PRICE", "universe": "NBS", "dataset": 2, "stat_type": "number", "description": "NBS by month, year", "fields": "[\"month\", \"year\"]", "denominator_key": null, "has_total": true, "value_type": "Float"}}, {"model": "wazimap.fieldtable", "pk": 15, "fields": {"name": "ACCESS_TO_WASH", "universe": "Health, 2018", "dataset": 3, "stat_type": "number", "description": "Health, 2018 by access_to_wash", "fields": "[\"access_to_wash\"]", "denominator_key": null, "has_total": true, "value_type": "Float"}}, {"model": "wazimap.fieldtable", "pk": 16, "fields": {"name": "COMPILED_INDECES", "universe": "Demographics 2018", "dataset": 4, "stat_type": "number", "description": "Demographics 2018 by compiled_indeces", "fields": "[\"compiled_indeces\"]", "denominator_key": null, "has_total": true, "value_type": "Float"}}, {"model": "wazimap.fieldtable", "pk": 17, "fields": {"name": "ADOLESCENT_FERTILITY", "universe": "Health, 2018", "dataset": 3, "stat_type": "number", "description": "Health, 2018 by adolescent_fertility_year", "fields": "[\"adolescent_fertility_year\"]", "denominator_key": null, "has_total": true, "value_type": "Integer"}}, {"model": "wazimap.fieldtable", "pk": 18, "fields": {"name": "AIR_TRANSPORTATION_DOMESTIC", "universe": "Transportation 2018", "dataset": 5, "stat_type": "number", "description": "Transportation 2018 by name, month, departure_arrival", "fields": "[\"name\", \"month\", \"depature_arrival\"]", "denominator_key": null, "has_total": true, "value_type": "Integer"}}, {"model": "wazimap.fieldtable", "pk": 19, "fields": {"name": "AIR_TRANSPORTATION_INTERNATIONAL", "universe": "Transportation, 2018", "dataset": 5, "stat_type": "number", "description": "Transportation, 2018 by name, month, depature_arrival", "fields": "[\"name\", \"month\", \"depature_arrival\"]", "denominator_key": null, "has_total": true, "value_type": "Integer"}}, {"model": "wazimap.fieldtable", "pk": 20, "fields": {"name": "AVG_NUMBER_BRIBES", "universe": "Crime, 2018", "dataset": 6, "stat_type": "number", "description": "Crime, 2018 by year", "fields": "[\"year\"]", "denominator_key": null, "has_total": true, "value_type": "Integer"}}, {"model": "wazimap.fieldtable", "pk": 21, "fields": {"name": "BANK_CREDIT", "universe": "Finances", "dataset": 7, "stat_type": "number", "description": "Finances by credit_year", "fields": "[\"credit_year\"]", "denominator_key": null, "has_total": true, "value_type": "Float"}}, {"model": "wazimap.fieldtable", "pk": 22, "fields": {"name": "BANK_DEPOSIT", "universe": "Finances", "dataset": 7, "stat_type": "number", "description": "Finances by deposit_year", "fields": "[\"deposit_year\"]", "denominator_key": null, "has_total": true, "value_type": "Float"}}, {"model": "wazimap.fieldtable", "pk": 23, "fields": {"name": "BIRTH_REGISTRATION", "universe": "Birth Registration", "dataset": 4, "stat_type": "number", "description": "Birth Registration by age", "fields": "[\"age\"]", "denominator_key": null, "has_total": true, "value_type": "Float"}}, {"model": "wazimap.fieldtable", "pk": 24, "fields": {"name": "BRIBERY_PREVALENCE", "universe": "Bribery Prevalence", "dataset": 6, "stat_type": "number", "description": "Bribery Prevalence by year", "fields": "[\"year\"]", "denominator_key": null, "has_total": true, "value_type": "Float"}}, {"model": "wazimap.fieldtable", "pk": 25, "fields": {"name": "CASES_OF_CORRUPTION", "universe": "Corruption", "dataset": 6, "stat_type": "number", "description": "Corruption by year", "fields": "[\"year\"]", "denominator_key": null, "has_total": true, "value_type": "Integer"}}, {"model": "wazimap.fieldtable", "pk": 26, "fields": {"name": "CONSUMER_PRICE_INDEX", "universe": "Consumer Price Index", "dataset": 8, "stat_type": "number", "description": "Consumer Price Index by year, month, item", "fields": "[\"year\", \"month\", \"item\"]", "denominator_key": null, "has_total": true, "value_type": "Float"}}, {"model": "wazimap.fieldtable", "pk": 27, "fields": {"name": "DIESEL_YEARLY", "universe": "Automotive Gas Oil(Diesel", "dataset": 5, "stat_type": "number", "description": "Automotive Gas Oil(Diesel by diseal_year", "fields": "[\"diesel_year\"]", "denominator_key": null, "has_total": true, "value_type": "Float"}}, {"model": "wazimap.fieldtable", "pk": 28, "fields": {"name": "CONTRACEPTIVE_USE", "universe": "Contraceptive", "dataset": 3, "stat_type": "number", "description": "Contraceptive by contraceptive_method", "fields": "[\"contraceptive_method\"]", "denominator_key": null, "has_total": true, "value_type": "Float"}}, {"model": "wazimap.fieldtable", "pk": 29, "fields": {"name": "SENIOR_SECONDARY_SCHOOL_ENROLLMENT", "universe": "Senior Secondary School", "dataset": 9, "stat_type": "number", "description": "Senior Secondary School by gender, year", "fields": "[\"gender\", \"year\"]", "denominator_key": null, "has_total": true, "value_type": "Integer"}}, {"model": "wazimap.fieldtable", "pk": 30, "fields": {"name": "JUNIOR_SECONDARY_SCHOOL_ENROLLMENT", "universe": "Junior Secondary School Enrollment", "dataset": 9, "stat_type": "number", "description": "Junior Secondary School Enrollement by gender, year", "fields": "[\"gender\", \"year\"]", "denominator_key": null, "has_total": true, "value_type": "Integer"}}, {"model": "wazimap.fieldtable", "pk": 31, "fields": {"name": "TECHNICAL_SCHOOL", "universe": "Technical school", "dataset": 9, "stat_type": "number", "description": "Technical school by year", "fields": "[\"year\"]", "denominator_key": null, "has_total": true, "value_type": "Integer"}}, {"model": "wazimap.fieldtable", "pk": 32, "fields": {"name": "BRIBERY_REPORT_RATE", "universe": "Bribery Report Rate", "dataset": 6, "stat_type": "number", "description": "Bribery Report Rate by status", "fields": "[\"status\"]", "denominator_key": null, "has_total": true, "value_type": "Float"}}, {"model": "wazimap.fieldtable", "pk": 33, "fields": {"name": "OFFENCES_AGAINST_AUTHORITY", "universe": "Offences against lawful authority", "dataset": 6, "stat_type": "number", "description": "Offences against lawful authority by crime", "fields": "[\"crime\"]", "denominator_key": null, "has_total": true, "value_type": "Integer"}}, {"model": "wazimap.fieldtable", "pk": 34, "fields": {"name": "OFFENCES_AGAINST_PERSON", "universe": "Offences against person", "dataset": 6, "stat_type": "number", "description": "Offences against person by offences_against_person", "fields": "[\"crime\"]", "denominator_key": null, "has_total": true, "value_type": "Integer"}}, {"model": "wazimap.fieldtable", "pk": 35, "fields": {"name": "OFFENCES_AGAINST_PROPERTY", "universe": "Offences against property", "dataset": 6, "stat_type": "number", "description": "Offenses against property by crime", "fields": "[\"crime\"]", "denominator_key": null, "has_total": true, "value_type": "Integer"}}, {"model": "wazimap.fieldtable", "pk": 36, "fields": {"name": "VACCINE_COVERAGE", "universe": "Vaccine", "dataset": 3, "stat_type": "number", "description": "Vaccine by vaccine", "fields": "[\"vaccine\"]", "denominator_key": null, "has_total": true, "value_type": "Float"}}, {"model": "wazimap.fieldtable", "pk": 37, "fields": {"name": "CRIME_SUMMARY", "universe": "Summary of Crime", "dataset": 6, "stat_type": "number", "description": "Summary of Crime by crime", "fields": "[\"crime\"]", "denominator_key": null, "has_total": true, "value_type": "Integer"}}, {"model": "wazimap.fieldtable", "pk": 38, "fields": {"name": "ROAD_TRAFFIC_ACCIDENTS", "universe": "Accidents", "dataset": 3, "stat_type": "number", "description": "Accidents by year, gender", "fields": "[\"year\", \"gender\"]", "denominator_key": null, "has_total": true, "value_type": "Integer"}}, {"model": "wazimap.fieldtable", "pk": 39, "fields": {"name": "UNDERWEIGHT_CHILDREN", "universe": "Underweight Children", "dataset": 3, "stat_type": "number", "description": "Underweight Children by state", "fields": "[\"state\"]", "denominator_key": null, "has_total": true, "value_type": "Float"}}, {"model": "wazimap.fieldtable", "pk": 40, "fields": {"name": "IMMUNIZATION_COVERAGE", "universe": "Immunization Coverage", "dataset": 3, "stat_type": "number", "description": "Immunization Coverage by immunization, method", "fields": "[\"immunization\", \"method\"]", "denominator_key": null, "has_total": true, "value_type": "Float"}}, {"model": "wazimap.fieldtable", "pk": 41, "fields": {"name": "PRISON_POPULATION", "universe": "Prison Inmate Population", "dataset": 4, "stat_type": "number", "description": "Prison Inmate Population by year, gender", "fields": "[\"year\", \"gender\"]", "denominator_key": null, "has_total": true, "value_type": "Integer"}}, {"model": "wazimap.fieldtable", "pk": 42, "fields": {"name": "OFFICER_HOUSE_ASSEMBLY", "universe": "House of Assembly", "dataset": 2, "stat_type": "number", "description": "House of Assembly by position, gender", "fields": "[\"position\", \"gender\"]", "denominator_key": null, "has_total": true, "value_type": "Integer"}}, {"model": "wazimap.fieldtable", "pk": 43, "fields": {"name": "PRIMARY_SCHOOL_ENROLLMENT", "universe": "Primary Education", "dataset": 9, "stat_type": "number", "description": "Primary Education by gender, year", "fields": "[\"gender\", \"year\"]", "denominator_key": null, "has_total": true, "value_type": "Integer"}}, {"model": "wazimap.fieldtable", "pk": 44, "fields": {"name": "POSTAL_DATA", "universe": "Postal Data", "dataset": 2, "stat_type": "number", "description": "Postal Data by year", "fields": "[\"year\"]", "denominator_key": null, "has_total": true, "value_type": "Integer"}}, {"model": "wazimap.fieldtable", "pk": 45, "fields": {"name": "POPULATION_PROJECTION", "universe": "Population Projections", "dataset": 4, "stat_type": "number", "description": "Population Projections by gender, year", "fields": "[\"gender\", \"year\"]", "denominator_key": null, "has_total": true, "value_type": "Integer"}}, {"model": "wazimap.fieldtable", "pk": 46, "fields": {"name": "PASSPORT_APPLICATION", "universe": "Passport Application", "dataset": 2, "stat_type": "number", "description": "Passport Application by year, age_group", "fields": "[\"year\", \"age_group\"]", "denominator_key": null, "has_total": true, "value_type": "Integer"}}, {"model": "wazimap.fieldtable", "pk": 47, "fields": {"name": "PASSPORT_ISSUED", "universe": "Passport issued", "dataset": 12, "stat_type": "number", "description": "Passport issued by year", "fields": "[\"year\"]", "denominator_key": null, "has_total": true, "value_type": "Integer"}}, {"model": "wazimap.fieldtable", "pk": 48, "fields": {"name": "PASSPORT_RE_ISSUED", "universe": "Passport Re-issued", "dataset": 12, "stat_type": "number", "description": "Passport Re-issued by month", "fields": "[\"month\"]", "denominator_key": null, "has_total": true, "value_type": "Integer"}}, {"model": "wazimap.fieldtable", "pk": 49, "fields": {"name": "DRIVER_LICENCES_PROCESSED", "universe": "Driving Licences Processed", "dataset": 5, "stat_type": "number", "description": "Driving Licences Processed by year", "fields": "[\"year\"]", "denominator_key": null, "has_total": true, "value_type": "Integer"}}, {"model": "wazimap.fieldtable", "pk": 50, "fields": {"name": "DRUG_ARRESTS", "universe": "Arrests due to Drugs", "dataset": 2, "stat_type": "number", "description": "Arrests due to Drugs by gender", "fields": "[\"gender\"]", "denominator_key": null, "has_total": true, "value_type": "Integer"}}, {"model": "wazimap.fieldtable", "pk": 51, "fields": {"name": "DRUG_COUNSELLING", "universe": "Drug Counselling", "dataset": 2, "stat_type": "number", "description": "Drug Counselling by gender", "fields": "[\"gender\"]", "denominator_key": null, "has_total": true, "value_type": "Integer"}}, {"model": "wazimap.fieldtable", "pk": 52, "fields": {"name": "DRUG_USE", "universe": "Drug Use", "dataset": 2, "stat_type": "number", "description": "Drug Use by drug", "fields": "[\"drug\"]", "denominator_key": null, "has_total": true, "value_type": "Float"}}, {"model": "wazimap.fieldtable", "pk": 53, "fields": {"name": "DRUG_CONVICTIONS", "universe": "Drug Convictions", "dataset": 2, "stat_type": "number", "description": "Drug Convictions by gender", "fields": "[\"gender\"]", "denominator_key": null, "has_total": true, "value_type": "Integer"}}, {"model": "wazimap.fieldtable", "pk": 54, "fields": {"name": "HDI_EDUCATION", "universe": "HDI Education Index", "dataset": 2, "stat_type": "number", "description": "HDI Education Index by year", "fields": "[\"year\"]", "denominator_key": null, "has_total": true, "value_type": "Float"}}, {"model": "wazimap.fieldtable", "pk": 55, "fields": {"name": "HIV_ARVS", "universe": "HIV Patients", "dataset": 2, "stat_type": "number", "description": "HIV Patients by year, gender", "fields": "[\"year\", \"gender\"]", "denominator_key": null, "has_total": true, "value_type": "Integer"}}, {"model": "wazimap.fieldtable", "pk": 56, "fields": {"name": "GROUNDNUT_PRODUCTION", "universe": "Groundnut Production", "dataset": 8, "stat_type": "number", "description": "Groundnut Production by year", "fields": "[\"year\"]", "denominator_key": null, "has_total": true, "value_type": "Integer"}}, {"model": "wazimap.fieldtable", "pk": 57, "fields": {"name": "UNEMPLOYMENT_RATE", "universe": "Labour Force", "dataset": 2, "stat_type": "number", "description": "Labour Force by year, period", "fields": "[\"year\", \"period\"]", "denominator_key": null, "has_total": true, "value_type": "Float"}}, {"model": "wazimap.fieldtable", "pk": 58, "fields": {"name": "UNDER_EMPLOYMENT_RATE", "universe": "Labour Force", "dataset": 2, "stat_type": "number", "description": "Labour Force by year, period", "fields": "[\"year\", \"period\"]", "denominator_key": null, "has_total": true, "value_type": "Float"}}, {"model": "wazimap.fieldtable", "pk": 59, "fields": {"name": "LABOUR_FORCE", "universe": "labour force", "dataset": 2, "stat_type": "number", "description": "labour force by year, period", "fields": "[\"year\", \"period\"]", "denominator_key": null, "has_total": true, "value_type": "Integer"}}, {"model": "wazimap.fieldtable", "pk": 60, "fields": {"name": "FERTILITY_RATE", "universe": "Fertility Rate", "dataset": 2, "stat_type": "number", "description": "Fertility Rate by year", "fields": "[\"year\"]", "denominator_key": null, "has_total": true, "value_type": "Float"}}, {"model": "wazimap.fieldtable", "pk": 61, "fields": {"name": "EMPLOYMENT_IN_CIVIL_SERVICES", "universe": "Employment", "dataset": 2, "stat_type": "number", "description": "Employment by level, gender", "fields": "[\"level\", \"gender\"]", "denominator_key": null, "has_total": true, "value_type": "Integer"}}, {"model": "wazimap.fieldtable", "pk": 62, "fields": {"name": "POPULATION_SEX", "universe": "Population", "dataset": 2, "stat_type": "number", "description": "Population by population_sex", "fields": "[\"population_sex\"]", "denominator_key": null, "has_total": true, "value_type": "Integer"}}, {"model": "wazimap.fieldtable", "pk": 63, "fields": {"name": "NUMBER_OF_DENTIST_YEAR_SEX", "universe": "Number of Dentists", "dataset": 2, "stat_type": "number", "description": "Number of Dentists by number_of_dentist_sex, number_of_dentist_year", "fields": "[\"number_of_dentist_sex\", \"number_of_dentist_year\"]", "denominator_key": null, "has_total": true, "value_type": "Integer"}}, {"model": "wazimap.fieldtable", "pk": 64, "fields": {"name": "NUMBER_OF_DOCTORS_YEAR_SEX", "universe": "Number of Doctors", "dataset": 2, "stat_type": "number", "description": "Number of Doctors by number_of_doctors_sex, number_of_doctors_year", "fields": "[\"number_of_doctors_sex\", \"number_of_doctors_year\"]", "denominator_key": null, "has_total": true, "value_type": "Integer"}}, {"model": "wazimap.fieldtable", "pk": 65, "fields": {"name": "MATERNAL_MORTALITY", "universe": "Maternal Mortality", "dataset": 2, "stat_type": "number", "description": "Maternal Mortality by year", "fields": "[\"year\"]", "denominator_key": null, "has_total": true, "value_type": "Float"}}, {"model": "wazimap.fieldtable", "pk": 66, "fields": {"name": "LITERACY", "universe": "Literacy Rate", "dataset": 2, "stat_type": "number", "description": "Literacy Rate by gender", "fields": "[\"gender\"]", "denominator_key": null, "has_total": true, "value_type": "Float"}}, {"model": "wazimap.fieldtable", "pk": 67, "fields": {"name": "NOMINAL_GDP", "universe": "GDP", "dataset": 2, "stat_type": "number", "description": "GDP by year, sector", "fields": "[\"year\", \"sector\"]", "denominator_key": null, "has_total": true, "value_type": "Float"}}, {"model": "wazimap.fieldtable", "pk": 68, "fields": {"name": "TRAVEL_CERTIFICATES", "universe": "Travel Certificates", "dataset": 11, "stat_type": "number", "description": "Travel Certificates issued by ECOWAS", "fields": "[\"year\"]", "denominator_key": null, "has_total": true, "value_type": "Integer"}}, {"model": "wazimap.fieldtable", "pk": 69, "fields": {"name": "FAAC_YEARLY", "universe": "FAAC Alllocation yearly", "dataset": 7, "stat_type": "number", "description": "FAAC Alllocation yearly by year, month", "fields": "[\"year\", \"month\"]", "denominator_key": null, "has_total": true, "value_type": "Float"}}, {"model": "wazimap.fieldtable", "pk": 70, "fields": {"name": "TRANSPORT_BUS_INTERCITY_FARE", "universe": "Bus transport fare", "dataset": 5, "stat_type": "number", "description": "Bus transport fare by month, year", "fields": "[\"month\", \"year\"]", "denominator_key": null, "has_total": true, "value_type": "Float"}}, {"model": "wazimap.fieldtable", "pk": 71, "fields": {"name": "TRANSPORT_WITHINCITY_FARE", "universe": "Bus transport fare", "dataset": 5, "stat_type": "number", "description": "Bus transport fare by month, year", "fields": "[\"month\", \"year\"]", "denominator_key": null, "has_total": true, "value_type": "Float"}}, {"model": "wazimap.fieldtable", "pk": 72, "fields": {"name": "TRANSPORT_AIR_FARE", "universe": "Air Transport Fare", "dataset": 5, "stat_type": "number", "description": "Air Transport Fare by month, year", "fields": "[\"month\", \"year\"]", "denominator_key": null, "has_total": true, "value_type": "Float"}}, {"model": "wazimap.fieldtable", "pk": 73, "fields": {"name": "TRANSPORT_MOTORCYCLE_FARE", "universe": "Motorcycle transport fare", "dataset": 5, "stat_type": "number", "description": "Motorcycle transport fare by month, year", "fields": "[\"month\", \"year\"]", "denominator_key": null, "has_total": true, "value_type": "Float"}}, {"model": "wazimap.fieldtable", "pk": 74, "fields": {"name": "PETROLEUM_MOTOR_SPIRIT_PRICE", "universe": "Motor spirit price", "dataset": 5, "stat_type": "number", "description": "Motor spirit price by month, year", "fields": "[\"month\", \"year\"]", "denominator_key": null, "has_total": true, "value_type": "Float"}}, {"model": "wazimap.fieldtable", "pk": 75, "fields": {"name": "GENERATED_REVENUE", "universe": "Revenue Generated", "dataset": 7, "stat_type": "number", "description": "Revenue Generated by revenue_type", "fields": "[\"revenue_type\"]", "denominator_key": null, "has_total": true, "value_type": "Float"}}, {"model": "wazimap.fieldtable", "pk": 76, "fields": {"name": "DOMESTIC_FLIGHTS", "universe": "Domestic Flight", "dataset": 5, "stat_type": "number", "description": "Number of domestic flights", "fields": "[\"flight\"]", "denominator_key": null, "has_total": true, "value_type": "Integer"}}, {"model": "wazimap.fieldtable", "pk": 77, "fields": {"name": "INTERNATIONAL_FLIGHTS", "universe": "International Flights", "dataset": 5, "stat_type": "number", "description": "Number of international flights", "fields": "[\"flight\"]", "denominator_key": null, "has_total": true, "value_type": "Integer"}}, {"model": "wazimap.fieldtable", "pk": 78, "fields": {"name": "GOVERNOR_DEPUTY_GOVERNOR", "universe": "Governor & Deputy Governor", "dataset": 4, "stat_type": "number", "description": "Governor & Deputy Governor by position, gender", "fields": "[\"position\", \"gender\"]", "denominator_key": null, "has_total": true, "value_type": "Integer"}}, {"model": "wazimap.fieldtable", "pk": 79, "fields": {"name": "DRIVER_LICENCES_PROCESSED_GENDER", "universe": "Driving Licences Processed", "dataset": 5, "stat_type": "number", "description": "Driving Licences Processed by year, gender", "fields": "[\"year\", \"gender\"]", "denominator_key": null, "has_total": true, "value_type": "Integer"}}, {"model": "wazimap.fieldtable", "pk": 80, "fields": {"name": "DRIVER_LICENCES_PROCESSED_AGE", "universe": "Driving Licences Processed", "dataset": 5, "stat_type": "number", "description": "Driving Licences Processed by year, age_group", "fields": "[\"year\", \"age_group\"]", "denominator_key": null, "has_total": true, "value_type": "Integer"}}, {"model": "wazimap.fieldtable", "pk": 81, "fields": {"name": "LOCAL_GOVT_GENDER_DIST", "universe": "Distribution of local government position", "dataset": 4, "stat_type": "number", "description": "Distribution of local government position by position, gender", "fields": "[\"position\", \"gender\"]", "denominator_key": null, "has_total": true, "value_type": "Integer"}}, {"model": "wazimap.fieldtable", "pk": 82, "fields": {"name": "MAIZE_PRODUCTION", "universe": "Maize Production", "dataset": 8, "stat_type": "number", "description": "Maize Production by year", "fields": "[\"year\"]", "denominator_key": null, "has_total": true, "value_type": "Integer"}}, {"model": "wazimap.fieldtable", "pk": 83, "fields": {"name": "MARRIAGE_DISTRIBUTION", "universe": "Marriage Distribution", "dataset": 4, "stat_type": "number", "description": "Marriage Distribution by year", "fields": "[\"year\"]", "denominator_key": null, "has_total": true, "value_type": "Integer"}}, {"model": "wazimap.fieldtable", "pk": 84, "fields": {"name": "PRISON_CAPACITY", "universe": "Prison Capacity", "dataset": 6, "stat_type": "number", "description": "Prison Capacity by year", "fields": "[\"year\"]", "denominator_key": null, "has_total": true, "value_type": "Integer"}}, {"model": "wazimap.fieldtable", "pk": 85, "fields": {"name": "NUMBER_OF_PLATES", "universe": "Number of plates produced", "dataset": 5, "stat_type": "number", "description": "Number of plates produced by year, vehicle_type", "fields": "[\"year\", \"vehicle_type\"]", "denominator_key": null, "has_total": true, "value_type": "Integer"}}, {"model": "wazimap.fieldtable", "pk": 86, "fields": {"name": "YOUTH_SERVICES_CORP_DEV", "universe": "Corp Deployment", "dataset": 11, "stat_type": "number", "description": "Corp Deployment by year, gender", "fields": "[\"year\", \"gender\"]", "denominator_key": null, "has_total": true, "value_type": "Integer"}}, {"model": "wazimap.fieldtable", "pk": 87, "fields": {"name": "LPG_PRICE_10KG", "universe": "LPG Price Watch", "dataset": 11, "stat_type": "number", "description": "LPG Price Watch by month, year", "fields": "[\"month\", \"year\"]", "denominator_key": null, "has_total": true, "value_type": "Float"}}, {"model": "wazimap.fieldtable", "pk": 88, "fields": {"name": "LPG_PRICE_5KG", "universe": "LPG Price Watch", "dataset": 11, "stat_type": "number", "description": "LPG Price Watch by month, year", "fields": "[\"month\", \"year\"]", "denominator_key": null, "has_total": true, "value_type": "Float"}}, {"model": "wazimap.fieldtablerelease", "pk": 1, "fields": {"data_table": 1, "db_table": 1, "release": 3}}, {"model": "wazimap.fieldtablerelease", "pk": 2, "fields": {"data_table": 2, "db_table": 2, "release": 2}}, {"model": "wazimap.fieldtablerelease", "pk": 3, "fields": {"data_table": 3, "db_table": 3, "release": 2}}, {"model": "wazimap.fieldtablerelease", "pk": 4, "fields": {"data_table": 4, "db_table": 5, "release": 2}}, {"model": "wazimap.fieldtablerelease", "pk": 5, "fields": {"data_table": 5, "db_table": 4, "release": 2}}, {"model": "wazimap.fieldtablerelease", "pk": 6, "fields": {"data_table": 6, "db_table": 6, "release": 2}}, {"model": "wazimap.fieldtablerelease", "pk": 7, "fields": {"data_table": 7, "db_table": 8, "release": 3}}, {"model": "wazimap.fieldtablerelease", "pk": 8, "fields": {"data_table": 8, "db_table": 7, "release": 3}}, {"model": "wazimap.fieldtablerelease", "pk": 9, "fields": {"data_table": 9, "db_table": 9, "release": 3}}, {"model": "wazimap.fieldtablerelease", "pk": 10, "fields": {"data_table": 10, "db_table": 12, "release": 3}}, {"model": "wazimap.fieldtablerelease", "pk": 11, "fields": {"data_table": 11, "db_table": 11, "release": 8}}, {"model": "wazimap.fieldtablerelease", "pk": 12, "fields": {"data_table": 12, "db_table": 10, "release": 3}}, {"model": "wazimap.fieldtablerelease", "pk": 13, "fields": {"data_table": 13, "db_table": 13, "release": 3}}, {"model": "wazimap.fieldtablerelease", "pk": 14, "fields": {"data_table": 14, "db_table": 14, "release": 3}}, {"model": "wazimap.fieldtablerelease", "pk": 15, "fields": {"data_table": 15, "db_table": 15, "release": 4}}, {"model": "wazimap.fieldtablerelease", "pk": 16, "fields": {"data_table": 16, "db_table": 16, "release": 5}}, {"model": "wazimap.fieldtablerelease", "pk": 17, "fields": {"data_table": 17, "db_table": 17, "release": 4}}, {"model": "wazimap.fieldtablerelease", "pk": 18, "fields": {"data_table": 18, "db_table": 18, "release": 6}}, {"model": "wazimap.fieldtablerelease", "pk": 19, "fields": {"data_table": 19, "db_table": 19, "release": 6}}, {"model": "wazimap.fieldtablerelease", "pk": 20, "fields": {"data_table": 20, "db_table": 20, "release": 7}}, {"model": "wazimap.fieldtablerelease", "pk": 21, "fields": {"data_table": 21, "db_table": 21, "release": 8}}, {"model": "wazimap.fieldtablerelease", "pk": 22, "fields": {"data_table": 22, "db_table": 22, "release": 8}}, {"model": "wazimap.fieldtablerelease", "pk": 23, "fields": {"data_table": 23, "db_table": 23, "release": 5}}, {"model": "wazimap.fieldtablerelease", "pk": 24, "fields": {"data_table": 24, "db_table": 24, "release": 7}}, {"model": "wazimap.fieldtablerelease", "pk": 25, "fields": {"data_table": 25, "db_table": 25, "release": 7}}, {"model": "wazimap.fieldtablerelease", "pk": 26, "fields": {"data_table": 26, "db_table": 26, "release": 9}}, {"model": "wazimap.fieldtablerelease", "pk": 27, "fields": {"data_table": 27, "db_table": 28, "release": 6}}, {"model": "wazimap.fieldtablerelease", "pk": 28, "fields": {"data_table": 28, "db_table": 29, "release": 4}}, {"model": "wazimap.fieldtablerelease", "pk": 29, "fields": {"data_table": 29, "db_table": 34, "release": 10}}, {"model": "wazimap.fieldtablerelease", "pk": 30, "fields": {"data_table": 30, "db_table": 33, "release": 10}}, {"model": "wazimap.fieldtablerelease", "pk": 31, "fields": {"data_table": 31, "db_table": 32, "release": 10}}, {"model": "wazimap.fieldtablerelease", "pk": 32, "fields": {"data_table": 32, "db_table": 35, "release": 7}}, {"model": "wazimap.fieldtablerelease", "pk": 33, "fields": {"data_table": 33, "db_table": 39, "release": 7}}, {"model": "wazimap.fieldtablerelease", "pk": 34, "fields": {"data_table": 34, "db_table": 40, "release": 7}}, {"model": "wazimap.fieldtablerelease", "pk": 35, "fields": {"data_table": 35, "db_table": 41, "release": 7}}, {"model": "wazimap.fieldtablerelease", "pk": 36, "fields": {"data_table": 36, "db_table": 42, "release": 4}}, {"model": "wazimap.fieldtablerelease", "pk": 37, "fields": {"data_table": 37, "db_table": 43, "release": 7}}, {"model": "wazimap.fieldtablerelease", "pk": 38, "fields": {"data_table": 38, "db_table": 44, "release": 4}}, {"model": "wazimap.fieldtablerelease", "pk": 39, "fields": {"data_table": 39, "db_table": 45, "release": 4}}, {"model": "wazimap.fieldtablerelease", "pk": 40, "fields": {"data_table": 40, "db_table": 46, "release": 4}}, {"model": "wazimap.fieldtablerelease", "pk": 41, "fields": {"data_table": 41, "db_table": 47, "release": 5}}, {"model": "wazimap.fieldtablerelease", "pk": 42, "fields": {"data_table": 42, "db_table": 48, "release": 3}}, {"model": "wazimap.fieldtablerelease", "pk": 43, "fields": {"data_table": 43, "db_table": 49, "release": 10}}, {"model": "wazimap.fieldtablerelease", "pk": 44, "fields": {"data_table": 44, "db_table": 50, "release": 3}}, {"model": "wazimap.fieldtablerelease", "pk": 45, "fields": {"data_table": 45, "db_table": 51, "release": 5}}, {"model": "wazimap.fieldtablerelease", "pk": 46, "fields": {"data_table": 46, "db_table": 52, "release": 3}}, {"model": "wazimap.fieldtablerelease", "pk": 47, "fields": {"data_table": 47, "db_table": 53, "release": 13}}, {"model": "wazimap.fieldtablerelease", "pk": 48, "fields": {"data_table": 48, "db_table": 54, "release": 13}}, {"model": "wazimap.fieldtablerelease", "pk": 49, "fields": {"data_table": 49, "db_table": 55, "release": 6}}, {"model": "wazimap.fieldtablerelease", "pk": 50, "fields": {"data_table": 50, "db_table": 56, "release": 3}}, {"model": "wazimap.fieldtablerelease", "pk": 51, "fields": {"data_table": 51, "db_table": 57, "release": 3}}, {"model": "wazimap.fieldtablerelease", "pk": 52, "fields": {"data_table": 52, "db_table": 58, "release": 3}}, {"model": "wazimap.fieldtablerelease", "pk": 53, "fields": {"data_table": 53, "db_table": 59, "release": 3}}, {"model": "wazimap.fieldtablerelease", "pk": 54, "fields": {"data_table": 54, "db_table": 60, "release": 2}}, {"model": "wazimap.fieldtablerelease", "pk": 55, "fields": {"data_table": 55, "db_table": 61, "release": 3}}, {"model": "wazimap.fieldtablerelease", "pk": 56, "fields": {"data_table": 56, "db_table": 62, "release": 9}}, {"model": "wazimap.fieldtablerelease", "pk": 57, "fields": {"data_table": 57, "db_table": 63, "release": 3}}, {"model": "wazimap.fieldtablerelease", "pk": 58, "fields": {"data_table": 58, "db_table": 64, "release": 3}}, {"model": "wazimap.fieldtablerelease", "pk": 59, "fields": {"data_table": 59, "db_table": 65, "release": 3}}, {"model": "wazimap.fieldtablerelease", "pk": 60, "fields": {"data_table": 60, "db_table": 66, "release": 3}}, {"model": "wazimap.fieldtablerelease", "pk": 61, "fields": {"data_table": 61, "db_table": 67, "release": 3}}, {"model": "wazimap.fieldtablerelease", "pk": 62, "fields": {"data_table": 62, "db_table": 68, "release": 3}}, {"model": "wazimap.fieldtablerelease", "pk": 63, "fields": {"data_table": 63, "db_table": 69, "release": 3}}, {"model": "wazimap.fieldtablerelease", "pk": 64, "fields": {"data_table": 64, "db_table": 70, "release": 3}}, {"model": "wazimap.fieldtablerelease", "pk": 65, "fields": {"data_table": 65, "db_table": 71, "release": 3}}, {"model": "wazimap.fieldtablerelease", "pk": 66, "fields": {"data_table": 66, "db_table": 72, "release": 3}}, {"model": "wazimap.fieldtablerelease", "pk": 67, "fields": {"data_table": 67, "db_table": 73, "release": 3}}, {"model": "wazimap.fieldtablerelease", "pk": 68, "fields": {"data_table": 68, "db_table": 74, "release": 13}}, {"model": "wazimap.fieldtablerelease", "pk": 69, "fields": {"data_table": 69, "db_table": 75, "release": 8}}, {"model": "wazimap.fieldtablerelease", "pk": 70, "fields": {"data_table": 70, "db_table": 76, "release": 6}}, {"model": "wazimap.fieldtablerelease", "pk": 71, "fields": {"data_table": 71, "db_table": 77, "release": 6}}, {"model": "wazimap.fieldtablerelease", "pk": 72, "fields": {"data_table": 72, "db_table": 78, "release": 6}}, {"model": "wazimap.fieldtablerelease", "pk": 73, "fields": {"data_table": 73, "db_table": 79, "release": 6}}, {"model": "wazimap.fieldtablerelease", "pk": 74, "fields": {"data_table": 74, "db_table": 80, "release": 6}}, {"model": "wazimap.fieldtablerelease", "pk": 75, "fields": {"data_table": 75, "db_table": 81, "release": 8}}, {"model": "wazimap.fieldtablerelease", "pk": 76, "fields": {"data_table": 76, "db_table": 82, "release": 6}}, {"model": "wazimap.fieldtablerelease", "pk": 77, "fields": {"data_table": 77, "db_table": 83, "release": 6}}, {"model": "wazimap.fieldtablerelease", "pk": 78, "fields": {"data_table": 78, "db_table": 84, "release": 5}}, {"model": "wazimap.fieldtablerelease", "pk": 79, "fields": {"data_table": 79, "db_table": 85, "release": 6}}, {"model": "wazimap.fieldtablerelease", "pk": 80, "fields": {"data_table": 80, "db_table": 86, "release": 6}}, {"model": "wazimap.fieldtablerelease", "pk": 81, "fields": {"data_table": 81, "db_table": 87, "release": 5}}, {"model": "wazimap.fieldtablerelease", "pk": 82, "fields": {"data_table": 82, "db_table": 88, "release": 9}}, {"model": "wazimap.fieldtablerelease", "pk": 83, "fields": {"data_table": 83, "db_table": 89, "release": 5}}, {"model": "wazimap.fieldtablerelease", "pk": 84, "fields": {"data_table": 84, "db_table": 90, "release": 7}}, {"model": "wazimap.fieldtablerelease", "pk": 85, "fields": {"data_table": 85, "db_table": 91, "release": 6}}, {"model": "wazimap.fieldtablerelease", "pk": 86, "fields": {"data_table": 86, "db_table": 92, "release": 12}}, {"model": "wazimap.fieldtablerelease", "pk": 87, "fields": {"data_table": 87, "db_table": 93, "release": 12}}, {"model": "wazimap.fieldtablerelease", "pk": 88, "fields": {"data_table": 88, "db_table": 94, "release": 12}}]