[{"model": "contenttypes.contenttype", "pk": 1, "fields": {"app_label": "wagtailcore", "model": "page"}}, {"model": "contenttypes.contenttype", "pk": 2, "fields": {"app_label": "wagtailimages", "model": "image"}}, {"model": "contenttypes.contenttype", "pk": 3, "fields": {"app_label": "wagtailadmin", "model": "admin"}}, {"model": "contenttypes.contenttype", "pk": 4, "fields": {"app_label": "wagtaildocs", "model": "document"}}, {"model": "contenttypes.contenttype", "pk": 5, "fields": {"app_label": "hurumap", "model": "dataindicator"}}, {"model": "contenttypes.contenttype", "pk": 6, "fields": {"app_label": "hurumap", "model": "datatopic"}}, {"model": "contenttypes.contenttype", "pk": 7, "fields": {"app_label": "hurumap", "model": "dataindicatorpublisher"}}, {"model": "contenttypes.contenttype", "pk": 8, "fields": {"app_label": "admin", "model": "logentry"}}, {"model": "contenttypes.contenttype", "pk": 9, "fields": {"app_label": "auth", "model": "permission"}}, {"model": "contenttypes.contenttype", "pk": 10, "fields": {"app_label": "auth", "model": "group"}}, {"model": "contenttypes.contenttype", "pk": 11, "fields": {"app_label": "auth", "model": "user"}}, {"model": "contenttypes.contenttype", "pk": 12, "fields": {"app_label": "contenttypes", "model": "contenttype"}}, {"model": "contenttypes.contenttype", "pk": 13, "fields": {"app_label": "sessions", "model": "session"}}, {"model": "contenttypes.contenttype", "pk": 14, "fields": {"app_label": "wazimap", "model": "geography"}}, {"model": "contenttypes.contenttype", "pk": 15, "fields": {"app_label": "wazimap", "model": "dataset"}}, {"model": "contenttypes.contenttype", "pk": 16, "fields": {"app_label": "wazimap", "model": "dbtable"}}, {"model": "contenttypes.contenttype", "pk": 17, "fields": {"app_label": "wazimap", "model": "fieldtable"}}, {"model": "contenttypes.contenttype", "pk": 18, "fields": {"app_label": "wazimap", "model": "fieldtablerelease"}}, {"model": "contenttypes.contenttype", "pk": 19, "fields": {"app_label": "wazimap", "model": "release"}}, {"model": "contenttypes.contenttype", "pk": 20, "fields": {"app_label": "wazimap", "model": "simpletable"}}, {"model": "contenttypes.contenttype", "pk": 21, "fields": {"app_label": "wazimap", "model": "simpletablerelease"}}, {"model": "contenttypes.contenttype", "pk": 22, "fields": {"app_label": "census", "model": "column"}}, {"model": "contenttypes.contenttype", "pk": 23, "fields": {"app_label": "census", "model": "geography"}}, {"model": "contenttypes.contenttype", "pk": 24, "fields": {"app_label": "census", "model": "subjectconcept"}}, {"model": "contenttypes.contenttype", "pk": 25, "fields": {"app_label": "census", "model": "summarylevel"}}, {"model": "contenttypes.contenttype", "pk": 26, "fields": {"app_label": "census", "model": "table"}}, {"model": "contenttypes.contenttype", "pk": 27, "fields": {"app_label": "sites", "model": "site"}}, {"model": "contenttypes.contenttype", "pk": 28, "fields": {"app_label": "wagtailforms", "model": "formsubmission"}}, {"model": "contenttypes.contenttype", "pk": 29, "fields": {"app_label": "wagtailredirects", "model": "redirect"}}, {"model": "contenttypes.contenttype", "pk": 30, "fields": {"app_label": "wagtailembeds", "model": "embed"}}, {"model": "contenttypes.contenttype", "pk": 31, "fields": {"app_label": "wagtailusers", "model": "userprofile"}}, {"model": "contenttypes.contenttype", "pk": 32, "fields": {"app_label": "wagtailimages", "model": "rendition"}}, {"model": "contenttypes.contenttype", "pk": 33, "fields": {"app_label": "wagtailsearch", "model": "query"}}, {"model": "contenttypes.contenttype", "pk": 34, "fields": {"app_label": "wagtailsearch", "model": "querydailyhits"}}, {"model": "contenttypes.contenttype", "pk": 35, "fields": {"app_label": "wagtailcore", "model": "grouppagepermission"}}, {"model": "contenttypes.contenttype", "pk": 36, "fields": {"app_label": "wagtailcore", "model": "pagerevision"}}, {"model": "contenttypes.contenttype", "pk": 37, "fields": {"app_label": "wagtailcore", "model": "pageviewrestriction"}}, {"model": "contenttypes.contenttype", "pk": 38, "fields": {"app_label": "wagtailcore", "model": "site"}}, {"model": "contenttypes.contenttype", "pk": 39, "fields": {"app_label": "wagtailcore", "model": "collection"}}, {"model": "contenttypes.contenttype", "pk": 40, "fields": {"app_label": "wagtailcore", "model": "groupcollectionpermission"}}, {"model": "contenttypes.contenttype", "pk": 41, "fields": {"app_label": "wagtailcore", "model": "collectionviewrestriction"}}, {"model": "contenttypes.contenttype", "pk": 42, "fields": {"app_label": "taggit", "model": "tag"}}, {"model": "contenttypes.contenttype", "pk": 43, "fields": {"app_label": "taggit", "model": "taggeditem"}}, {"model": "contenttypes.contenttype", "pk": 44, "fields": {"app_label": "account", "model": "emailaddress"}}, {"model": "contenttypes.contenttype", "pk": 45, "fields": {"app_label": "account", "model": "emailconfirmation"}}, {"model": "contenttypes.contenttype", "pk": 46, "fields": {"app_label": "socialaccount", "model": "socialaccount"}}, {"model": "contenttypes.contenttype", "pk": 47, "fields": {"app_label": "socialaccount", "model": "socialapp"}}, {"model": "contenttypes.contenttype", "pk": 48, "fields": {"app_label": "socialaccount", "model": "socialtoken"}}, {"model": "contenttypes.contenttype", "pk": 49, "fields": {"app_label": "hurumapdashboard", "model": "homepage"}}, {"model": "contenttypes.contenttype", "pk": 50, "fields": {"app_label": "hurumapdashboard", "model": "staticpage"}}, {"model": "sessions.session", "pk": "zzfkcl97yntw5dmk08cce6wppsd5lxyc", "fields": {"session_data": "MGU0M2YyNDVlYmRiZWExYzEzYTc2ZWFhOGJkZjNhNTllZTRmYjA2Mjp7Il9hdXRoX3VzZXJfaWQiOiIxIiwiX2F1dGhfdXNlcl9iYWNrZW5kIjoiZGphbmdvLmNvbnRyaWIuYXV0aC5iYWNrZW5kcy5Nb2RlbEJhY2tlbmQiLCJfYXV0aF91c2VyX2hhc2giOiI2ZjAwYjhiM2U2OTIzYzY4OGY2ODQxNzQxZWRiOGYyNWI5ZGYxNDAyIiwiX21lc3NhZ2VzIjoiW1tcIl9fanNvbl9tZXNzYWdlXCIsMSwyNSxcIlRoZSBkYiB0YWJsZSBcXFwiPGEgaHJlZj1cXFwiL2FkbWluL3dhemltYXAvZGJ0YWJsZS8yL2NoYW5nZS9cXFwiPkRCVGFibGUmbHQ7YXJyZXN0ZWRfc3VzcGVjdHMmZ3Q7PC9hPlxcXCIgd2FzIGFkZGVkIHN1Y2Nlc3NmdWxseS4gWW91IG1heSBhZGQgYW5vdGhlciBkYiB0YWJsZSBiZWxvdy5cIl0sW1wiX19qc29uX21lc3NhZ2VcIiwxLDI1LFwiVGhlIGRiIHRhYmxlIFxcXCI8YSBocmVmPVxcXCIvYWRtaW4vd2F6aW1hcC9kYnRhYmxlLzMvY2hhbmdlL1xcXCI+REJUYWJsZSZsdDtkcnVnc19zZWl6ZWQmZ3Q7PC9hPlxcXCIgd2FzIGFkZGVkIHN1Y2Nlc3NmdWxseS5cIl0sW1wiX19qc29uX21lc3NhZ2VcIiwxLDI1LFwiVGhlIGRhdGFzZXQgXFxcIjxhIGhyZWY9XFxcIi9hZG1pbi93YXppbWFwL2RhdGFzZXQvMi9jaGFuZ2UvXFxcIj5OYXRpb25hbCBCdXJlYXUgb2YgU3RhdGlzdGljczwvYT5cXFwiIHdhcyBhZGRlZCBzdWNjZXNzZnVsbHkuXCJdLFtcIl9fanNvbl9tZXNzYWdlXCIsMSwyNSxcIlRoZSBmaWVsZCB0YWJsZSBcXFwiPGEgaHJlZj1cXFwiL2FkbWluL3dhemltYXAvZmllbGR0YWJsZS8yL2NoYW5nZS9cXFwiPnllYXI8L2E+XFxcIiB3YXMgYWRkZWQgc3VjY2Vzc2Z1bGx5LiBZb3UgbWF5IGFkZCBhbm90aGVyIGZpZWxkIHRhYmxlIGJlbG93LlwiXSxbXCJfX2pzb25fbWVzc2FnZVwiLDEsMjUsXCJUaGUgZmllbGQgdGFibGUgXFxcIjxhIGhyZWY9XFxcIi9hZG1pbi93YXppbWFwL2ZpZWxkdGFibGUvMy9jaGFuZ2UvXFxcIj55ZWFyPC9hPlxcXCIgd2FzIGFkZGVkIHN1Y2Nlc3NmdWxseS5cIl0sW1wiX19qc29uX21lc3NhZ2VcIiwxLDI1LFwiVGhlIGZpZWxkIHRhYmxlIFxcXCI8YSBocmVmPVxcXCIvYWRtaW4vd2F6aW1hcC9maWVsZHRhYmxlLzMvY2hhbmdlL1xcXCI+eWVhcjwvYT5cXFwiIHdhcyBjaGFuZ2VkIHN1Y2Nlc3NmdWxseS5cIl0sW1wiX19qc29uX21lc3NhZ2VcIiwxLDI1LFwiVGhlIGRhdGFzZXQgXFxcIjxhIGhyZWY9XFxcIi9hZG1pbi93YXppbWFwL2RhdGFzZXQvMi9jaGFuZ2UvXFxcIj5OYXRpb25hbCBCdXJlYXUgb2YgU3RhdGlzdGljczwvYT5cXFwiIHdhcyBjaGFuZ2VkIHN1Y2Nlc3NmdWxseS5cIl0sW1wiX19qc29uX21lc3NhZ2VcIiwxLDI1LFwiVGhlIGRiIHRhYmxlIFxcXCI8YSBocmVmPVxcXCIvYWRtaW4vd2F6aW1hcC9kYnRhYmxlLzQvY2hhbmdlL1xcXCI+REJUYWJsZSZsdDtzdXNwZWN0c19wcm9zZWN1dGVkJmd0OzwvYT5cXFwiIHdhcyBhZGRlZCBzdWNjZXNzZnVsbHkuIFlvdSBtYXkgYWRkIGFub3RoZXIgZGIgdGFibGUgYmVsb3cuXCJdLFtcIl9fanNvbl9tZXNzYWdlXCIsMSwyNSxcIlRoZSBkYiB0YWJsZSBcXFwiPGEgaHJlZj1cXFwiL2FkbWluL3dhemltYXAvZGJ0YWJsZS81L2NoYW5nZS9cXFwiPkRCVGFibGUmbHQ7Y291bnNlbGxpbmdfY29uY2x1ZGVkJmd0OzwvYT5cXFwiIHdhcyBhZGRlZCBzdWNjZXNzZnVsbHkuXCJdLFtcIl9fanNvbl9tZXNzYWdlXCIsMSwyNSxcIlRoZSBmaWVsZCB0YWJsZSBcXFwiPGEgaHJlZj1cXFwiL2FkbWluL3dhemltYXAvZmllbGR0YWJsZS8zL2NoYW5nZS9cXFwiPnllYXI8L2E+XFxcIiB3YXMgY2hhbmdlZCBzdWNjZXNzZnVsbHkuXCJdLFtcIl9fanNvbl9tZXNzYWdlXCIsMSwyNSxcIlRoZSBmaWVsZCB0YWJsZSBcXFwiPGEgaHJlZj1cXFwiL2FkbWluL3dhemltYXAvZmllbGR0YWJsZS80L2NoYW5nZS9cXFwiPnllYXI8L2E+XFxcIiB3YXMgYWRkZWQgc3VjY2Vzc2Z1bGx5LiBZb3UgbWF5IGFkZCBhbm90aGVyIGZpZWxkIHRhYmxlIGJlbG93LlwiXSxbXCJfX2pzb25fbWVzc2FnZVwiLDEsMjUsXCJUaGUgZmllbGQgdGFibGUgXFxcIjxhIGhyZWY9XFxcIi9hZG1pbi93YXppbWFwL2ZpZWxkdGFibGUvNS9jaGFuZ2UvXFxcIj55ZWFyPC9hPlxcXCIgd2FzIGFkZGVkIHN1Y2Nlc3NmdWxseS5cIl0sW1wiX19qc29uX21lc3NhZ2VcIiwxLDI1LFwiVGhlIGRiIHRhYmxlIFxcXCI8YSBocmVmPVxcXCIvYWRtaW4vd2F6aW1hcC9kYnRhYmxlLzYvY2hhbmdlL1xcXCI+REJUYWJsZSZsdDtjb252aWN0aW9uX3NlY3VyZWQmZ3Q7PC9hPlxcXCIgd2FzIGFkZGVkIHN1Y2Nlc3NmdWxseS5cIl0sW1wiX19qc29uX21lc3NhZ2VcIiwxLDI1LFwiVGhlIGZpZWxkIHRhYmxlIFxcXCI8YSBocmVmPVxcXCIvYWRtaW4vd2F6aW1hcC9maWVsZHRhYmxlLzYvY2hhbmdlL1xcXCI+eWVhcjwvYT5cXFwiIHdhcyBhZGRlZCBzdWNjZXNzZnVsbHkuXCJdLFtcIl9fanNvbl9tZXNzYWdlXCIsMSwyNSxcIlRoZSBmaWVsZCB0YWJsZSBcXFwiPGEgaHJlZj1cXFwiL2FkbWluL3dhemltYXAvZmllbGR0YWJsZS80L2NoYW5nZS9cXFwiPnllYXI8L2E+XFxcIiB3YXMgY2hhbmdlZCBzdWNjZXNzZnVsbHkuXCJdLFtcIl9fanNvbl9tZXNzYWdlXCIsMSwyNSxcIlRoZSByZWxlYXNlIFxcXCI8YSBocmVmPVxcXCIvYWRtaW4vd2F6aW1hcC9yZWxlYXNlLzMvY2hhbmdlL1xcXCI+TmF0aW9uYWwgQnVyZWF1IG9mIFN0YXRpc3RpY3MgLSAyMDE4PC9hPlxcXCIgd2FzIGFkZGVkIHN1Y2Nlc3NmdWxseS5cIl0sW1wiX19qc29uX21lc3NhZ2VcIiwxLDI1LFwiVGhlIGRiIHRhYmxlIFxcXCI8YSBocmVmPVxcXCIvYWRtaW4vd2F6aW1hcC9kYnRhYmxlLzcvY2hhbmdlL1xcXCI+REJUYWJsZSZsdDttaW5lcmFsX3Byb2R1Y3Rpb24mZ3Q7PC9hPlxcXCIgd2FzIGFkZGVkIHN1Y2Nlc3NmdWxseS5cIl0sW1wiX19qc29uX21lc3NhZ2VcIiwxLDI1LFwiVGhlIGRiIHRhYmxlIFxcXCI8YSBocmVmPVxcXCIvYWRtaW4vd2F6aW1hcC9kYnRhYmxlLzgvY2hhbmdlL1xcXCI+REJUYWJsZSZsdDt0ZWxlY29tX3N1YnNjcmlwdGlvbiZndDs8L2E+XFxcIiB3YXMgYWRkZWQgc3VjY2Vzc2Z1bGx5LlwiXSxbXCJfX2pzb25fbWVzc2FnZVwiLDEsMjUsXCJUaGUgZmllbGQgdGFibGUgXFxcIjxhIGhyZWY9XFxcIi9hZG1pbi93YXppbWFwL2ZpZWxkdGFibGUvNy9jaGFuZ2UvXFxcIj5wZXJpb2QsIHN1YnNjcmlwdGlvbl90eXBlPC9hPlxcXCIgd2FzIGFkZGVkIHN1Y2Nlc3NmdWxseS4gWW91IG1heSBhZGQgYW5vdGhlciBmaWVsZCB0YWJsZSBiZWxvdy5cIl0sW1wiX19qc29uX21lc3NhZ2VcIiwxLDI1LFwiVGhlIGZpZWxkIHRhYmxlIFxcXCI8YSBocmVmPVxcXCIvYWRtaW4vd2F6aW1hcC9maWVsZHRhYmxlLzgvY2hhbmdlL1xcXCI+eWVhcjwvYT5cXFwiIHdhcyBhZGRlZCBzdWNjZXNzZnVsbHkuXCJdLFtcIl9fanNvbl9tZXNzYWdlXCIsMSwyNSxcIlRoZSBkYiB0YWJsZSBcXFwiPGEgaHJlZj1cXFwiL2FkbWluL3dhemltYXAvZGJ0YWJsZS85L2NoYW5nZS9cXFwiPkRCVGFibGUmbHQ7bW9iaWxlX3N1YnNjcmlwdGlvbiZndDs8L2E+XFxcIiB3YXMgYWRkZWQgc3VjY2Vzc2Z1bGx5LlwiXSxbXCJfX2pzb25fbWVzc2FnZVwiLDEsMjUsXCJUaGUgZmllbGQgdGFibGUgXFxcIjxhIGhyZWY9XFxcIi9hZG1pbi93YXppbWFwL2ZpZWxkdGFibGUvOS9jaGFuZ2UvXFxcIj5uZXR3b3JrLCBzdWJzY3JpcHRpb25fdHlwZTwvYT5cXFwiIHdhcyBhZGRlZCBzdWNjZXNzZnVsbHkuXCJdLFtcIl9fanNvbl9tZXNzYWdlXCIsMSwyNSxcIlRoZSBkYiB0YWJsZSBcXFwiPGEgaHJlZj1cXFwiL2FkbWluL3dhemltYXAvZGJ0YWJsZS8xMC9jaGFuZ2UvXFxcIj5EQlRhYmxlJmx0O2phbWImZ3Q7PC9hPlxcXCIgd2FzIGFkZGVkIHN1Y2Nlc3NmdWxseS5cIl0sW1wiX19qc29uX21lc3NhZ2VcIiwxLDI1LFwiVGhlIGRiIHRhYmxlIFxcXCI8YSBocmVmPVxcXCIvYWRtaW4vd2F6aW1hcC9kYnRhYmxlLzExL2NoYW5nZS9cXFwiPkRCVGFibGUmbHQ7ZmFhYyZndDs8L2E+XFxcIiB3YXMgYWRkZWQgc3VjY2Vzc2Z1bGx5LlwiXSxbXCJfX2pzb25fbWVzc2FnZVwiLDEsMjUsXCJUaGUgZGIgdGFibGUgXFxcIjxhIGhyZWY9XFxcIi9hZG1pbi93YXppbWFwL2RidGFibGUvMTIvY2hhbmdlL1xcXCI+REJUYWJsZSZsdDtoaXZfcGF0aWVudHMmZ3Q7PC9hPlxcXCIgd2FzIGFkZGVkIHN1Y2Nlc3NmdWxseS5cIl0sW1wiX19qc29uX21lc3NhZ2VcIiwxLDI1LFwiVGhlIGZpZWxkIHRhYmxlIFxcXCI8YSBocmVmPVxcXCIvYWRtaW4vd2F6aW1hcC9maWVsZHRhYmxlLzEwL2NoYW5nZS9cXFwiPmdlbmRlciwgeWVhcjwvYT5cXFwiIHdhcyBhZGRlZCBzdWNjZXNzZnVsbHkuIFlvdSBtYXkgYWRkIGFub3RoZXIgZmllbGQgdGFibGUgYmVsb3cuXCJdLFtcIl9fanNvbl9tZXNzYWdlXCIsMSwyNSxcIlRoZSBmaWVsZCB0YWJsZSBcXFwiPGEgaHJlZj1cXFwiL2FkbWluL3dhemltYXAvZmllbGR0YWJsZS8xMS9jaGFuZ2UvXFxcIj5hbGxvY2F0aW9uPC9hPlxcXCIgd2FzIGFkZGVkIHN1Y2Nlc3NmdWxseS4gWW91IG1heSBhZGQgYW5vdGhlciBmaWVsZCB0YWJsZSBiZWxvdy5cIl0sW1wiX19qc29uX21lc3NhZ2VcIiwxLDI1LFwiVGhlIGZpZWxkIHRhYmxlIFxcXCI8YSBocmVmPVxcXCIvYWRtaW4vd2F6aW1hcC9maWVsZHRhYmxlLzEyL2NoYW5nZS9cXFwiPnllYXIsIGdlbmRlcjwvYT5cXFwiIHdhcyBhZGRlZCBzdWNjZXNzZnVsbHkuXCJdXSJ9", "expire_date": "2019-07-08T08:11:43.850Z"}}, {"model": "wazimap.geography", "pk": 1, "fields": {"geo_level": "state", "geo_code": "1", "version": "2016", "name": "Abia", "long_name": "Abia State", "square_kms": 6320.0, "parent_level": "country", "parent_code": "NG"}}, {"model": "wazimap.geography", "pk": 2, "fields": {"geo_level": "state", "geo_code": "2", "version": "2016", "name": "Adamawa", "long_name": "Adamawa State", "square_kms": 36917.0, "parent_level": "country", "parent_code": "NG"}}, {"model": "wazimap.geography", "pk": 3, "fields": {"geo_level": "state", "geo_code": "3", "version": "2016", "name": "Akwa Ibom", "long_name": "Akwa Ibom State", "square_kms": 7081.0, "parent_level": "country", "parent_code": "NG"}}, {"model": "wazimap.geography", "pk": 4, "fields": {"geo_level": "state", "geo_code": "4", "version": "2016", "name": "Anambra", "long_name": "Anambra State", "square_kms": 4844.0, "parent_level": "country", "parent_code": "NG"}}, {"model": "wazimap.geography", "pk": 5, "fields": {"geo_level": "state", "geo_code": "5", "version": "2016", "name": "Bauchi", "long_name": "Bauchi State", "square_kms": 45837.0, "parent_level": "country", "parent_code": "NG"}}, {"model": "wazimap.geography", "pk": 6, "fields": {"geo_level": "state", "geo_code": "6", "version": "2016", "name": "Bayelsa", "long_name": "Bayelsa State", "square_kms": 10773.0, "parent_level": "country", "parent_code": "NG"}}, {"model": "wazimap.geography", "pk": 7, "fields": {"geo_level": "state", "geo_code": "7", "version": "2016", "name": "Benue", "long_name": "Benue State", "square_kms": 34059.0, "parent_level": "country", "parent_code": "NG"}}, {"model": "wazimap.geography", "pk": 8, "fields": {"geo_level": "state", "geo_code": "8", "version": "2016", "name": "Borno", "long_name": "Borno State", "square_kms": 70898.0, "parent_level": "country", "parent_code": "NG"}}, {"model": "wazimap.geography", "pk": 9, "fields": {"geo_level": "state", "geo_code": "9", "version": "2016", "name": "Cross River", "long_name": "Cross River State", "square_kms": 20156.0, "parent_level": "country", "parent_code": "NG"}}, {"model": "wazimap.geography", "pk": 10, "fields": {"geo_level": "state", "geo_code": "10", "version": "2016", "name": "Delta", "long_name": "Delta State", "square_kms": 17698.0, "parent_level": "country", "parent_code": "NG"}}, {"model": "wazimap.geography", "pk": 11, "fields": {"geo_level": "state", "geo_code": "11", "version": "2016", "name": "Ebonyi", "long_name": "Ebonyi State", "square_kms": 5670.0, "parent_level": "country", "parent_code": "NG"}}, {"model": "wazimap.geography", "pk": 12, "fields": {"geo_level": "state", "geo_code": "12", "version": "2016", "name": "Edo", "long_name": "Edo State", "square_kms": 17802.0, "parent_level": "country", "parent_code": "NG"}}, {"model": "wazimap.geography", "pk": 13, "fields": {"geo_level": "state", "geo_code": "13", "version": "2016", "name": "Ekiti", "long_name": "Ekiti State", "square_kms": 6353.0, "parent_level": "country", "parent_code": "NG"}}, {"model": "wazimap.geography", "pk": 14, "fields": {"geo_level": "state", "geo_code": "14", "version": "2016", "name": "Enugu", "long_name": "Enugu State", "square_kms": 7161.0, "parent_level": "country", "parent_code": "NG"}}, {"model": "wazimap.geography", "pk": 15, "fields": {"geo_level": "state", "geo_code": "15", "version": "2016", "name": "Federal Capital Territory", "long_name": "Federal Capital Territory", "square_kms": 7315.0, "parent_level": "country", "parent_code": "NG"}}, {"model": "wazimap.geography", "pk": 16, "fields": {"geo_level": "state", "geo_code": "16", "version": "2016", "name": "Gombe", "long_name": "Gombe State", "square_kms": 18768.0, "parent_level": "country", "parent_code": "NG"}}, {"model": "wazimap.geography", "pk": 17, "fields": {"geo_level": "state", "geo_code": "17", "version": "2016", "name": "Imo", "long_name": "Imo State", "square_kms": 5530.0, "parent_level": "country", "parent_code": "NG"}}, {"model": "wazimap.geography", "pk": 18, "fields": {"geo_level": "state", "geo_code": "18", "version": "2016", "name": "Jigawa", "long_name": "Jigawa State", "square_kms": 23154.0, "parent_level": "country", "parent_code": "NG"}}, {"model": "wazimap.geography", "pk": 19, "fields": {"geo_level": "state", "geo_code": "19", "version": "2016", "name": "Kaduna", "long_name": "Kaduna State", "square_kms": 46053.0, "parent_level": "country", "parent_code": "NG"}}, {"model": "wazimap.geography", "pk": 20, "fields": {"geo_level": "state", "geo_code": "20", "version": "2016", "name": "Kano", "long_name": "Kano State", "square_kms": 20131.0, "parent_level": "country", "parent_code": "NG"}}, {"model": "wazimap.geography", "pk": 21, "fields": {"geo_level": "state", "geo_code": "21", "version": "2016", "name": "Katsina", "long_name": "Katsina State", "square_kms": 24192.0, "parent_level": "country", "parent_code": "NG"}}, {"model": "wazimap.geography", "pk": 22, "fields": {"geo_level": "state", "geo_code": "22", "version": "2016", "name": "Kebbi", "long_name": "Kebbi State", "square_kms": 36800.0, "parent_level": "country", "parent_code": "NG"}}, {"model": "wazimap.geography", "pk": 23, "fields": {"geo_level": "state", "geo_code": "23", "version": "2016", "name": "Kogi", "long_name": "Kogi State", "square_kms": 29833.0, "parent_level": "country", "parent_code": "NG"}}, {"model": "wazimap.geography", "pk": 24, "fields": {"geo_level": "state", "geo_code": "24", "version": "2016", "name": "Kwara", "long_name": "Kwara State", "square_kms": 36825.0, "parent_level": "country", "parent_code": "NG"}}, {"model": "wazimap.geography", "pk": 25, "fields": {"geo_level": "state", "geo_code": "25", "version": "2016", "name": "Lagos", "long_name": "Lagos State", "square_kms": 3345.0, "parent_level": "country", "parent_code": "NG"}}, {"model": "wazimap.geography", "pk": 26, "fields": {"geo_level": "state", "geo_code": "26", "version": "2016", "name": "Nasarawa", "long_name": "Nasarawa State", "square_kms": 27117.0, "parent_level": "country", "parent_code": "NG"}}, {"model": "wazimap.geography", "pk": 27, "fields": {"geo_level": "state", "geo_code": "27", "version": "2016", "name": "Niger", "long_name": "Niger State", "square_kms": 76363.0, "parent_level": "country", "parent_code": "NG"}}, {"model": "wazimap.geography", "pk": 28, "fields": {"geo_level": "state", "geo_code": "28", "version": "2016", "name": "Ogun", "long_name": "Ogun State", "square_kms": 16762.0, "parent_level": "country", "parent_code": "NG"}}, {"model": "wazimap.geography", "pk": 29, "fields": {"geo_level": "state", "geo_code": "29", "version": "2016", "name": "Ondo", "long_name": "Ondo State", "square_kms": 15500.0, "parent_level": "country", "parent_code": "NG"}}, {"model": "wazimap.geography", "pk": 30, "fields": {"geo_level": "state", "geo_code": "30", "version": "2016", "name": "Osun", "long_name": "Osun State", "square_kms": 9251.0, "parent_level": "country", "parent_code": "NG"}}, {"model": "wazimap.geography", "pk": 31, "fields": {"geo_level": "state", "geo_code": "31", "version": "2016", "name": "Oyo", "long_name": "Oyo State", "square_kms": 28454.0, "parent_level": "country", "parent_code": "NG"}}, {"model": "wazimap.geography", "pk": 32, "fields": {"geo_level": "state", "geo_code": "32", "version": "2016", "name": "Plateau", "long_name": "Plateau State", "square_kms": 30913.0, "parent_level": "country", "parent_code": "NG"}}, {"model": "wazimap.geography", "pk": 33, "fields": {"geo_level": "state", "geo_code": "33", "version": "2016", "name": "Rivers", "long_name": "Rivers State", "square_kms": 11077.0, "parent_level": "country", "parent_code": "NG"}}, {"model": "wazimap.geography", "pk": 34, "fields": {"geo_level": "state", "geo_code": "34", "version": "2016", "name": "Sokoto", "long_name": "Sokoto State", "square_kms": 25973.0, "parent_level": "country", "parent_code": "NG"}}, {"model": "wazimap.geography", "pk": 35, "fields": {"geo_level": "state", "geo_code": "35", "version": "2016", "name": "Taraba", "long_name": "Taraba State", "square_kms": 54473.0, "parent_level": "country", "parent_code": "NG"}}, {"model": "wazimap.geography", "pk": 36, "fields": {"geo_level": "state", "geo_code": "36", "version": "2016", "name": "Yobe", "long_name": "Yobe State", "square_kms": 45502.0, "parent_level": "country", "parent_code": "NG"}}, {"model": "wazimap.geography", "pk": 37, "fields": {"geo_level": "state", "geo_code": "37", "version": "2016", "name": "Zamfara", "long_name": "Zamfara State", "square_kms": 39762.0, "parent_level": "country", "parent_code": "NG"}}, {"model": "wazimap.geography", "pk": 38, "fields": {"geo_level": "country", "geo_code": "NG", "version": "2009", "name": "Nigeria", "long_name": "Nigeria", "square_kms": 923768.0, "parent_level": null, "parent_code": null}}, {"model": "wazimap.dataset", "pk": 1, "fields": {"name": "Fiscal Debt"}}, {"model": "wazimap.dataset", "pk": 2, "fields": {"name": "National Bureau of Statistics"}}, {"model": "wazimap.release", "pk": 1, "fields": {"name": "Fiscal Debt", "year": "2018", "citation": null, "dataset": 1}}, {"model": "wazimap.release", "pk": 2, "fields": {"name": "National Bureau of Statistics", "year": "2016", "citation": null, "dataset": 2}}, {"model": "wazimap.release", "pk": 3, "fields": {"name": "National Bureau of Statistics", "year": "2018", "citation": "", "dataset": 2}}, {"model": "wazimap.dbtable", "pk": 1, "fields": {"name": "external_domestic_debt"}}, {"model": "wazimap.dbtable", "pk": 2, "fields": {"name": "arrested_suspects"}}, {"model": "wazimap.dbtable", "pk": 3, "fields": {"name": "drugs_seized"}}, {"model": "wazimap.dbtable", "pk": 4, "fields": {"name": "suspects_prosecuted"}}, {"model": "wazimap.dbtable", "pk": 5, "fields": {"name": "counselling_concluded"}}, {"model": "wazimap.dbtable", "pk": 6, "fields": {"name": "conviction_secured"}}, {"model": "wazimap.dbtable", "pk": 7, "fields": {"name": "mineral_production"}}, {"model": "wazimap.dbtable", "pk": 8, "fields": {"name": "telecom_subscription"}}, {"model": "wazimap.dbtable", "pk": 9, "fields": {"name": "mobile_subscription"}}, {"model": "wazimap.dbtable", "pk": 10, "fields": {"name": "jamb"}}, {"model": "wazimap.dbtable", "pk": 11, "fields": {"name": "faac"}}, {"model": "wazimap.dbtable", "pk": 12, "fields": {"name": "hiv_patients"}}, {"model": "wazimap.fieldtable", "pk": 1, "fields": {"name": "EXTERNAL_DOMESTIC_DEBT", "universe": "Population", "dataset": 1, "stat_type": "number", "description": "Population by year, debt_type", "fields": "[\"year\", \"debt_type\"]", "denominator_key": null, "has_total": true, "value_type": "Integer"}}, {"model": "wazimap.fieldtable", "pk": 2, "fields": {"name": "ARRESTED_SUSPECTS", "universe": "NBS", "dataset": 2, "stat_type": "number", "description": "NBS by year", "fields": "[\"year\"]", "denominator_key": null, "has_total": true, "value_type": "Integer"}}, {"model": "wazimap.fieldtable", "pk": 3, "fields": {"name": "DRUGS_SEIZED", "universe": "NBS", "dataset": 2, "stat_type": "number", "description": "NBS by year", "fields": "[\"year\"]", "denominator_key": null, "has_total": true, "value_type": "Float"}}, {"model": "wazimap.fieldtable", "pk": 4, "fields": {"name": "COUNSELLING_CONCLUDED", "universe": "NBS", "dataset": 2, "stat_type": "number", "description": "NBS by year", "fields": "[\"year\"]", "denominator_key": null, "has_total": true, "value_type": "Integer"}}, {"model": "wazimap.fieldtable", "pk": 5, "fields": {"name": "SUSPECTS_PROSECUTED", "universe": "NBS", "dataset": 2, "stat_type": "number", "description": "NBS by year", "fields": "[\"year\"]", "denominator_key": null, "has_total": true, "value_type": "Integer"}}, {"model": "wazimap.fieldtable", "pk": 6, "fields": {"name": "CONVICTION_SECURED", "universe": "NBS", "dataset": 2, "stat_type": "number", "description": "NBS by year", "fields": "[\"year\"]", "denominator_key": null, "has_total": true, "value_type": "Integer"}}, {"model": "wazimap.fieldtable", "pk": 7, "fields": {"name": "TELECOM_SUBSCRIPTION", "universe": "NBS", "dataset": 2, "stat_type": "number", "description": "NBS by period, subscription_type", "fields": "[\"period\", \"subscription_type\"]", "denominator_key": null, "has_total": true, "value_type": "Integer"}}, {"model": "wazimap.fieldtable", "pk": 8, "fields": {"name": "MINERAL_PRODUCTION", "universe": "NBS", "dataset": 2, "stat_type": "number", "description": "NBS by year", "fields": "[\"year\"]", "denominator_key": null, "has_total": true, "value_type": "Float"}}, {"model": "wazimap.fieldtable", "pk": 9, "fields": {"name": "MOBILE_SUBSCRIPTION", "universe": "NBS", "dataset": 2, "stat_type": "number", "description": "NBS by network, subscription_type", "fields": "[\"network\", \"subscription_type\"]", "denominator_key": null, "has_total": true, "value_type": "Integer"}}, {"model": "wazimap.fieldtable", "pk": 10, "fields": {"name": "HIV_PATIENTS", "universe": "NBS", "dataset": 2, "stat_type": "number", "description": "NBS by gender, year", "fields": "[\"gender\", \"year\"]", "denominator_key": null, "has_total": true, "value_type": "Integer"}}, {"model": "wazimap.fieldtable", "pk": 11, "fields": {"name": "FAAC", "universe": "NBS", "dataset": 2, "stat_type": "number", "description": "NBS by allocation", "fields": "[\"allocation\"]", "denominator_key": null, "has_total": true, "value_type": "Integer"}}, {"model": "wazimap.fieldtable", "pk": 12, "fields": {"name": "JAMB", "universe": "NBS", "dataset": 2, "stat_type": "number", "description": "NBS by year, gender", "fields": "[\"year\", \"gender\"]", "denominator_key": null, "has_total": true, "value_type": "Integer"}}, {"model": "wazimap.fieldtablerelease", "pk": 1, "fields": {"data_table": 1, "db_table": 1, "release": 1}}, {"model": "wazimap.fieldtablerelease", "pk": 2, "fields": {"data_table": 2, "db_table": 2, "release": 2}}, {"model": "wazimap.fieldtablerelease", "pk": 3, "fields": {"data_table": 3, "db_table": 3, "release": 2}}, {"model": "wazimap.fieldtablerelease", "pk": 4, "fields": {"data_table": 4, "db_table": 5, "release": 2}}, {"model": "wazimap.fieldtablerelease", "pk": 5, "fields": {"data_table": 5, "db_table": 4, "release": 2}}, {"model": "wazimap.fieldtablerelease", "pk": 6, "fields": {"data_table": 6, "db_table": 6, "release": 2}}, {"model": "wazimap.fieldtablerelease", "pk": 7, "fields": {"data_table": 7, "db_table": 8, "release": 3}}, {"model": "wazimap.fieldtablerelease", "pk": 8, "fields": {"data_table": 8, "db_table": 7, "release": 3}}, {"model": "wazimap.fieldtablerelease", "pk": 9, "fields": {"data_table": 9, "db_table": 9, "release": 3}}, {"model": "wazimap.fieldtablerelease", "pk": 10, "fields": {"data_table": 10, "db_table": 12, "release": 3}}, {"model": "wazimap.fieldtablerelease", "pk": 11, "fields": {"data_table": 11, "db_table": 11, "release": 3}}, {"model": "wazimap.fieldtablerelease", "pk": 12, "fields": {"data_table": 12, "db_table": 10, "release": 3}}, {"model": "sites.site", "pk": 1, "fields": {"domain": "example.com", "name": "example.com"}}, {"model": "wagtailcore.site", "pk": 1, "fields": {"hostname": "localhost", "port": 80, "site_name": null, "root_page": 2, "is_default_site": true}}, {"model": "wagtailcore.collection", "pk": 1, "fields": {"path": "0001", "depth": 1, "numchild": 0, "name": "Root"}}, {"model": "auth.permission", "pk": 1, "fields": {"name": "Can add image", "content_type": 2, "codename": "add_image"}}, {"model": "auth.permission", "pk": 2, "fields": {"name": "Can change image", "content_type": 2, "codename": "change_image"}}, {"model": "auth.permission", "pk": 3, "fields": {"name": "Can delete image", "content_type": 2, "codename": "delete_image"}}, {"model": "auth.permission", "pk": 4, "fields": {"name": "Can access Wagtail admin", "content_type": 3, "codename": "access_admin"}}, {"model": "auth.permission", "pk": 5, "fields": {"name": "Can add document", "content_type": 4, "codename": "add_document"}}, {"model": "auth.permission", "pk": 6, "fields": {"name": "Can change document", "content_type": 4, "codename": "change_document"}}, {"model": "auth.permission", "pk": 7, "fields": {"name": "Can delete document", "content_type": 4, "codename": "delete_document"}}, {"model": "auth.permission", "pk": 8, "fields": {"name": "Can add data indicator", "content_type": 5, "codename": "add_dataindicator"}}, {"model": "auth.permission", "pk": 9, "fields": {"name": "Can change data indicator", "content_type": 5, "codename": "change_dataindicator"}}, {"model": "auth.permission", "pk": 10, "fields": {"name": "Can delete data indicator", "content_type": 5, "codename": "delete_dataindicator"}}, {"model": "auth.permission", "pk": 11, "fields": {"name": "Can add data topic", "content_type": 6, "codename": "add_datatopic"}}, {"model": "auth.permission", "pk": 12, "fields": {"name": "Can change data topic", "content_type": 6, "codename": "change_datatopic"}}, {"model": "auth.permission", "pk": 13, "fields": {"name": "Can delete data topic", "content_type": 6, "codename": "delete_datatopic"}}, {"model": "auth.permission", "pk": 14, "fields": {"name": "Can add data indicator publisher", "content_type": 7, "codename": "add_dataindicatorpublisher"}}, {"model": "auth.permission", "pk": 15, "fields": {"name": "Can change data indicator publisher", "content_type": 7, "codename": "change_dataindicatorpublisher"}}, {"model": "auth.permission", "pk": 16, "fields": {"name": "Can delete data indicator publisher", "content_type": 7, "codename": "delete_dataindicatorpublisher"}}, {"model": "auth.permission", "pk": 17, "fields": {"name": "Can add log entry", "content_type": 8, "codename": "add_logentry"}}, {"model": "auth.permission", "pk": 18, "fields": {"name": "Can change log entry", "content_type": 8, "codename": "change_logentry"}}, {"model": "auth.permission", "pk": 19, "fields": {"name": "Can delete log entry", "content_type": 8, "codename": "delete_logentry"}}, {"model": "auth.permission", "pk": 20, "fields": {"name": "Can add permission", "content_type": 9, "codename": "add_permission"}}, {"model": "auth.permission", "pk": 21, "fields": {"name": "Can change permission", "content_type": 9, "codename": "change_permission"}}, {"model": "auth.permission", "pk": 22, "fields": {"name": "Can delete permission", "content_type": 9, "codename": "delete_permission"}}, {"model": "auth.permission", "pk": 23, "fields": {"name": "Can add group", "content_type": 10, "codename": "add_group"}}, {"model": "auth.permission", "pk": 24, "fields": {"name": "Can change group", "content_type": 10, "codename": "change_group"}}, {"model": "auth.permission", "pk": 25, "fields": {"name": "Can delete group", "content_type": 10, "codename": "delete_group"}}, {"model": "auth.permission", "pk": 26, "fields": {"name": "Can add user", "content_type": 11, "codename": "add_user"}}, {"model": "auth.permission", "pk": 27, "fields": {"name": "Can change user", "content_type": 11, "codename": "change_user"}}, {"model": "auth.permission", "pk": 28, "fields": {"name": "Can delete user", "content_type": 11, "codename": "delete_user"}}, {"model": "auth.permission", "pk": 29, "fields": {"name": "Can add content type", "content_type": 12, "codename": "add_contenttype"}}, {"model": "auth.permission", "pk": 30, "fields": {"name": "Can change content type", "content_type": 12, "codename": "change_contenttype"}}, {"model": "auth.permission", "pk": 31, "fields": {"name": "Can delete content type", "content_type": 12, "codename": "delete_contenttype"}}, {"model": "auth.permission", "pk": 32, "fields": {"name": "Can add session", "content_type": 13, "codename": "add_session"}}, {"model": "auth.permission", "pk": 33, "fields": {"name": "Can change session", "content_type": 13, "codename": "change_session"}}, {"model": "auth.permission", "pk": 34, "fields": {"name": "Can delete session", "content_type": 13, "codename": "delete_session"}}, {"model": "auth.permission", "pk": 35, "fields": {"name": "Can add geography", "content_type": 14, "codename": "add_geography"}}, {"model": "auth.permission", "pk": 36, "fields": {"name": "Can change geography", "content_type": 14, "codename": "change_geography"}}, {"model": "auth.permission", "pk": 37, "fields": {"name": "Can delete geography", "content_type": 14, "codename": "delete_geography"}}, {"model": "auth.permission", "pk": 38, "fields": {"name": "Can add dataset", "content_type": 15, "codename": "add_dataset"}}, {"model": "auth.permission", "pk": 39, "fields": {"name": "Can change dataset", "content_type": 15, "codename": "change_dataset"}}, {"model": "auth.permission", "pk": 40, "fields": {"name": "Can delete dataset", "content_type": 15, "codename": "delete_dataset"}}, {"model": "auth.permission", "pk": 41, "fields": {"name": "Can add db table", "content_type": 16, "codename": "add_dbtable"}}, {"model": "auth.permission", "pk": 42, "fields": {"name": "Can change db table", "content_type": 16, "codename": "change_dbtable"}}, {"model": "auth.permission", "pk": 43, "fields": {"name": "Can delete db table", "content_type": 16, "codename": "delete_dbtable"}}, {"model": "auth.permission", "pk": 44, "fields": {"name": "Can add field table", "content_type": 17, "codename": "add_fieldtable"}}, {"model": "auth.permission", "pk": 45, "fields": {"name": "Can change field table", "content_type": 17, "codename": "change_fieldtable"}}, {"model": "auth.permission", "pk": 46, "fields": {"name": "Can delete field table", "content_type": 17, "codename": "delete_fieldtable"}}, {"model": "auth.permission", "pk": 47, "fields": {"name": "Can add field table release", "content_type": 18, "codename": "add_fieldtablerelease"}}, {"model": "auth.permission", "pk": 48, "fields": {"name": "Can change field table release", "content_type": 18, "codename": "change_fieldtablerelease"}}, {"model": "auth.permission", "pk": 49, "fields": {"name": "Can delete field table release", "content_type": 18, "codename": "delete_fieldtablerelease"}}, {"model": "auth.permission", "pk": 50, "fields": {"name": "Can add release", "content_type": 19, "codename": "add_release"}}, {"model": "auth.permission", "pk": 51, "fields": {"name": "Can change release", "content_type": 19, "codename": "change_release"}}, {"model": "auth.permission", "pk": 52, "fields": {"name": "Can delete release", "content_type": 19, "codename": "delete_release"}}, {"model": "auth.permission", "pk": 53, "fields": {"name": "Can add simple table", "content_type": 20, "codename": "add_simpletable"}}, {"model": "auth.permission", "pk": 54, "fields": {"name": "Can change simple table", "content_type": 20, "codename": "change_simpletable"}}, {"model": "auth.permission", "pk": 55, "fields": {"name": "Can delete simple table", "content_type": 20, "codename": "delete_simpletable"}}, {"model": "auth.permission", "pk": 56, "fields": {"name": "Can add simple table release", "content_type": 21, "codename": "add_simpletablerelease"}}, {"model": "auth.permission", "pk": 57, "fields": {"name": "Can change simple table release", "content_type": 21, "codename": "change_simpletablerelease"}}, {"model": "auth.permission", "pk": 58, "fields": {"name": "Can delete simple table release", "content_type": 21, "codename": "delete_simpletablerelease"}}, {"model": "auth.permission", "pk": 59, "fields": {"name": "Can add column", "content_type": 22, "codename": "add_column"}}, {"model": "auth.permission", "pk": 60, "fields": {"name": "Can change column", "content_type": 22, "codename": "change_column"}}, {"model": "auth.permission", "pk": 61, "fields": {"name": "Can delete column", "content_type": 22, "codename": "delete_column"}}, {"model": "auth.permission", "pk": 62, "fields": {"name": "Can add geography", "content_type": 23, "codename": "add_geography"}}, {"model": "auth.permission", "pk": 63, "fields": {"name": "Can change geography", "content_type": 23, "codename": "change_geography"}}, {"model": "auth.permission", "pk": 64, "fields": {"name": "Can delete geography", "content_type": 23, "codename": "delete_geography"}}, {"model": "auth.permission", "pk": 65, "fields": {"name": "Can add subject concept", "content_type": 24, "codename": "add_subjectconcept"}}, {"model": "auth.permission", "pk": 66, "fields": {"name": "Can change subject concept", "content_type": 24, "codename": "change_subjectconcept"}}, {"model": "auth.permission", "pk": 67, "fields": {"name": "Can delete subject concept", "content_type": 24, "codename": "delete_subjectconcept"}}, {"model": "auth.permission", "pk": 68, "fields": {"name": "Can add summary level", "content_type": 25, "codename": "add_summarylevel"}}, {"model": "auth.permission", "pk": 69, "fields": {"name": "Can change summary level", "content_type": 25, "codename": "change_summarylevel"}}, {"model": "auth.permission", "pk": 70, "fields": {"name": "Can delete summary level", "content_type": 25, "codename": "delete_summarylevel"}}, {"model": "auth.permission", "pk": 71, "fields": {"name": "Can add table", "content_type": 26, "codename": "add_table"}}, {"model": "auth.permission", "pk": 72, "fields": {"name": "Can change table", "content_type": 26, "codename": "change_table"}}, {"model": "auth.permission", "pk": 73, "fields": {"name": "Can delete table", "content_type": 26, "codename": "delete_table"}}, {"model": "auth.permission", "pk": 74, "fields": {"name": "Can add site", "content_type": 27, "codename": "add_site"}}, {"model": "auth.permission", "pk": 75, "fields": {"name": "Can change site", "content_type": 27, "codename": "change_site"}}, {"model": "auth.permission", "pk": 76, "fields": {"name": "Can delete site", "content_type": 27, "codename": "delete_site"}}, {"model": "auth.permission", "pk": 77, "fields": {"name": "Can add form submission", "content_type": 28, "codename": "add_formsubmission"}}, {"model": "auth.permission", "pk": 78, "fields": {"name": "Can change form submission", "content_type": 28, "codename": "change_formsubmission"}}, {"model": "auth.permission", "pk": 79, "fields": {"name": "Can delete form submission", "content_type": 28, "codename": "delete_formsubmission"}}, {"model": "auth.permission", "pk": 80, "fields": {"name": "Can add redirect", "content_type": 29, "codename": "add_redirect"}}, {"model": "auth.permission", "pk": 81, "fields": {"name": "Can change redirect", "content_type": 29, "codename": "change_redirect"}}, {"model": "auth.permission", "pk": 82, "fields": {"name": "Can delete redirect", "content_type": 29, "codename": "delete_redirect"}}, {"model": "auth.permission", "pk": 83, "fields": {"name": "Can add embed", "content_type": 30, "codename": "add_embed"}}, {"model": "auth.permission", "pk": 84, "fields": {"name": "Can change embed", "content_type": 30, "codename": "change_embed"}}, {"model": "auth.permission", "pk": 85, "fields": {"name": "Can delete embed", "content_type": 30, "codename": "delete_embed"}}, {"model": "auth.permission", "pk": 86, "fields": {"name": "Can add user profile", "content_type": 31, "codename": "add_userprofile"}}, {"model": "auth.permission", "pk": 87, "fields": {"name": "Can change user profile", "content_type": 31, "codename": "change_userprofile"}}, {"model": "auth.permission", "pk": 88, "fields": {"name": "Can delete user profile", "content_type": 31, "codename": "delete_userprofile"}}, {"model": "auth.permission", "pk": 89, "fields": {"name": "Can add rendition", "content_type": 32, "codename": "add_rendition"}}, {"model": "auth.permission", "pk": 90, "fields": {"name": "Can change rendition", "content_type": 32, "codename": "change_rendition"}}, {"model": "auth.permission", "pk": 91, "fields": {"name": "Can delete rendition", "content_type": 32, "codename": "delete_rendition"}}, {"model": "auth.permission", "pk": 92, "fields": {"name": "Can add query", "content_type": 33, "codename": "add_query"}}, {"model": "auth.permission", "pk": 93, "fields": {"name": "Can change query", "content_type": 33, "codename": "change_query"}}, {"model": "auth.permission", "pk": 94, "fields": {"name": "Can delete query", "content_type": 33, "codename": "delete_query"}}, {"model": "auth.permission", "pk": 95, "fields": {"name": "Can add Query Daily Hits", "content_type": 34, "codename": "add_querydailyhits"}}, {"model": "auth.permission", "pk": 96, "fields": {"name": "Can change Query Daily Hits", "content_type": 34, "codename": "change_querydailyhits"}}, {"model": "auth.permission", "pk": 97, "fields": {"name": "Can delete Query Daily Hits", "content_type": 34, "codename": "delete_querydailyhits"}}, {"model": "auth.permission", "pk": 98, "fields": {"name": "Can add page", "content_type": 1, "codename": "add_page"}}, {"model": "auth.permission", "pk": 99, "fields": {"name": "Can change page", "content_type": 1, "codename": "change_page"}}, {"model": "auth.permission", "pk": 100, "fields": {"name": "Can delete page", "content_type": 1, "codename": "delete_page"}}, {"model": "auth.permission", "pk": 101, "fields": {"name": "Can add group page permission", "content_type": 35, "codename": "add_grouppagepermission"}}, {"model": "auth.permission", "pk": 102, "fields": {"name": "Can change group page permission", "content_type": 35, "codename": "change_grouppagepermission"}}, {"model": "auth.permission", "pk": 103, "fields": {"name": "Can delete group page permission", "content_type": 35, "codename": "delete_grouppagepermission"}}, {"model": "auth.permission", "pk": 104, "fields": {"name": "Can add page revision", "content_type": 36, "codename": "add_pagerevision"}}, {"model": "auth.permission", "pk": 105, "fields": {"name": "Can change page revision", "content_type": 36, "codename": "change_pagerevision"}}, {"model": "auth.permission", "pk": 106, "fields": {"name": "Can delete page revision", "content_type": 36, "codename": "delete_pagerevision"}}, {"model": "auth.permission", "pk": 107, "fields": {"name": "Can add page view restriction", "content_type": 37, "codename": "add_pageviewrestriction"}}, {"model": "auth.permission", "pk": 108, "fields": {"name": "Can change page view restriction", "content_type": 37, "codename": "change_pageviewrestriction"}}, {"model": "auth.permission", "pk": 109, "fields": {"name": "Can delete page view restriction", "content_type": 37, "codename": "delete_pageviewrestriction"}}, {"model": "auth.permission", "pk": 110, "fields": {"name": "Can add site", "content_type": 38, "codename": "add_site"}}, {"model": "auth.permission", "pk": 111, "fields": {"name": "Can change site", "content_type": 38, "codename": "change_site"}}, {"model": "auth.permission", "pk": 112, "fields": {"name": "Can delete site", "content_type": 38, "codename": "delete_site"}}, {"model": "auth.permission", "pk": 113, "fields": {"name": "Can add collection", "content_type": 39, "codename": "add_collection"}}, {"model": "auth.permission", "pk": 114, "fields": {"name": "Can change collection", "content_type": 39, "codename": "change_collection"}}, {"model": "auth.permission", "pk": 115, "fields": {"name": "Can delete collection", "content_type": 39, "codename": "delete_collection"}}, {"model": "auth.permission", "pk": 116, "fields": {"name": "Can add group collection permission", "content_type": 40, "codename": "add_groupcollectionpermission"}}, {"model": "auth.permission", "pk": 117, "fields": {"name": "Can change group collection permission", "content_type": 40, "codename": "change_groupcollectionpermission"}}, {"model": "auth.permission", "pk": 118, "fields": {"name": "Can delete group collection permission", "content_type": 40, "codename": "delete_groupcollectionpermission"}}, {"model": "auth.permission", "pk": 119, "fields": {"name": "Can add collection view restriction", "content_type": 41, "codename": "add_collectionviewrestriction"}}, {"model": "auth.permission", "pk": 120, "fields": {"name": "Can change collection view restriction", "content_type": 41, "codename": "change_collectionviewrestriction"}}, {"model": "auth.permission", "pk": 121, "fields": {"name": "Can delete collection view restriction", "content_type": 41, "codename": "delete_collectionviewrestriction"}}, {"model": "auth.permission", "pk": 122, "fields": {"name": "Can add Tag", "content_type": 42, "codename": "add_tag"}}, {"model": "auth.permission", "pk": 123, "fields": {"name": "Can change Tag", "content_type": 42, "codename": "change_tag"}}, {"model": "auth.permission", "pk": 124, "fields": {"name": "Can delete Tag", "content_type": 42, "codename": "delete_tag"}}, {"model": "auth.permission", "pk": 125, "fields": {"name": "Can add Tagged Item", "content_type": 43, "codename": "add_taggeditem"}}, {"model": "auth.permission", "pk": 126, "fields": {"name": "Can change Tagged Item", "content_type": 43, "codename": "change_taggeditem"}}, {"model": "auth.permission", "pk": 127, "fields": {"name": "Can delete Tagged Item", "content_type": 43, "codename": "delete_taggeditem"}}, {"model": "auth.permission", "pk": 128, "fields": {"name": "Can add email address", "content_type": 44, "codename": "add_emailaddress"}}, {"model": "auth.permission", "pk": 129, "fields": {"name": "Can change email address", "content_type": 44, "codename": "change_emailaddress"}}, {"model": "auth.permission", "pk": 130, "fields": {"name": "Can delete email address", "content_type": 44, "codename": "delete_emailaddress"}}, {"model": "auth.permission", "pk": 131, "fields": {"name": "Can add email confirmation", "content_type": 45, "codename": "add_emailconfirmation"}}, {"model": "auth.permission", "pk": 132, "fields": {"name": "Can change email confirmation", "content_type": 45, "codename": "change_emailconfirmation"}}, {"model": "auth.permission", "pk": 133, "fields": {"name": "Can delete email confirmation", "content_type": 45, "codename": "delete_emailconfirmation"}}, {"model": "auth.permission", "pk": 134, "fields": {"name": "Can add social account", "content_type": 46, "codename": "add_socialaccount"}}, {"model": "auth.permission", "pk": 135, "fields": {"name": "Can change social account", "content_type": 46, "codename": "change_socialaccount"}}, {"model": "auth.permission", "pk": 136, "fields": {"name": "Can delete social account", "content_type": 46, "codename": "delete_socialaccount"}}, {"model": "auth.permission", "pk": 137, "fields": {"name": "Can add social application", "content_type": 47, "codename": "add_socialapp"}}, {"model": "auth.permission", "pk": 138, "fields": {"name": "Can change social application", "content_type": 47, "codename": "change_socialapp"}}, {"model": "auth.permission", "pk": 139, "fields": {"name": "Can delete social application", "content_type": 47, "codename": "delete_socialapp"}}, {"model": "auth.permission", "pk": 140, "fields": {"name": "Can add social application token", "content_type": 48, "codename": "add_socialtoken"}}, {"model": "auth.permission", "pk": 141, "fields": {"name": "Can change social application token", "content_type": 48, "codename": "change_socialtoken"}}, {"model": "auth.permission", "pk": 142, "fields": {"name": "Can delete social application token", "content_type": 48, "codename": "delete_socialtoken"}}, {"model": "auth.permission", "pk": 143, "fields": {"name": "Can add home page", "content_type": 49, "codename": "add_homepage"}}, {"model": "auth.permission", "pk": 144, "fields": {"name": "Can change home page", "content_type": 49, "codename": "change_homepage"}}, {"model": "auth.permission", "pk": 145, "fields": {"name": "Can delete home page", "content_type": 49, "codename": "delete_homepage"}}, {"model": "auth.permission", "pk": 146, "fields": {"name": "Can add static page", "content_type": 50, "codename": "add_staticpage"}}, {"model": "auth.permission", "pk": 147, "fields": {"name": "Can change static page", "content_type": 50, "codename": "change_staticpage"}}, {"model": "auth.permission", "pk": 148, "fields": {"name": "Can delete static page", "content_type": 50, "codename": "delete_staticpage"}}, {"model": "auth.group", "pk": 1, "fields": {"name": "Moderators", "permissions": [4, 5, 6, 7, 1, 2, 3]}}, {"model": "auth.group", "pk": 2, "fields": {"name": "Editors", "permissions": [4, 5, 6, 7, 1, 2, 3]}}, {"model": "auth.user", "pk": 1, "fields": {"password": "pbkdf2_sha256$36000$Vuwa7QR3DJuC$VCrfCk3TcXdy1KtgB/6IND+Y5FFN4xKCc8sJf5EmFYs=", "last_login": "2019-06-22T06:40:51.150Z", "is_superuser": true, "username": "root", "first_name": "", "last_name": "", "email": "root@gmail.com", "is_staff": true, "is_active": true, "date_joined": "2019-06-22T06:40:28.462Z", "groups": [], "user_permissions": []}}, {"model": "wagtailcore.page", "pk": 1, "fields": {"path": "0001", "depth": 1, "numchild": 1, "title": "Root", "draft_title": "Root", "slug": "root", "content_type": 1, "live": true, "has_unpublished_changes": false, "url_path": "/", "owner": null, "seo_title": "", "show_in_menus": false, "search_description": "", "go_live_at": null, "expire_at": null, "expired": false, "locked": false, "first_published_at": null, "last_published_at": null, "latest_revision_created_at": null, "live_revision": null}}, {"model": "wagtailcore.page", "pk": 2, "fields": {"path": "00010001", "depth": 2, "numchild": 0, "title": "Welcome to your new Wagtail site!", "draft_title": "Welcome to your new Wagtail site!", "slug": "home", "content_type": 1, "live": true, "has_unpublished_changes": false, "url_path": "/home/", "owner": null, "seo_title": "", "show_in_menus": false, "search_description": "", "go_live_at": null, "expire_at": null, "expired": false, "locked": false, "first_published_at": null, "last_published_at": null, "latest_revision_created_at": null, "live_revision": null}}, {"model": "wagtailcore.grouppagepermission", "pk": 1, "fields": {"group": 1, "page": 1, "permission_type": "add"}}, {"model": "wagtailcore.grouppagepermission", "pk": 2, "fields": {"group": 1, "page": 1, "permission_type": "edit"}}, {"model": "wagtailcore.grouppagepermission", "pk": 3, "fields": {"group": 1, "page": 1, "permission_type": "publish"}}, {"model": "wagtailcore.grouppagepermission", "pk": 4, "fields": {"group": 2, "page": 1, "permission_type": "add"}}, {"model": "wagtailcore.grouppagepermission", "pk": 5, "fields": {"group": 2, "page": 1, "permission_type": "edit"}}, {"model": "wagtailcore.grouppagepermission", "pk": 6, "fields": {"group": 1, "page": 1, "permission_type": "lock"}}, {"model": "wagtailcore.groupcollectionpermission", "pk": 1, "fields": {"group": 1, "collection": 1, "permission": 1}}, {"model": "wagtailcore.groupcollectionpermission", "pk": 2, "fields": {"group": 2, "collection": 1, "permission": 1}}, {"model": "wagtailcore.groupcollectionpermission", "pk": 3, "fields": {"group": 1, "collection": 1, "permission": 2}}, {"model": "wagtailcore.groupcollectionpermission", "pk": 4, "fields": {"group": 2, "collection": 1, "permission": 2}}, {"model": "wagtailcore.groupcollectionpermission", "pk": 5, "fields": {"group": 1, "collection": 1, "permission": 5}}, {"model": "wagtailcore.groupcollectionpermission", "pk": 6, "fields": {"group": 2, "collection": 1, "permission": 5}}, {"model": "wagtailcore.groupcollectionpermission", "pk": 7, "fields": {"group": 1, "collection": 1, "permission": 6}}, {"model": "wagtailcore.groupcollectionpermission", "pk": 8, "fields": {"group": 2, "collection": 1, "permission": 6}}, {"model": "admin.logentry", "pk": 1, "fields": {"action_time": "2019-06-22T06:57:08.405Z", "user": 1, "content_type": 16, "object_id": "2", "object_repr": "DBTable<arrested_suspects>", "action_flag": 1, "change_message": "[{\"added\": {}}]"}}, {"model": "admin.logentry", "pk": 2, "fields": {"action_time": "2019-06-22T06:57:42.562Z", "user": 1, "content_type": 16, "object_id": "3", "object_repr": "DBTable<drugs_seized>", "action_flag": 1, "change_message": "[{\"added\": {}}]"}}, {"model": "admin.logentry", "pk": 3, "fields": {"action_time": "2019-06-22T14:46:04.008Z", "user": 1, "content_type": 15, "object_id": "2", "object_repr": "National Bureau of Statistics", "action_flag": 1, "change_message": "[{\"added\": {}}, {\"added\": {\"name\": \"release\", \"object\": \"National Bureau of Statistics - 2019\"}}]"}}, {"model": "admin.logentry", "pk": 4, "fields": {"action_time": "2019-06-22T14:47:35.371Z", "user": 1, "content_type": 17, "object_id": "2", "object_repr": "year", "action_flag": 1, "change_message": "[{\"added\": {}}, {\"added\": {\"name\": \"field table release\", \"object\": \"DBTable<arrested_suspects> for year in National Bureau of Statistics - 2019\"}}]"}}, {"model": "admin.logentry", "pk": 5, "fields": {"action_time": "2019-06-22T14:48:27.203Z", "user": 1, "content_type": 17, "object_id": "3", "object_repr": "year", "action_flag": 1, "change_message": "[{\"added\": {}}, {\"added\": {\"name\": \"field table release\", \"object\": \"DBTable<drugs_seized> for year in National Bureau of Statistics - 2019\"}}]"}}, {"model": "admin.logentry", "pk": 6, "fields": {"action_time": "2019-06-22T14:48:44.476Z", "user": 1, "content_type": 17, "object_id": "3", "object_repr": "year", "action_flag": 2, "change_message": "[{\"changed\": {\"fields\": [\"name\"]}}]"}}, {"model": "admin.logentry", "pk": 7, "fields": {"action_time": "2019-06-22T16:19:58.304Z", "user": 1, "content_type": 15, "object_id": "2", "object_repr": "National Bureau of Statistics", "action_flag": 2, "change_message": "[{\"changed\": {\"name\": \"release\", \"object\": \"National Bureau of Statistics - 2016\", \"fields\": [\"year\"]}}]"}}, {"model": "admin.logentry", "pk": 8, "fields": {"action_time": "2019-06-22T16:21:13.777Z", "user": 1, "content_type": 16, "object_id": "4", "object_repr": "DBTable<suspects_prosecuted>", "action_flag": 1, "change_message": "[{\"added\": {}}]"}}, {"model": "admin.logentry", "pk": 9, "fields": {"action_time": "2019-06-22T16:21:23.081Z", "user": 1, "content_type": 16, "object_id": "5", "object_repr": "DBTable<counselling_concluded>", "action_flag": 1, "change_message": "[{\"added\": {}}]"}}, {"model": "admin.logentry", "pk": 10, "fields": {"action_time": "2019-06-22T16:22:10.878Z", "user": 1, "content_type": 17, "object_id": "3", "object_repr": "year", "action_flag": 2, "change_message": "[{\"changed\": {\"fields\": [\"value_type\"]}}]"}}, {"model": "admin.logentry", "pk": 11, "fields": {"action_time": "2019-06-22T16:24:15.192Z", "user": 1, "content_type": 17, "object_id": "4", "object_repr": "year", "action_flag": 1, "change_message": "[{\"added\": {}}, {\"added\": {\"name\": \"field table release\", \"object\": \"DBTable<counselling_concluded> for year in National Bureau of Statistics - 2016\"}}]"}}, {"model": "admin.logentry", "pk": 12, "fields": {"action_time": "2019-06-22T16:25:21.916Z", "user": 1, "content_type": 17, "object_id": "5", "object_repr": "year", "action_flag": 1, "change_message": "[{\"added\": {}}, {\"added\": {\"name\": \"field table release\", \"object\": \"DBTable<suspects_prosecuted> for year in National Bureau of Statistics - 2016\"}}]"}}, {"model": "admin.logentry", "pk": 13, "fields": {"action_time": "2019-06-22T16:40:39.874Z", "user": 1, "content_type": 16, "object_id": "6", "object_repr": "DBTable<conviction_secured>", "action_flag": 1, "change_message": "[{\"added\": {}}]"}}, {"model": "admin.logentry", "pk": 14, "fields": {"action_time": "2019-06-22T16:41:39.095Z", "user": 1, "content_type": 17, "object_id": "6", "object_repr": "year", "action_flag": 1, "change_message": "[{\"added\": {}}, {\"added\": {\"name\": \"field table release\", \"object\": \"DBTable<conviction_secured> for year in National Bureau of Statistics - 2016\"}}]"}}, {"model": "admin.logentry", "pk": 15, "fields": {"action_time": "2019-06-22T16:50:48.264Z", "user": 1, "content_type": 17, "object_id": "4", "object_repr": "year", "action_flag": 2, "change_message": "[{\"changed\": {\"fields\": [\"name\"]}}]"}}, {"model": "admin.logentry", "pk": 16, "fields": {"action_time": "2019-06-22T19:17:38.917Z", "user": 1, "content_type": 19, "object_id": "3", "object_repr": "National Bureau of Statistics - 2018", "action_flag": 1, "change_message": "[{\"added\": {}}]"}}, {"model": "admin.logentry", "pk": 17, "fields": {"action_time": "2019-06-22T19:19:57.644Z", "user": 1, "content_type": 16, "object_id": "7", "object_repr": "DBTable<mineral_production>", "action_flag": 1, "change_message": "[{\"added\": {}}]"}}, {"model": "admin.logentry", "pk": 18, "fields": {"action_time": "2019-06-22T19:29:47.773Z", "user": 1, "content_type": 16, "object_id": "8", "object_repr": "DBTable<telecom_subscription>", "action_flag": 1, "change_message": "[{\"added\": {}}]"}}, {"model": "admin.logentry", "pk": 19, "fields": {"action_time": "2019-06-23T08:14:29.873Z", "user": 1, "content_type": 17, "object_id": "7", "object_repr": "period, subscription_type", "action_flag": 1, "change_message": "[{\"added\": {}}, {\"added\": {\"name\": \"field table release\", \"object\": \"DBTable<telecom_subscription> for period, subscription_type in National Bureau of Statistics - 2018\"}}]"}}, {"model": "admin.logentry", "pk": 20, "fields": {"action_time": "2019-06-23T08:16:26.319Z", "user": 1, "content_type": 17, "object_id": "8", "object_repr": "year", "action_flag": 1, "change_message": "[{\"added\": {}}, {\"added\": {\"name\": \"field table release\", \"object\": \"DBTable<mineral_production> for year in National Bureau of Statistics - 2018\"}}]"}}, {"model": "admin.logentry", "pk": 21, "fields": {"action_time": "2019-06-23T08:19:52.244Z", "user": 1, "content_type": 16, "object_id": "9", "object_repr": "DBTable<mobile_subscription>", "action_flag": 1, "change_message": "[{\"added\": {}}]"}}, {"model": "admin.logentry", "pk": 22, "fields": {"action_time": "2019-06-23T08:20:52.127Z", "user": 1, "content_type": 17, "object_id": "9", "object_repr": "network, subscription_type", "action_flag": 1, "change_message": "[{\"added\": {}}, {\"added\": {\"name\": \"field table release\", \"object\": \"DBTable<mobile_subscription> for network, subscription_type in National Bureau of Statistics - 2018\"}}]"}}, {"model": "admin.logentry", "pk": 23, "fields": {"action_time": "2019-06-24T07:32:57.207Z", "user": 1, "content_type": 16, "object_id": "10", "object_repr": "DBTable<jamb>", "action_flag": 1, "change_message": "[{\"added\": {}}]"}}, {"model": "admin.logentry", "pk": 24, "fields": {"action_time": "2019-06-24T08:05:33.806Z", "user": 1, "content_type": 16, "object_id": "11", "object_repr": "DBTable<faac>", "action_flag": 1, "change_message": "[{\"added\": {}}]"}}, {"model": "admin.logentry", "pk": 25, "fields": {"action_time": "2019-06-24T08:09:20.318Z", "user": 1, "content_type": 16, "object_id": "12", "object_repr": "DBTable<hiv_patients>", "action_flag": 1, "change_message": "[{\"added\": {}}]"}}, {"model": "admin.logentry", "pk": 26, "fields": {"action_time": "2019-06-24T08:09:59.888Z", "user": 1, "content_type": 17, "object_id": "10", "object_repr": "gender, year", "action_flag": 1, "change_message": "[{\"added\": {}}, {\"added\": {\"name\": \"field table release\", \"object\": \"DBTable<hiv_patients> for gender, year in National Bureau of Statistics - 2018\"}}]"}}, {"model": "admin.logentry", "pk": 27, "fields": {"action_time": "2019-06-24T08:10:32.861Z", "user": 1, "content_type": 17, "object_id": "11", "object_repr": "allocation", "action_flag": 1, "change_message": "[{\"added\": {}}, {\"added\": {\"name\": \"field table release\", \"object\": \"DBTable<faac> for allocation in National Bureau of Statistics - 2018\"}}]"}}, {"model": "admin.logentry", "pk": 28, "fields": {"action_time": "2019-06-24T08:11:43.806Z", "user": 1, "content_type": 17, "object_id": "12", "object_repr": "year, gender", "action_flag": 1, "change_message": "[{\"added\": {}}, {\"added\": {\"name\": \"field table release\", \"object\": \"DBTable<jamb> for year, gender in National Bureau of Statistics - 2018\"}}]"}}]