[{"model": "wazimap.geography", "pk": 2, "fields": {"geo_level": "country", "geo_code": "KE", "version": "2009", "name": "Kenya", "long_name": null, "square_kms": 581309.0, "parent_level": null, "parent_code": null}}, {"model": "wazimap.geography", "pk": 3, "fields": {"geo_level": "county", "geo_code": "1", "version": "2009", "name": "Mombasa", "long_name": null, "square_kms": 212.5, "parent_level": "country", "parent_code": "KE"}}, {"model": "wazimap.geography", "pk": 4, "fields": {"geo_level": "county", "geo_code": "2", "version": "2009", "name": "Kwale", "long_name": null, "square_kms": 8270.3, "parent_level": "country", "parent_code": "KE"}}, {"model": "wazimap.geography", "pk": 5, "fields": {"geo_level": "county", "geo_code": "3", "version": "2009", "name": "Kilifi", "long_name": null, "square_kms": 12245.9, "parent_level": "country", "parent_code": "KE"}}, {"model": "wazimap.geography", "pk": 6, "fields": {"geo_level": "county", "geo_code": "4", "version": "2009", "name": "Tana River", "long_name": null, "square_kms": 35375.8, "parent_level": "country", "parent_code": "KE"}}, {"model": "wazimap.geography", "pk": 7, "fields": {"geo_level": "county", "geo_code": "5", "version": "2009", "name": "Lamu", "long_name": null, "square_kms": 6497.7, "parent_level": "country", "parent_code": "KE"}}, {"model": "wazimap.geography", "pk": 8, "fields": {"geo_level": "county", "geo_code": "6", "version": "2009", "name": "Taita-Taveta", "long_name": null, "square_kms": 17083.9, "parent_level": "country", "parent_code": "KE"}}, {"model": "wazimap.geography", "pk": 9, "fields": {"geo_level": "county", "geo_code": "7", "version": "2009", "name": "Garissa", "long_name": null, "square_kms": 45720.2, "parent_level": "country", "parent_code": "KE"}}, {"model": "wazimap.geography", "pk": 10, "fields": {"geo_level": "county", "geo_code": "8", "version": "2009", "name": "Wajir", "long_name": null, "square_kms": 55840.6, "parent_level": "country", "parent_code": "KE"}}, {"model": "wazimap.geography", "pk": 11, "fields": {"geo_level": "county", "geo_code": "9", "version": "2009", "name": "Mandera", "long_name": null, "square_kms": 25797.7, "parent_level": "country", "parent_code": "KE"}}, {"model": "wazimap.geography", "pk": 12, "fields": {"geo_level": "county", "geo_code": "10", "version": "2009", "name": "Marsabit", "long_name": null, "square_kms": 66923.1, "parent_level": "country", "parent_code": "KE"}}, {"model": "wazimap.geography", "pk": 13, "fields": {"geo_level": "county", "geo_code": "11", "version": "2009", "name": "Isiolo", "long_name": null, "square_kms": 25336.1, "parent_level": "country", "parent_code": "KE"}}, {"model": "wazimap.geography", "pk": 14, "fields": {"geo_level": "county", "geo_code": "12", "version": "2009", "name": "Meru", "long_name": null, "square_kms": 6930.1, "parent_level": "country", "parent_code": "KE"}}, {"model": "wazimap.geography", "pk": 15, "fields": {"geo_level": "county", "geo_code": "13", "version": "2009", "name": "Tharaka-Nithi", "long_name": null, "square_kms": 2409.5, "parent_level": "country", "parent_code": "KE"}}, {"model": "wazimap.geography", "pk": 16, "fields": {"geo_level": "county", "geo_code": "14", "version": "2009", "name": "Embu", "long_name": null, "square_kms": 2555.9, "parent_level": "country", "parent_code": "KE"}}, {"model": "wazimap.geography", "pk": 17, "fields": {"geo_level": "county", "geo_code": "15", "version": "2009", "name": "Kitui", "long_name": null, "square_kms": 24385.1, "parent_level": "country", "parent_code": "KE"}}, {"model": "wazimap.geography", "pk": 18, "fields": {"geo_level": "county", "geo_code": "16", "version": "2009", "name": "Machakos", "long_name": null, "square_kms": 5952.9, "parent_level": "country", "parent_code": "KE"}}, {"model": "wazimap.geography", "pk": 19, "fields": {"geo_level": "county", "geo_code": "17", "version": "2009", "name": "Makueni", "long_name": null, "square_kms": 8008.9, "parent_level": "country", "parent_code": "KE"}}, {"model": "wazimap.geography", "pk": 20, "fields": {"geo_level": "county", "geo_code": "18", "version": "2009", "name": "Nyandarua", "long_name": null, "square_kms": 3107.7, "parent_level": "country", "parent_code": "KE"}}, {"model": "wazimap.geography", "pk": 21, "fields": {"geo_level": "county", "geo_code": "19", "version": "2009", "name": "Nyeri", "long_name": null, "square_kms": 2361.0, "parent_level": "country", "parent_code": "KE"}}, {"model": "wazimap.geography", "pk": 22, "fields": {"geo_level": "county", "geo_code": "20", "version": "2009", "name": "Kirinyaga", "long_name": null, "square_kms": 1205.4, "parent_level": "country", "parent_code": "KE"}}, {"model": "wazimap.geography", "pk": 23, "fields": {"geo_level": "county", "geo_code": "21", "version": "2009", "name": "Murang'a", "long_name": null, "square_kms": 2325.8, "parent_level": "country", "parent_code": "KE"}}, {"model": "wazimap.geography", "pk": 24, "fields": {"geo_level": "county", "geo_code": "22", "version": "2009", "name": "Kiambu", "long_name": null, "square_kms": 2449.2, "parent_level": "country", "parent_code": "KE"}}, {"model": "wazimap.geography", "pk": 25, "fields": {"geo_level": "county", "geo_code": "23", "version": "2009", "name": "Turkana", "long_name": null, "square_kms": 71597.8, "parent_level": "country", "parent_code": "KE"}}, {"model": "wazimap.geography", "pk": 26, "fields": {"geo_level": "county", "geo_code": "24", "version": "2009", "name": "West Pokot", "long_name": null, "square_kms": 8418.2, "parent_level": "country", "parent_code": "KE"}}, {"model": "wazimap.geography", "pk": 27, "fields": {"geo_level": "county", "geo_code": "25", "version": "2009", "name": "Samburu", "long_name": null, "square_kms": 20182.5, "parent_level": "country", "parent_code": "KE"}}, {"model": "wazimap.geography", "pk": 28, "fields": {"geo_level": "county", "geo_code": "26", "version": "2009", "name": "Trans-Nzoia", "long_name": null, "square_kms": 2469.9, "parent_level": "country", "parent_code": "KE"}}, {"model": "wazimap.geography", "pk": 29, "fields": {"geo_level": "county", "geo_code": "27", "version": "2009", "name": "Uasin Gishu", "long_name": null, "square_kms": 2955.3, "parent_level": "country", "parent_code": "KE"}}, {"model": "wazimap.geography", "pk": 30, "fields": {"geo_level": "county", "geo_code": "28", "version": "2009", "name": "Elgeyo-Marakwet", "long_name": null, "square_kms": 3049.7, "parent_level": "country", "parent_code": "KE"}}, {"model": "wazimap.geography", "pk": 31, "fields": {"geo_level": "county", "geo_code": "29", "version": "2009", "name": "Nandi", "long_name": null, "square_kms": 2884.5, "parent_level": "country", "parent_code": "KE"}}, {"model": "wazimap.geography", "pk": 32, "fields": {"geo_level": "county", "geo_code": "30", "version": "2009", "name": "Baringo", "long_name": null, "square_kms": 11075.3, "parent_level": "country", "parent_code": "KE"}}, {"model": "wazimap.geography", "pk": 33, "fields": {"geo_level": "county", "geo_code": "31", "version": "2009", "name": "Laikipia", "long_name": null, "square_kms": 8696.1, "parent_level": "country", "parent_code": "KE"}}, {"model": "wazimap.geography", "pk": 34, "fields": {"geo_level": "county", "geo_code": "32", "version": "2009", "name": "Nakuru", "long_name": null, "square_kms": 7509.5, "parent_level": "country", "parent_code": "KE"}}, {"model": "wazimap.geography", "pk": 35, "fields": {"geo_level": "county", "geo_code": "33", "version": "2009", "name": "Narok", "long_name": null, "square_kms": 17921.2, "parent_level": "country", "parent_code": "KE"}}, {"model": "wazimap.geography", "pk": 36, "fields": {"geo_level": "county", "geo_code": "34", "version": "2009", "name": "Kajiado", "long_name": null, "square_kms": 21292.7, "parent_level": "country", "parent_code": "KE"}}, {"model": "wazimap.geography", "pk": 37, "fields": {"geo_level": "county", "geo_code": "35", "version": "2009", "name": "Kericho", "long_name": null, "square_kms": 2454.5, "parent_level": "country", "parent_code": "KE"}}, {"model": "wazimap.geography", "pk": 38, "fields": {"geo_level": "county", "geo_code": "36", "version": "2009", "name": "Bomet", "long_name": null, "square_kms": 1997.9, "parent_level": "country", "parent_code": "KE"}}, {"model": "wazimap.geography", "pk": 39, "fields": {"geo_level": "county", "geo_code": "37", "version": "2009", "name": "Kakamega", "long_name": null, "square_kms": 3033.8, "parent_level": "country", "parent_code": "KE"}}, {"model": "wazimap.geography", "pk": 40, "fields": {"geo_level": "county", "geo_code": "38", "version": "2009", "name": "Vihiga", "long_name": null, "square_kms": 531.3, "parent_level": "country", "parent_code": "KE"}}, {"model": "wazimap.geography", "pk": 41, "fields": {"geo_level": "county", "geo_code": "39", "version": "2009", "name": "Bungoma", "long_name": null, "square_kms": 2206.9, "parent_level": "country", "parent_code": "KE"}}, {"model": "wazimap.geography", "pk": 42, "fields": {"geo_level": "county", "geo_code": "40", "version": "2009", "name": "Busia", "long_name": null, "square_kms": 1628.4, "parent_level": "country", "parent_code": "KE"}}, {"model": "wazimap.geography", "pk": 43, "fields": {"geo_level": "county", "geo_code": "41", "version": "2009", "name": "Siaya", "long_name": null, "square_kms": 2496.1, "parent_level": "country", "parent_code": "KE"}}, {"model": "wazimap.geography", "pk": 44, "fields": {"geo_level": "county", "geo_code": "42", "version": "2009", "name": "Kisumu", "long_name": null, "square_kms": 2009.5, "parent_level": "country", "parent_code": "KE"}}, {"model": "wazimap.geography", "pk": 45, "fields": {"geo_level": "county", "geo_code": "43", "version": "2009", "name": "Homa Bay", "long_name": null, "square_kms": 3154.7, "parent_level": "country", "parent_code": "KE"}}, {"model": "wazimap.geography", "pk": 46, "fields": {"geo_level": "county", "geo_code": "44", "version": "2009", "name": "Migori", "long_name": null, "square_kms": 2586.4, "parent_level": "country", "parent_code": "KE"}}, {"model": "wazimap.geography", "pk": 47, "fields": {"geo_level": "county", "geo_code": "45", "version": "2009", "name": "Kisii", "long_name": null, "square_kms": 1317.9, "parent_level": "country", "parent_code": "KE"}}, {"model": "wazimap.geography", "pk": 48, "fields": {"geo_level": "county", "geo_code": "46", "version": "2009", "name": "Nyamira", "long_name": null, "square_kms": 912.5, "parent_level": "country", "parent_code": "KE"}}, {"model": "wazimap.geography", "pk": 49, "fields": {"geo_level": "county", "geo_code": "47", "version": "2009", "name": "Nairobi", "long_name": null, "square_kms": 694.9, "parent_level": "country", "parent_code": "KE"}}, {"model": "wazimap.dataset", "pk": 1, "fields": {"name": "Census"}}, {"model": "wazimap.dataset", "pk": 2, "fields": {"name": "Annual Crimes Report"}}, {"model": "wazimap.dataset", "pk": 3, "fields": {"name": "KNBS Demographic and Health Survey"}}, {"model": "wazimap.dataset", "pk": 4, "fields": {"name": "Census 2011"}}, {"model": "wazimap.dataset", "pk": 5, "fields": {"name": "Voter Registration"}}, {"model": "wazimap.dataset", "pk": 6, "fields": {"name": "Crop production and Livestock"}}, {"model": "wazimap.release", "pk": 1, "fields": {"name": "Census", "year": "2009", "citation": null, "dataset": 1}}, {"model": "wazimap.release", "pk": 2, "fields": {"name": "Annual Crimes Report", "year": "2014", "citation": null, "dataset": 2}}, {"model": "wazimap.release", "pk": 3, "fields": {"name": "KNBS Demographic and Health Survey", "year": "2014", "citation": null, "dataset": 3}}, {"model": "wazimap.release", "pk": 4, "fields": {"name": "Census 2011", "year": "2014", "citation": null, "dataset": 4}}, {"model": "wazimap.release", "pk": 5, "fields": {"name": "Voter Registration", "year": "2017", "citation": null, "dataset": 5}}, {"model": "wazimap.release", "pk": 6, "fields": {"name": "Voter Registration", "year": "2015", "citation": "", "dataset": 5}}, {"model": "wazimap.release", "pk": 7, "fields": {"name": "Annual Crimes Report", "year": "2015", "citation": null, "dataset": 2}}, {"model": "wazimap.release", "pk": 8, "fields": {"name": "Crop production and Livestock", "year": "2014", "citation": null, "dataset": 6}}, {"model": "wazimap.release", "pk": 9, "fields": {"name": "Annual Crimes Report", "year": "2016", "citation": null, "dataset": 2}}, {"model": "wazimap.dbtable", "pk": 1, "fields": {"name": "maintypeofwallmaterial"}}, {"model": "wazimap.dbtable", "pk": 2, "fields": {"name": "protests"}}, {"model": "wazimap.dbtable", "pk": 3, "fields": {"name": "household_itn_use_users"}}, {"model": "wazimap.dbtable", "pk": 4, "fields": {"name": "useofipt"}}, {"model": "wazimap.dbtable", "pk": 5, "fields": {"name": "treatment_type"}}, {"model": "wazimap.dbtable", "pk": 6, "fields": {"name": "householdpossessionofitn"}}, {"model": "wazimap.dbtable", "pk": 7, "fields": {"name": "contraceptive_use"}}, {"model": "wazimap.dbtable", "pk": 8, "fields": {"name": "fertility"}}, {"model": "wazimap.dbtable", "pk": 9, "fields": {"name": "maintypeofroofingmaterial"}}, {"model": "wazimap.dbtable", "pk": 10, "fields": {"name": "healthratios"}}, {"model": "wazimap.dbtable", "pk": 11, "fields": {"name": "maintypeoflightingfuel"}}, {"model": "wazimap.dbtable", "pk": 12, "fields": {"name": "voterregistration_2017"}}, {"model": "wazimap.dbtable", "pk": 13, "fields": {"name": "voterregistration_2015"}}, {"model": "wazimap.dbtable", "pk": 14, "fields": {"name": "crimereport"}}, {"model": "wazimap.dbtable", "pk": 15, "fields": {"name": "religion"}}, {"model": "wazimap.dbtable", "pk": 16, "fields": {"name": "crop_production"}}, {"model": "wazimap.dbtable", "pk": 17, "fields": {"name": "mainsourceofwater"}}, {"model": "wazimap.dbtable", "pk": 18, "fields": {"name": "heightforage"}}, {"model": "wazimap.dbtable", "pk": 19, "fields": {"name": "schoolattendance_sex"}}, {"model": "wazimap.dbtable", "pk": 20, "fields": {"name": "treatmentofchildrenwithfever"}}, {"model": "wazimap.dbtable", "pk": 21, "fields": {"name": "livestock_population"}}, {"model": "wazimap.dbtable", "pk": 22, "fields": {"name": "highesteducationlevelreached"}}, {"model": "wazimap.dbtable", "pk": 23, "fields": {"name": "contraceptive_traditional_method"}}, {"model": "wazimap.dbtable", "pk": 24, "fields": {"name": "knowledgeofhivpreventionmethods_sex"}}, {"model": "wazimap.dbtable", "pk": 25, "fields": {"name": "maintypeoffloormaterial"}}, {"model": "wazimap.dbtable", "pk": 26, "fields": {"name": "weightforage"}}, {"model": "wazimap.dbtable", "pk": 27, "fields": {"name": "mainmodeofhumanwastedisposal"}}, {"model": "wazimap.dbtable", "pk": 28, "fields": {"name": "livestock_products"}}, {"model": "wazimap.dbtable", "pk": 29, "fields": {"name": "ageincompletedyears_ruralorurban_sex"}}, {"model": "wazimap.dbtable", "pk": 30, "fields": {"name": "vaccinations"}}, {"model": "wazimap.dbtable", "pk": 31, "fields": {"name": "household_heads"}}, {"model": "wazimap.dbtable", "pk": 32, "fields": {"name": "maternalcareindicators"}}, {"model": "wazimap.dbtable", "pk": 33, "fields": {"name": "typesofcrime"}}, {"model": "wazimap.dbtable", "pk": 34, "fields": {"name": "employmentactivitystatus_sex"}}, {"model": "wazimap.dbtable", "pk": 35, "fields": {"name": "schoolfires"}}, {"model": "wazimap.dbtable", "pk": 36, "fields": {"name": "contraceptive_modern_method"}}, {"model": "wazimap.dbtable", "pk": 37, "fields": {"name": "weightforheight"}}, {"model": "wazimap.fieldtable", "pk": 1, "fields": {"name": "MAINTYPEOFWALLMATERIAL", "universe": "Households", "dataset": 1, "stat_type": "number", "description": "Households by main type of wall material", "fields": "[\"main type of wall material\"]", "denominator_key": null, "has_total": true, "value_type": "Integer"}}, {"model": "wazimap.fieldtable", "pk": 2, "fields": {"name": "PROTESTS", "universe": "Population", "dataset": 2, "stat_type": "number", "description": "Population by protests", "fields": "[\"protests\"]", "denominator_key": null, "has_total": true, "value_type": "Integer"}}, {"model": "wazimap.fieldtable", "pk": 3, "fields": {"name": "HOUSEHOLD_ITN_USE_USERS", "universe": "ITN", "dataset": 3, "stat_type": "number", "description": "ITN by household, users, itn_use", "fields": "[\"household\", \"users\", \"itn_use\"]", "denominator_key": null, "has_total": true, "value_type": "Integer"}}, {"model": "wazimap.fieldtable", "pk": 4, "fields": {"name": "USEOFIPT", "universe": "Maternal care indicators", "dataset": 3, "stat_type": "number", "description": "Maternal care indicators by use of ipt", "fields": "[\"use of ipt\"]", "denominator_key": null, "has_total": true, "value_type": "Integer"}}, {"model": "wazimap.fieldtable", "pk": 5, "fields": {"name": "TREATMENT_TYPE", "universe": "Population", "dataset": 3, "stat_type": "number", "description": "Population by type, treatment", "fields": "[\"type\", \"treatment\"]", "denominator_key": null, "has_total": true, "value_type": "Integer"}}, {"model": "wazimap.fieldtable", "pk": 6, "fields": {"name": "HOUSEHOLDPOSSESSIONOFITN", "universe": "ITN", "dataset": 3, "stat_type": "number", "description": "ITN by household possession of itn", "fields": "[\"household possession of itn\"]", "denominator_key": null, "has_total": true, "value_type": "Integer"}}, {"model": "wazimap.fieldtable", "pk": 7, "fields": {"name": "CONTRACEPTIVE_USE", "universe": "Contraceptive_use", "dataset": 4, "stat_type": "number", "description": "Contraceptive_use by contraceptive_use", "fields": "[\"contraceptive_use\"]", "denominator_key": null, "has_total": true, "value_type": "Integer"}}, {"model": "wazimap.fieldtable", "pk": 8, "fields": {"name": "FERTILITY", "universe": "Population", "dataset": 3, "stat_type": "number", "description": "Population by fertility", "fields": "[\"fertility\"]", "denominator_key": null, "has_total": true, "value_type": "Integer"}}, {"model": "wazimap.fieldtable", "pk": 9, "fields": {"name": "MAINTYPEOFROOFINGMATERIAL", "universe": "Households", "dataset": 1, "stat_type": "number", "description": "Households by main type of roofing material", "fields": "[\"main type of roofing material\"]", "denominator_key": null, "has_total": true, "value_type": "Integer"}}, {"model": "wazimap.fieldtable", "pk": 10, "fields": {"name": "HEALTHRATIOS", "universe": "Population", "dataset": 3, "stat_type": "number", "description": "Population by healthratios", "fields": "[\"healthratios\"]", "denominator_key": null, "has_total": true, "value_type": "Integer"}}, {"model": "wazimap.fieldtable", "pk": 11, "fields": {"name": "MAINTYPEOFLIGHTINGFUEL", "universe": "Households", "dataset": 1, "stat_type": "number", "description": "Households by main type of lighting fuel", "fields": "[\"main type of lighting fuel\"]", "denominator_key": null, "has_total": true, "value_type": "Integer"}}, {"model": "wazimap.fieldtable", "pk": 12, "fields": {"name": "VOTERREGISTRATION_2017", "universe": "Population", "dataset": 5, "stat_type": "number", "description": "Population by voterregistration_2017", "fields": "[\"voterregistration_2017\"]", "denominator_key": null, "has_total": true, "value_type": "Integer"}}, {"model": "wazimap.fieldtable", "pk": 13, "fields": {"name": "VOTERREGISTRATION_2015", "universe": "Population", "dataset": 5, "stat_type": "number", "description": "Population by voterregistration_2015", "fields": "[\"voterregistration_2015\"]", "denominator_key": null, "has_total": true, "value_type": "Integer"}}, {"model": "wazimap.fieldtable", "pk": 14, "fields": {"name": "CRIMEREPORT", "universe": "Population", "dataset": 2, "stat_type": "number", "description": "Population by crimereport", "fields": "[\"crimereport\"]", "denominator_key": null, "has_total": true, "value_type": "Integer"}}, {"model": "wazimap.fieldtable", "pk": 15, "fields": {"name": "RELIGION", "universe": "Population", "dataset": 1, "stat_type": "number", "description": "Population by religion", "fields": "[\"religion\"]", "denominator_key": null, "has_total": true, "value_type": "Integer"}}, {"model": "wazimap.fieldtable", "pk": 16, "fields": {"name": "CROP_PRODUCTION", "universe": "Population", "dataset": 6, "stat_type": "number", "description": "Crop production and Livestock population for the year 2014 provided by the Ministry of Agriculture, Livestock and Fisheries.", "fields": "[\"crop_production\"]", "denominator_key": null, "has_total": true, "value_type": "Integer"}}, {"model": "wazimap.fieldtable", "pk": 17, "fields": {"name": "MAINSOURCEOFWATER", "universe": "Households", "dataset": 1, "stat_type": "number", "description": "Households by main source of water", "fields": "[\"main source of water\"]", "denominator_key": null, "has_total": true, "value_type": "Integer"}}, {"model": "wazimap.fieldtable", "pk": 18, "fields": {"name": "HEIGHTFORAGE", "universe": "Nutrition", "dataset": 3, "stat_type": "number", "description": "Nutrition by height for age", "fields": "[\"height for age\"]", "denominator_key": null, "has_total": true, "value_type": "Integer"}}, {"model": "wazimap.fieldtable", "pk": 19, "fields": {"name": "SCHOOLATTENDANCE_SEX", "universe": "People aged 3 years and older", "dataset": 1, "stat_type": "number", "description": "People aged 3 years and older by school attendance, sex", "fields": "[\"school attendance\", \"sex\"]", "denominator_key": null, "has_total": true, "value_type": "Integer"}}, {"model": "wazimap.fieldtable", "pk": 20, "fields": {"name": "TREATMENTOFCHILDRENWITHFEVER", "universe": "Population", "dataset": 3, "stat_type": "number", "description": "Population by treatment of children with fever", "fields": "[\"treatment of children with fever\"]", "denominator_key": null, "has_total": true, "value_type": "Integer"}}, {"model": "wazimap.fieldtable", "pk": 21, "fields": {"name": "LIVESTOCK_POPULATION", "universe": "Population", "dataset": 6, "stat_type": "number", "description": "Crop production and Livestock population for the year 2014 provided by the Ministry of Agriculture, Livestock and Fisheries.", "fields": "[\"livestock_population\"]", "denominator_key": null, "has_total": true, "value_type": "Integer"}}, {"model": "wazimap.fieldtable", "pk": 22, "fields": {"name": "HIGHESTEDUCATIONLEVELREACHED", "universe": "People aged 3 years and older", "dataset": 1, "stat_type": "number", "description": "People aged 3 years and older by highest education level reached", "fields": "[\"highest education level reached\"]", "denominator_key": null, "has_total": true, "value_type": "Integer"}}, {"model": "wazimap.fieldtable", "pk": 23, "fields": {"name": "CONTRACEPTIVE_TRADITIONAL_METHOD", "universe": "Contraceptive_use", "dataset": 3, "stat_type": "number", "description": "Contraceptive_use by contraceptive_traditional_method", "fields": "[\"contraceptive_traditional_method\"]", "denominator_key": null, "has_total": true, "value_type": "Integer"}}, {"model": "wazimap.fieldtable", "pk": 24, "fields": {"name": "KNOWLEDGEOFHIVPREVENTIONMETHODS_SEX", "universe": "Population", "dataset": 3, "stat_type": "number", "description": "Population by knowledge of hiv prevention methods, sex", "fields": "[\"knowledge of hiv prevention methods\", \"sex\"]", "denominator_key": null, "has_total": true, "value_type": "Integer"}}, {"model": "wazimap.fieldtable", "pk": 25, "fields": {"name": "MAINTYPEOFFLOORMATERIAL", "universe": "Households", "dataset": 1, "stat_type": "number", "description": "Households by main type of floor material", "fields": "[\"main type of floor material\"]", "denominator_key": null, "has_total": true, "value_type": "Integer"}}, {"model": "wazimap.fieldtable", "pk": 26, "fields": {"name": "WEIGHTFORAGE", "universe": "Nutrition", "dataset": 3, "stat_type": "number", "description": "Nutrition by weight for age", "fields": "[\"weight for age\"]", "denominator_key": null, "has_total": true, "value_type": "Integer"}}, {"model": "wazimap.fieldtable", "pk": 27, "fields": {"name": "MAINMODEOFHUMANWASTEDISPOSAL", "universe": "Households", "dataset": 1, "stat_type": "number", "description": "Households by main mode of human waste disposal", "fields": "[\"main mode of human waste disposal\"]", "denominator_key": null, "has_total": true, "value_type": "Integer"}}, {"model": "wazimap.fieldtable", "pk": 28, "fields": {"name": "LIVESTOCK_PRODUCTS", "universe": "Population", "dataset": 6, "stat_type": "number", "description": "Crop production and Livestock population for the year 2014 provided by the Ministry of Agriculture, Livestock and Fisheries.", "fields": "[\"livestock_products\"]", "denominator_key": null, "has_total": true, "value_type": "Integer"}}, {"model": "wazimap.fieldtable", "pk": 29, "fields": {"name": "AGEINCOMPLETEDYEARS_RURALORURBAN_SEX", "universe": "Population", "dataset": 1, "stat_type": "number", "description": "Population by rural or urban, sex, age in completed years", "fields": "[\"rural or urban\", \"sex\", \"age in completed years\"]", "denominator_key": null, "has_total": true, "value_type": "Integer"}}, {"model": "wazimap.fieldtable", "pk": 30, "fields": {"name": "VACCINATIONS", "universe": "Population", "dataset": 3, "stat_type": "number", "description": "Population by vaccinations", "fields": "[\"vaccinations\"]", "denominator_key": null, "has_total": true, "value_type": "Integer"}}, {"model": "wazimap.fieldtable", "pk": 31, "fields": {"name": "HOUSEHOLD_HEADS", "universe": "Population", "dataset": 1, "stat_type": "number", "description": "Population by Household_Heads", "fields": "[\"Household_Heads\"]", "denominator_key": null, "has_total": true, "value_type": "Integer"}}, {"model": "wazimap.fieldtable", "pk": 32, "fields": {"name": "MATERNALCAREINDICATORS", "universe": "Maternal care indicators", "dataset": 3, "stat_type": "number", "description": "Maternal care indicators by maternal care indicators", "fields": "[\"maternal care indicators\"]", "denominator_key": null, "has_total": true, "value_type": "Integer"}}, {"model": "wazimap.fieldtable", "pk": 33, "fields": {"name": "TYPESOFCRIME", "universe": "Population", "dataset": 2, "stat_type": "number", "description": "Population by typesofcrime", "fields": "[\"typesofcrime\"]", "denominator_key": null, "has_total": true, "value_type": "Integer"}}, {"model": "wazimap.fieldtable", "pk": 34, "fields": {"name": "EMPLOYMENTACTIVITYSTATUS_SEX", "universe": "People aged 5 years and older", "dataset": 1, "stat_type": "number", "description": "People aged 5 years and older by employment activity status, sex", "fields": "[\"employment activity status\", \"sex\"]", "denominator_key": null, "has_total": true, "value_type": "Integer"}}, {"model": "wazimap.fieldtable", "pk": 35, "fields": {"name": "SCHOOLFIRES", "universe": "Population", "dataset": 2, "stat_type": "number", "description": "Population by schoolfires", "fields": "[\"schoolfires\"]", "denominator_key": null, "has_total": true, "value_type": "Integer"}}, {"model": "wazimap.fieldtable", "pk": 36, "fields": {"name": "CONTRACEPTIVE_MODERN_METHOD", "universe": "Contraceptive_use", "dataset": 3, "stat_type": "number", "description": "Contraceptive_use by contraceptive_modern_method", "fields": "[\"contraceptive_modern_method\"]", "denominator_key": null, "has_total": true, "value_type": "Integer"}}, {"model": "wazimap.fieldtable", "pk": 37, "fields": {"name": "WEIGHTFORHEIGHT", "universe": "Nutrition", "dataset": 3, "stat_type": "number", "description": "Nutrition by weight for height", "fields": "[\"weight for height\"]", "denominator_key": null, "has_total": true, "value_type": "Integer"}}, {"model": "wazimap.fieldtablerelease", "pk": 1, "fields": {"data_table": 1, "db_table": 1, "release": 1}}, {"model": "wazimap.fieldtablerelease", "pk": 2, "fields": {"data_table": 2, "db_table": 2, "release": 2}}, {"model": "wazimap.fieldtablerelease", "pk": 3, "fields": {"data_table": 3, "db_table": 3, "release": 3}}, {"model": "wazimap.fieldtablerelease", "pk": 4, "fields": {"data_table": 4, "db_table": 4, "release": 3}}, {"model": "wazimap.fieldtablerelease", "pk": 5, "fields": {"data_table": 5, "db_table": 5, "release": 3}}, {"model": "wazimap.fieldtablerelease", "pk": 6, "fields": {"data_table": 6, "db_table": 6, "release": 3}}, {"model": "wazimap.fieldtablerelease", "pk": 7, "fields": {"data_table": 7, "db_table": 7, "release": 4}}, {"model": "wazimap.fieldtablerelease", "pk": 8, "fields": {"data_table": 8, "db_table": 8, "release": 3}}, {"model": "wazimap.fieldtablerelease", "pk": 9, "fields": {"data_table": 9, "db_table": 9, "release": 1}}, {"model": "wazimap.fieldtablerelease", "pk": 10, "fields": {"data_table": 10, "db_table": 10, "release": 3}}, {"model": "wazimap.fieldtablerelease", "pk": 11, "fields": {"data_table": 11, "db_table": 11, "release": 1}}, {"model": "wazimap.fieldtablerelease", "pk": 12, "fields": {"data_table": 12, "db_table": 12, "release": 5}}, {"model": "wazimap.fieldtablerelease", "pk": 13, "fields": {"data_table": 13, "db_table": 13, "release": 6}}, {"model": "wazimap.fieldtablerelease", "pk": 14, "fields": {"data_table": 14, "db_table": 14, "release": 7}}, {"model": "wazimap.fieldtablerelease", "pk": 15, "fields": {"data_table": 15, "db_table": 15, "release": 1}}, {"model": "wazimap.fieldtablerelease", "pk": 16, "fields": {"data_table": 16, "db_table": 16, "release": 8}}, {"model": "wazimap.fieldtablerelease", "pk": 17, "fields": {"data_table": 17, "db_table": 17, "release": 1}}, {"model": "wazimap.fieldtablerelease", "pk": 18, "fields": {"data_table": 18, "db_table": 18, "release": 3}}, {"model": "wazimap.fieldtablerelease", "pk": 19, "fields": {"data_table": 19, "db_table": 19, "release": 1}}, {"model": "wazimap.fieldtablerelease", "pk": 20, "fields": {"data_table": 20, "db_table": 20, "release": 3}}, {"model": "wazimap.fieldtablerelease", "pk": 21, "fields": {"data_table": 21, "db_table": 21, "release": 8}}, {"model": "wazimap.fieldtablerelease", "pk": 22, "fields": {"data_table": 22, "db_table": 22, "release": 1}}, {"model": "wazimap.fieldtablerelease", "pk": 23, "fields": {"data_table": 23, "db_table": 23, "release": 3}}, {"model": "wazimap.fieldtablerelease", "pk": 24, "fields": {"data_table": 24, "db_table": 24, "release": 3}}, {"model": "wazimap.fieldtablerelease", "pk": 25, "fields": {"data_table": 25, "db_table": 25, "release": 1}}, {"model": "wazimap.fieldtablerelease", "pk": 26, "fields": {"data_table": 26, "db_table": 26, "release": 3}}, {"model": "wazimap.fieldtablerelease", "pk": 27, "fields": {"data_table": 27, "db_table": 27, "release": 1}}, {"model": "wazimap.fieldtablerelease", "pk": 28, "fields": {"data_table": 28, "db_table": 28, "release": 8}}, {"model": "wazimap.fieldtablerelease", "pk": 29, "fields": {"data_table": 29, "db_table": 29, "release": 1}}, {"model": "wazimap.fieldtablerelease", "pk": 30, "fields": {"data_table": 30, "db_table": 30, "release": 3}}, {"model": "wazimap.fieldtablerelease", "pk": 31, "fields": {"data_table": 31, "db_table": 31, "release": 1}}, {"model": "wazimap.fieldtablerelease", "pk": 32, "fields": {"data_table": 32, "db_table": 32, "release": 3}}, {"model": "wazimap.fieldtablerelease", "pk": 33, "fields": {"data_table": 33, "db_table": 33, "release": 7}}, {"model": "wazimap.fieldtablerelease", "pk": 34, "fields": {"data_table": 34, "db_table": 34, "release": 1}}, {"model": "wazimap.fieldtablerelease", "pk": 35, "fields": {"data_table": 35, "db_table": 35, "release": 9}}, {"model": "wazimap.fieldtablerelease", "pk": 36, "fields": {"data_table": 36, "db_table": 36, "release": 3}}, {"model": "wazimap.fieldtablerelease", "pk": 37, "fields": {"data_table": 37, "db_table": 37, "release": 3}}]