[{"model": "wazimap.geography", "pk": 1, "fields": {"geo_level": "country", "geo_code": "ZW", "version": "2009", "name": "Zimbabwe", "long_name": "Zimbabwe", "square_kms": null, "parent_level": null, "parent_code": null}}, {"model": "wazimap.geography", "pk": 2, "fields": {"geo_level": "province", "geo_code": "12", "version": "2009", "name": "Mashonaland Central", "long_name": "Mashonaland Central", "square_kms": 28347.0, "parent_level": "country", "parent_code": "ZW"}}, {"model": "wazimap.geography", "pk": 3, "fields": {"geo_level": "province", "geo_code": "16", "version": "2009", "name": "Matabeleland South", "long_name": "Matabeleland South", "square_kms": 54172.0, "parent_level": "country", "parent_code": "ZW"}}, {"model": "wazimap.geography", "pk": 4, "fields": {"geo_level": "province", "geo_code": "18", "version": "2009", "name": "Masvingo", "long_name": "Masvingo", "square_kms": 56566.0, "parent_level": "country", "parent_code": "ZW"}}, {"model": "wazimap.geography", "pk": 5, "fields": {"geo_level": "province", "geo_code": "15", "version": "2009", "name": "Matabeleland North", "long_name": "Matabeleland North", "square_kms": 75025.0, "parent_level": "country", "parent_code": "ZW"}}, {"model": "wazimap.geography", "pk": 6, "fields": {"geo_level": "province", "geo_code": "17", "version": "2009", "name": "Midlands", "long_name": "Midlands", "square_kms": 49166.0, "parent_level": "country", "parent_code": "ZW"}}, {"model": "wazimap.geography", "pk": 7, "fields": {"geo_level": "province", "geo_code": "14", "version": "2009", "name": "Mashonaland West", "long_name": "Mashonaland West", "square_kms": 57441.0, "parent_level": "country", "parent_code": "ZW"}}, {"model": "wazimap.geography", "pk": 8, "fields": {"geo_level": "province", "geo_code": "10", "version": "2009", "name": "Bulawayo", "long_name": "Bulawayo", "square_kms": 900.0, "parent_level": "country", "parent_code": "ZW"}}, {"model": "wazimap.geography", "pk": 9, "fields": {"geo_level": "province", "geo_code": "11", "version": "2009", "name": "Manicaland", "long_name": "Manicaland", "square_kms": 36459.0, "parent_level": "country", "parent_code": "ZW"}}, {"model": "wazimap.geography", "pk": 10, "fields": {"geo_level": "province", "geo_code": "13", "version": "2009", "name": "Mashonaland East", "long_name": "Mashonaland East", "square_kms": 32230.0, "parent_level": "country", "parent_code": "ZW"}}, {"model": "wazimap.geography", "pk": 11, "fields": {"geo_level": "province", "geo_code": "19", "version": "2009", "name": "Harare", "long_name": "Harare", "square_kms": 872.0, "parent_level": "country", "parent_code": "ZW"}}, {"model": "wazimap.dataset", "pk": 1, "fields": {"name": "Census"}}, {"model": "wazimap.dataset", "pk": 2, "fields": {"name": "Afrobarometer Survey"}}, {"model": "wazimap.release", "pk": 1, "fields": {"name": "Census", "year": "2017", "citation": null, "dataset": 1}}, {"model": "wazimap.release", "pk": 2, "fields": {"name": "Afrobarometer Survey", "year": "2016", "citation": null, "dataset": 2}}, {"model": "wazimap.dbtable", "pk": 1, "fields": {"name": "population_by_residence"}}, {"model": "wazimap.dbtable", "pk": 2, "fields": {"name": "population_by_religion"}}, {"model": "wazimap.dbtable", "pk": 3, "fields": {"name": "population_by_sex"}}, {"model": "wazimap.dbtable", "pk": 4, "fields": {"name": "education_of_respondent"}}, {"model": "wazimap.dbtable", "pk": 5, "fields": {"name": "main_reason_for_not_reporting_corruption"}}, {"model": "wazimap.dbtable", "pk": 6, "fields": {"name": "positive_image_of_china"}}, {"model": "wazimap.dbtable", "pk": 7, "fields": {"name": "occupation_of_respondent"}}, {"model": "wazimap.dbtable", "pk": 8, "fields": {"name": "pay_bribe_treatment_public_health"}}, {"model": "wazimap.dbtable", "pk": 9, "fields": {"name": "corruption_president_office"}}, {"model": "wazimap.dbtable", "pk": 10, "fields": {"name": "election_work_for_candidate_or_party"}}, {"model": "wazimap.dbtable", "pk": 11, "fields": {"name": "satisfaction_with_democracy"}}, {"model": "wazimap.dbtable", "pk": 12, "fields": {"name": "people_must_obey_the_law"}}, {"model": "wazimap.dbtable", "pk": 13, "fields": {"name": "voting_recent_national_election"}}, {"model": "wazimap.dbtable", "pk": 14, "fields": {"name": "people_can_fight_corruption"}}, {"model": "wazimap.dbtable", "pk": 15, "fields": {"name": "corruption_judges_and_magistrates"}}, {"model": "wazimap.dbtable", "pk": 16, "fields": {"name": "elections_to_remove_leaders_from_office"}}, {"model": "wazimap.dbtable", "pk": 17, "fields": {"name": "pay_bribe_for_household_services"}}, {"model": "wazimap.dbtable", "pk": 18, "fields": {"name": "difficulty_to_obtain_medical_treatment"}}, {"model": "wazimap.dbtable", "pk": 19, "fields": {"name": "election_attend_campaign_rally"}}, {"model": "wazimap.dbtable", "pk": 20, "fields": {"name": "election_attend_campaign_meeting"}}, {"model": "wazimap.dbtable", "pk": 21, "fields": {"name": "chinas_influence_on_economy"}}, {"model": "wazimap.dbtable", "pk": 22, "fields": {"name": "vote_for_which_party"}}, {"model": "wazimap.dbtable", "pk": 23, "fields": {"name": "corruption_gov_officials"}}, {"model": "wazimap.dbtable", "pk": 24, "fields": {"name": "corruption_mps"}}, {"model": "wazimap.dbtable", "pk": 25, "fields": {"name": "pay_bribe_for_document_or_permit"}}, {"model": "wazimap.dbtable", "pk": 26, "fields": {"name": "corruption_traditional_leaders"}}, {"model": "wazimap.dbtable", "pk": 27, "fields": {"name": "own_radio"}}, {"model": "wazimap.dbtable", "pk": 28, "fields": {"name": "corruption_tax_officials"}}, {"model": "wazimap.dbtable", "pk": 29, "fields": {"name": "elections_ensure_voters_views_are_reflected"}}, {"model": "wazimap.dbtable", "pk": 30, "fields": {"name": "own_mobile_phone"}}, {"model": "wazimap.dbtable", "pk": 31, "fields": {"name": "most_effective_way_to_combat_corruption"}}, {"model": "wazimap.dbtable", "pk": 32, "fields": {"name": "how_often_use_the_internet"}}, {"model": "wazimap.dbtable", "pk": 33, "fields": {"name": "freeness_and_fairness_last_elections"}}, {"model": "wazimap.dbtable", "pk": 34, "fields": {"name": "chinas_influence_positive_or_negative"}}, {"model": "wazimap.dbtable", "pk": 35, "fields": {"name": "difficulty_to_obtain_identity_document"}}, {"model": "wazimap.dbtable", "pk": 36, "fields": {"name": "difficulty_to_obtain_household_services"}}, {"model": "wazimap.dbtable", "pk": 37, "fields": {"name": "level_of_corruption"}}, {"model": "wazimap.dbtable", "pk": 38, "fields": {"name": "chinas_assistance_meets_country_needs"}}, {"model": "wazimap.dbtable", "pk": 39, "fields": {"name": "corruption_local_gov_councilors"}}, {"model": "wazimap.dbtable", "pk": 40, "fields": {"name": "extent_of_democracy"}}, {"model": "wazimap.dbtable", "pk": 41, "fields": {"name": "pay_bribe_for_school_services"}}, {"model": "wazimap.dbtable", "pk": 42, "fields": {"name": "corruption_religious_leaders"}}, {"model": "wazimap.dbtable", "pk": 43, "fields": {"name": "corruption_business_executives"}}, {"model": "wazimap.dbtable", "pk": 44, "fields": {"name": "employment_status"}}, {"model": "wazimap.dbtable", "pk": 45, "fields": {"name": "difficulty_to_obtain_public_school_services"}}, {"model": "wazimap.dbtable", "pk": 46, "fields": {"name": "corruption_police"}}, {"model": "wazimap.dbtable", "pk": 47, "fields": {"name": "negative_image_of_china"}}, {"model": "wazimap.dbtable", "pk": 48, "fields": {"name": "own_television"}}, {"model": "wazimap.dbtable", "pk": 49, "fields": {"name": "people_must_pay_taxes"}}, {"model": "wazimap.dbtable", "pk": 50, "fields": {"name": "courts_make_binding_decisions"}}, {"model": "wazimap.dbtable", "pk": 51, "fields": {"name": "employer_of_respondent"}}, {"model": "wazimap.dbtable", "pk": 52, "fields": {"name": "how_often_use_a_mobile_phone"}}, {"model": "wazimap.dbtable", "pk": 53, "fields": {"name": "own_motor_vehicle"}}, {"model": "wazimap.fieldtable", "pk": 1, "fields": {"name": "POPULATION_BY_RESIDENCE", "universe": "Population", "dataset": 1, "stat_type": "number", "description": "Population by residence", "fields": "[\"residence\"]", "denominator_key": null, "has_total": true, "value_type": "Integer"}}, {"model": "wazimap.fieldtable", "pk": 2, "fields": {"name": "POPULATION_BY_RELIGION", "universe": "Population", "dataset": 1, "stat_type": "number", "description": "Population by religion", "fields": "[\"religion\"]", "denominator_key": null, "has_total": true, "value_type": "Integer"}}, {"model": "wazimap.fieldtable", "pk": 3, "fields": {"name": "POPULATION_BY_SEX", "universe": "Population", "dataset": 1, "stat_type": "number", "description": "Population by sex", "fields": "[\"sex\"]", "denominator_key": null, "has_total": true, "value_type": "Integer"}}, {"model": "wazimap.fieldtable", "pk": 4, "fields": {"name": "EDUCATION_OF_RESPONDENT", "universe": "Population", "dataset": 2, "stat_type": "number", "description": "Population by education_of_respondent", "fields": "[\"education_of_respondent\"]", "denominator_key": null, "has_total": true, "value_type": "Integer"}}, {"model": "wazimap.fieldtable", "pk": 5, "fields": {"name": "MAIN_REASON_FOR_NOT_REPORTING_CORRUPTION", "universe": "Population", "dataset": 2, "stat_type": "number", "description": "Population by main_reason_for_not_reporting_corruption", "fields": "[\"main_reason_for_not_reporting_corruption\"]", "denominator_key": null, "has_total": true, "value_type": "Integer"}}, {"model": "wazimap.fieldtable", "pk": 6, "fields": {"name": "POSITIVE_IMAGE_OF_CHINA", "universe": "Population", "dataset": 2, "stat_type": "number", "description": "Population by positive_image_of_china", "fields": "[\"positive_image_of_china\"]", "denominator_key": null, "has_total": true, "value_type": "Integer"}}, {"model": "wazimap.fieldtable", "pk": 7, "fields": {"name": "OCCUPATION_OF_RESPONDENT", "universe": "Population", "dataset": 2, "stat_type": "number", "description": "Population by occupation_of_respondent", "fields": "[\"occupation_of_respondent\"]", "denominator_key": null, "has_total": true, "value_type": "Integer"}}, {"model": "wazimap.fieldtable", "pk": 8, "fields": {"name": "PAY_BRIBE_TREATMENT_PUBLIC_HEALTH", "universe": "Population", "dataset": 2, "stat_type": "number", "description": "Population by pay_bribe_treatment_public_health", "fields": "[\"pay_bribe_treatment_public_health\"]", "denominator_key": null, "has_total": true, "value_type": "Integer"}}, {"model": "wazimap.fieldtable", "pk": 9, "fields": {"name": "CORRUPTION_PRESIDENT_OFFICE", "universe": "Population", "dataset": 2, "stat_type": "number", "description": "Population by corruption_president_office", "fields": "[\"corruption_president_office\"]", "denominator_key": null, "has_total": true, "value_type": "Integer"}}, {"model": "wazimap.fieldtable", "pk": 10, "fields": {"name": "ELECTION_WORK_FOR_CANDIDATE_OR_PARTY", "universe": "Population", "dataset": 2, "stat_type": "number", "description": "Population by election_work_for_candidate_or_party", "fields": "[\"election_work_for_candidate_or_party\"]", "denominator_key": null, "has_total": true, "value_type": "Integer"}}, {"model": "wazimap.fieldtable", "pk": 11, "fields": {"name": "SATISFACTION_WITH_DEMOCRACY", "universe": "Population", "dataset": 2, "stat_type": "number", "description": "Population by satisfaction_with_democracy", "fields": "[\"satisfaction_with_democracy\"]", "denominator_key": null, "has_total": true, "value_type": "Integer"}}, {"model": "wazimap.fieldtable", "pk": 12, "fields": {"name": "PEOPLE_MUST_OBEY_THE_LAW", "universe": "Population", "dataset": 2, "stat_type": "number", "description": "Population by people_must_obey_the_law", "fields": "[\"people_must_obey_the_law\"]", "denominator_key": null, "has_total": true, "value_type": "Integer"}}, {"model": "wazimap.fieldtable", "pk": 13, "fields": {"name": "VOTING_RECENT_NATIONAL_ELECTION", "universe": "Population", "dataset": 2, "stat_type": "number", "description": "Population by voting_recent_national_election", "fields": "[\"voting_recent_national_election\"]", "denominator_key": null, "has_total": true, "value_type": "Integer"}}, {"model": "wazimap.fieldtable", "pk": 14, "fields": {"name": "PEOPLE_CAN_FIGHT_CORRUPTION", "universe": "Population", "dataset": 2, "stat_type": "number", "description": "Population by people_can_fight_corruption", "fields": "[\"people_can_fight_corruption\"]", "denominator_key": null, "has_total": true, "value_type": "Integer"}}, {"model": "wazimap.fieldtable", "pk": 15, "fields": {"name": "CORRUPTION_JUDGES_AND_MAGISTRATES", "universe": "Population", "dataset": 2, "stat_type": "number", "description": "Population by corruption_judges_and_magistrates", "fields": "[\"corruption_judges_and_magistrates\"]", "denominator_key": null, "has_total": true, "value_type": "Integer"}}, {"model": "wazimap.fieldtable", "pk": 16, "fields": {"name": "ELECTIONS_TO_REMOVE_LEADERS_FROM_OFFICE", "universe": "Population", "dataset": 2, "stat_type": "number", "description": "Population by elections_to_remove_leaders_from_office", "fields": "[\"elections_to_remove_leaders_from_office\"]", "denominator_key": null, "has_total": true, "value_type": "Integer"}}, {"model": "wazimap.fieldtable", "pk": 17, "fields": {"name": "PAY_BRIBE_FOR_HOUSEHOLD_SERVICES", "universe": "Population", "dataset": 2, "stat_type": "number", "description": "Population by pay_bribe_for_household_services", "fields": "[\"pay_bribe_for_household_services\"]", "denominator_key": null, "has_total": true, "value_type": "Integer"}}, {"model": "wazimap.fieldtable", "pk": 18, "fields": {"name": "DIFFICULTY_TO_OBTAIN_MEDICAL_TREATMENT", "universe": "Population", "dataset": 2, "stat_type": "number", "description": "Population by difficulty_to_obtain_medical_treatment", "fields": "[\"difficulty_to_obtain_medical_treatment\"]", "denominator_key": null, "has_total": true, "value_type": "Integer"}}, {"model": "wazimap.fieldtable", "pk": 19, "fields": {"name": "ELECTION_ATTEND_CAMPAIGN_RALLY", "universe": "Population", "dataset": 2, "stat_type": "number", "description": "Population by election_attend_campaign_rally", "fields": "[\"election_attend_campaign_rally\"]", "denominator_key": null, "has_total": true, "value_type": "Integer"}}, {"model": "wazimap.fieldtable", "pk": 20, "fields": {"name": "ELECTION_ATTEND_CAMPAIGN_MEETING", "universe": "Population", "dataset": 2, "stat_type": "number", "description": "Population by election_attend_campaign_meeting", "fields": "[\"election_attend_campaign_meeting\"]", "denominator_key": null, "has_total": true, "value_type": "Integer"}}, {"model": "wazimap.fieldtable", "pk": 21, "fields": {"name": "CHINAS_INFLUENCE_ON_ECONOMY", "universe": "Population", "dataset": 2, "stat_type": "number", "description": "Population by chinas_influence_on_economy", "fields": "[\"chinas_influence_on_economy\"]", "denominator_key": null, "has_total": true, "value_type": "Integer"}}, {"model": "wazimap.fieldtable", "pk": 22, "fields": {"name": "VOTE_FOR_WHICH_PARTY", "universe": "Population", "dataset": 2, "stat_type": "number", "description": "Population by vote_for_which_party", "fields": "[\"vote_for_which_party\"]", "denominator_key": null, "has_total": true, "value_type": "Integer"}}, {"model": "wazimap.fieldtable", "pk": 23, "fields": {"name": "CORRUPTION_GOV_OFFICIALS", "universe": "Population", "dataset": 2, "stat_type": "number", "description": "Population by corruption_gov_officials", "fields": "[\"corruption_gov_officials\"]", "denominator_key": null, "has_total": true, "value_type": "Integer"}}, {"model": "wazimap.fieldtable", "pk": 24, "fields": {"name": "CORRUPTION_MPS", "universe": "Population", "dataset": 2, "stat_type": "number", "description": "Population by corruption_mps", "fields": "[\"corruption_mps\"]", "denominator_key": null, "has_total": true, "value_type": "Integer"}}, {"model": "wazimap.fieldtable", "pk": 25, "fields": {"name": "PAY_BRIBE_FOR_DOCUMENT_OR_PERMIT", "universe": "Population", "dataset": 2, "stat_type": "number", "description": "Population by pay_bribe_for_document_or_permit", "fields": "[\"pay_bribe_for_document_or_permit\"]", "denominator_key": null, "has_total": true, "value_type": "Integer"}}, {"model": "wazimap.fieldtable", "pk": 26, "fields": {"name": "CORRUPTION_TRADITIONAL_LEADERS", "universe": "Population", "dataset": 2, "stat_type": "number", "description": "Population by corruption_traditional_leaders", "fields": "[\"corruption_traditional_leaders\"]", "denominator_key": null, "has_total": true, "value_type": "Integer"}}, {"model": "wazimap.fieldtable", "pk": 27, "fields": {"name": "OWN_RADIO", "universe": "Population", "dataset": 2, "stat_type": "number", "description": "Population by own_radio", "fields": "[\"own_radio\"]", "denominator_key": null, "has_total": true, "value_type": "Integer"}}, {"model": "wazimap.fieldtable", "pk": 28, "fields": {"name": "CORRUPTION_TAX_OFFICIALS", "universe": "Population", "dataset": 2, "stat_type": "number", "description": "Population by corruption_tax_officials", "fields": "[\"corruption_tax_officials\"]", "denominator_key": null, "has_total": true, "value_type": "Integer"}}, {"model": "wazimap.fieldtable", "pk": 29, "fields": {"name": "ELECTIONS_ENSURE_VOTERS_VIEWS_ARE_REFLECTED", "universe": "Population", "dataset": 2, "stat_type": "number", "description": "Population by elections_ensure_voters_views_are_reflected", "fields": "[\"elections_ensure_voters_views_are_reflected\"]", "denominator_key": null, "has_total": true, "value_type": "Integer"}}, {"model": "wazimap.fieldtable", "pk": 30, "fields": {"name": "OWN_MOBILE_PHONE", "universe": "Population", "dataset": 2, "stat_type": "number", "description": "Population by own_mobile_phone", "fields": "[\"own_mobile_phone\"]", "denominator_key": null, "has_total": true, "value_type": "Integer"}}, {"model": "wazimap.fieldtable", "pk": 31, "fields": {"name": "MOST_EFFECTIVE_WAY_TO_COMBAT_CORRUPTION", "universe": "Population", "dataset": 2, "stat_type": "number", "description": "Population by most_effective_way_to_combat_corruption", "fields": "[\"most_effective_way_to_combat_corruption\"]", "denominator_key": null, "has_total": true, "value_type": "Integer"}}, {"model": "wazimap.fieldtable", "pk": 32, "fields": {"name": "HOW_OFTEN_USE_THE_INTERNET", "universe": "Population", "dataset": 2, "stat_type": "number", "description": "Population by how_often_use_the_internet", "fields": "[\"how_often_use_the_internet\"]", "denominator_key": null, "has_total": true, "value_type": "Integer"}}, {"model": "wazimap.fieldtable", "pk": 33, "fields": {"name": "FREENESS_AND_FAIRNESS_LAST_ELECTIONS", "universe": "Population", "dataset": 2, "stat_type": "number", "description": "Population by freeness_and_fairness_last_elections", "fields": "[\"freeness_and_fairness_last_elections\"]", "denominator_key": null, "has_total": true, "value_type": "Integer"}}, {"model": "wazimap.fieldtable", "pk": 34, "fields": {"name": "CHINAS_INFLUENCE_POSITIVE_OR_NEGATIVE", "universe": "Population", "dataset": 2, "stat_type": "number", "description": "Population by chinas_influence_positive_or_negative", "fields": "[\"chinas_influence_positive_or_negative\"]", "denominator_key": null, "has_total": true, "value_type": "Integer"}}, {"model": "wazimap.fieldtable", "pk": 35, "fields": {"name": "DIFFICULTY_TO_OBTAIN_IDENTITY_DOCUMENT", "universe": "Population", "dataset": 2, "stat_type": "number", "description": "Population by difficulty_to_obtain_identity_document", "fields": "[\"difficulty_to_obtain_identity_document\"]", "denominator_key": null, "has_total": true, "value_type": "Integer"}}, {"model": "wazimap.fieldtable", "pk": 36, "fields": {"name": "DIFFICULTY_TO_OBTAIN_HOUSEHOLD_SERVICES", "universe": "Population", "dataset": 2, "stat_type": "number", "description": "Population by difficulty_to_obtain_household_services", "fields": "[\"difficulty_to_obtain_household_services\"]", "denominator_key": null, "has_total": true, "value_type": "Integer"}}, {"model": "wazimap.fieldtable", "pk": 37, "fields": {"name": "LEVEL_OF_CORRUPTION", "universe": "Population", "dataset": 2, "stat_type": "number", "description": "Population by level_of_corruption", "fields": "[\"level_of_corruption\"]", "denominator_key": null, "has_total": true, "value_type": "Integer"}}, {"model": "wazimap.fieldtable", "pk": 38, "fields": {"name": "CHINAS_ASSISTANCE_MEETS_COUNTRY_NEEDS", "universe": "Population", "dataset": 2, "stat_type": "number", "description": "Population by chinas_assistance_meets_country_needs", "fields": "[\"chinas_assistance_meets_country_needs\"]", "denominator_key": null, "has_total": true, "value_type": "Integer"}}, {"model": "wazimap.fieldtable", "pk": 39, "fields": {"name": "CORRUPTION_LOCAL_GOV_COUNCILORS", "universe": "Population", "dataset": 2, "stat_type": "number", "description": "Population by corruption_local_gov_councilors", "fields": "[\"corruption_local_gov_councilors\"]", "denominator_key": null, "has_total": true, "value_type": "Integer"}}, {"model": "wazimap.fieldtable", "pk": 40, "fields": {"name": "EXTENT_OF_DEMOCRACY", "universe": "Population", "dataset": 2, "stat_type": "number", "description": "Population by extent_of_democracy", "fields": "[\"extent_of_democracy\"]", "denominator_key": null, "has_total": true, "value_type": "Integer"}}, {"model": "wazimap.fieldtable", "pk": 41, "fields": {"name": "PAY_BRIBE_FOR_SCHOOL_SERVICES", "universe": "Population", "dataset": 2, "stat_type": "number", "description": "Population by pay_bribe_for_school_services", "fields": "[\"pay_bribe_for_school_services\"]", "denominator_key": null, "has_total": true, "value_type": "Integer"}}, {"model": "wazimap.fieldtable", "pk": 42, "fields": {"name": "CORRUPTION_RELIGIOUS_LEADERS", "universe": "Population", "dataset": 2, "stat_type": "number", "description": "Population by corruption_religious_leaders", "fields": "[\"corruption_religious_leaders\"]", "denominator_key": null, "has_total": true, "value_type": "Integer"}}, {"model": "wazimap.fieldtable", "pk": 43, "fields": {"name": "CORRUPTION_BUSINESS_EXECUTIVES", "universe": "Population", "dataset": 2, "stat_type": "number", "description": "Population by corruption_business_executives", "fields": "[\"corruption_business_executives\"]", "denominator_key": null, "has_total": true, "value_type": "Integer"}}, {"model": "wazimap.fieldtable", "pk": 44, "fields": {"name": "EMPLOYMENT_STATUS", "universe": "Population", "dataset": 2, "stat_type": "number", "description": "Population by employment_status", "fields": "[\"employment_status\"]", "denominator_key": null, "has_total": true, "value_type": "Integer"}}, {"model": "wazimap.fieldtable", "pk": 45, "fields": {"name": "DIFFICULTY_TO_OBTAIN_PUBLIC_SCHOOL_SERVICES", "universe": "Population", "dataset": 2, "stat_type": "number", "description": "Population by difficulty_to_obtain_public_school_services", "fields": "[\"difficulty_to_obtain_public_school_services\"]", "denominator_key": null, "has_total": true, "value_type": "Integer"}}, {"model": "wazimap.fieldtable", "pk": 46, "fields": {"name": "CORRUPTION_POLICE", "universe": "Population", "dataset": 2, "stat_type": "number", "description": "Population by corruption_police", "fields": "[\"corruption_police\"]", "denominator_key": null, "has_total": true, "value_type": "Integer"}}, {"model": "wazimap.fieldtable", "pk": 47, "fields": {"name": "NEGATIVE_IMAGE_OF_CHINA", "universe": "Population", "dataset": 2, "stat_type": "number", "description": "Population by negative_image_of_china", "fields": "[\"negative_image_of_china\"]", "denominator_key": null, "has_total": true, "value_type": "Integer"}}, {"model": "wazimap.fieldtable", "pk": 48, "fields": {"name": "OWN_TELEVISION", "universe": "Population", "dataset": 2, "stat_type": "number", "description": "Population by own_television", "fields": "[\"own_television\"]", "denominator_key": null, "has_total": true, "value_type": "Integer"}}, {"model": "wazimap.fieldtable", "pk": 49, "fields": {"name": "PEOPLE_MUST_PAY_TAXES", "universe": "Population", "dataset": 2, "stat_type": "number", "description": "Population by people_must_pay_taxes", "fields": "[\"people_must_pay_taxes\"]", "denominator_key": null, "has_total": true, "value_type": "Integer"}}, {"model": "wazimap.fieldtable", "pk": 50, "fields": {"name": "COURTS_MAKE_BINDING_DECISIONS", "universe": "Population", "dataset": 2, "stat_type": "number", "description": "Population by courts_make_binding_decisions", "fields": "[\"courts_make_binding_decisions\"]", "denominator_key": null, "has_total": true, "value_type": "Integer"}}, {"model": "wazimap.fieldtable", "pk": 51, "fields": {"name": "EMPLOYER_OF_RESPONDENT", "universe": "Population", "dataset": 2, "stat_type": "number", "description": "Population by employer_of_respondent", "fields": "[\"employer_of_respondent\"]", "denominator_key": null, "has_total": true, "value_type": "Integer"}}, {"model": "wazimap.fieldtable", "pk": 52, "fields": {"name": "HOW_OFTEN_USE_A_MOBILE_PHONE", "universe": "Population", "dataset": 2, "stat_type": "number", "description": "Population by how_often_use_a_mobile_phone", "fields": "[\"how_often_use_a_mobile_phone\"]", "denominator_key": null, "has_total": true, "value_type": "Integer"}}, {"model": "wazimap.fieldtable", "pk": 53, "fields": {"name": "OWN_MOTOR_VEHICLE", "universe": "Population", "dataset": 2, "stat_type": "number", "description": "Population by own_motor_vehicle", "fields": "[\"own_motor_vehicle\"]", "denominator_key": null, "has_total": true, "value_type": "Integer"}}, {"model": "wazimap.fieldtablerelease", "pk": 1, "fields": {"data_table": 1, "db_table": 1, "release": 1}}, {"model": "wazimap.fieldtablerelease", "pk": 2, "fields": {"data_table": 2, "db_table": 2, "release": 1}}, {"model": "wazimap.fieldtablerelease", "pk": 3, "fields": {"data_table": 3, "db_table": 3, "release": 1}}, {"model": "wazimap.fieldtablerelease", "pk": 4, "fields": {"data_table": 4, "db_table": 4, "release": 2}}, {"model": "wazimap.fieldtablerelease", "pk": 5, "fields": {"data_table": 5, "db_table": 5, "release": 2}}, {"model": "wazimap.fieldtablerelease", "pk": 6, "fields": {"data_table": 6, "db_table": 6, "release": 2}}, {"model": "wazimap.fieldtablerelease", "pk": 7, "fields": {"data_table": 7, "db_table": 7, "release": 2}}, {"model": "wazimap.fieldtablerelease", "pk": 8, "fields": {"data_table": 8, "db_table": 8, "release": 2}}, {"model": "wazimap.fieldtablerelease", "pk": 9, "fields": {"data_table": 9, "db_table": 9, "release": 2}}, {"model": "wazimap.fieldtablerelease", "pk": 10, "fields": {"data_table": 10, "db_table": 10, "release": 2}}, {"model": "wazimap.fieldtablerelease", "pk": 11, "fields": {"data_table": 11, "db_table": 11, "release": 2}}, {"model": "wazimap.fieldtablerelease", "pk": 12, "fields": {"data_table": 12, "db_table": 12, "release": 2}}, {"model": "wazimap.fieldtablerelease", "pk": 13, "fields": {"data_table": 13, "db_table": 13, "release": 2}}, {"model": "wazimap.fieldtablerelease", "pk": 14, "fields": {"data_table": 14, "db_table": 14, "release": 2}}, {"model": "wazimap.fieldtablerelease", "pk": 15, "fields": {"data_table": 15, "db_table": 15, "release": 2}}, {"model": "wazimap.fieldtablerelease", "pk": 16, "fields": {"data_table": 16, "db_table": 16, "release": 2}}, {"model": "wazimap.fieldtablerelease", "pk": 17, "fields": {"data_table": 17, "db_table": 17, "release": 2}}, {"model": "wazimap.fieldtablerelease", "pk": 18, "fields": {"data_table": 18, "db_table": 18, "release": 2}}, {"model": "wazimap.fieldtablerelease", "pk": 19, "fields": {"data_table": 19, "db_table": 19, "release": 2}}, {"model": "wazimap.fieldtablerelease", "pk": 20, "fields": {"data_table": 20, "db_table": 20, "release": 2}}, {"model": "wazimap.fieldtablerelease", "pk": 21, "fields": {"data_table": 21, "db_table": 21, "release": 2}}, {"model": "wazimap.fieldtablerelease", "pk": 22, "fields": {"data_table": 22, "db_table": 22, "release": 2}}, {"model": "wazimap.fieldtablerelease", "pk": 23, "fields": {"data_table": 23, "db_table": 23, "release": 2}}, {"model": "wazimap.fieldtablerelease", "pk": 24, "fields": {"data_table": 24, "db_table": 24, "release": 2}}, {"model": "wazimap.fieldtablerelease", "pk": 25, "fields": {"data_table": 25, "db_table": 25, "release": 2}}, {"model": "wazimap.fieldtablerelease", "pk": 26, "fields": {"data_table": 26, "db_table": 26, "release": 2}}, {"model": "wazimap.fieldtablerelease", "pk": 27, "fields": {"data_table": 27, "db_table": 27, "release": 2}}, {"model": "wazimap.fieldtablerelease", "pk": 28, "fields": {"data_table": 28, "db_table": 28, "release": 2}}, {"model": "wazimap.fieldtablerelease", "pk": 29, "fields": {"data_table": 29, "db_table": 29, "release": 2}}, {"model": "wazimap.fieldtablerelease", "pk": 30, "fields": {"data_table": 30, "db_table": 30, "release": 2}}, {"model": "wazimap.fieldtablerelease", "pk": 31, "fields": {"data_table": 31, "db_table": 31, "release": 2}}, {"model": "wazimap.fieldtablerelease", "pk": 32, "fields": {"data_table": 32, "db_table": 32, "release": 2}}, {"model": "wazimap.fieldtablerelease", "pk": 33, "fields": {"data_table": 33, "db_table": 33, "release": 2}}, {"model": "wazimap.fieldtablerelease", "pk": 34, "fields": {"data_table": 34, "db_table": 34, "release": 2}}, {"model": "wazimap.fieldtablerelease", "pk": 35, "fields": {"data_table": 35, "db_table": 35, "release": 2}}, {"model": "wazimap.fieldtablerelease", "pk": 36, "fields": {"data_table": 36, "db_table": 36, "release": 2}}, {"model": "wazimap.fieldtablerelease", "pk": 37, "fields": {"data_table": 37, "db_table": 37, "release": 2}}, {"model": "wazimap.fieldtablerelease", "pk": 38, "fields": {"data_table": 38, "db_table": 38, "release": 2}}, {"model": "wazimap.fieldtablerelease", "pk": 39, "fields": {"data_table": 39, "db_table": 39, "release": 2}}, {"model": "wazimap.fieldtablerelease", "pk": 40, "fields": {"data_table": 40, "db_table": 40, "release": 2}}, {"model": "wazimap.fieldtablerelease", "pk": 41, "fields": {"data_table": 41, "db_table": 41, "release": 2}}, {"model": "wazimap.fieldtablerelease", "pk": 42, "fields": {"data_table": 42, "db_table": 42, "release": 2}}, {"model": "wazimap.fieldtablerelease", "pk": 43, "fields": {"data_table": 43, "db_table": 43, "release": 2}}, {"model": "wazimap.fieldtablerelease", "pk": 44, "fields": {"data_table": 44, "db_table": 44, "release": 2}}, {"model": "wazimap.fieldtablerelease", "pk": 45, "fields": {"data_table": 45, "db_table": 45, "release": 2}}, {"model": "wazimap.fieldtablerelease", "pk": 46, "fields": {"data_table": 46, "db_table": 46, "release": 2}}, {"model": "wazimap.fieldtablerelease", "pk": 47, "fields": {"data_table": 47, "db_table": 47, "release": 2}}, {"model": "wazimap.fieldtablerelease", "pk": 48, "fields": {"data_table": 48, "db_table": 48, "release": 2}}, {"model": "wazimap.fieldtablerelease", "pk": 49, "fields": {"data_table": 49, "db_table": 49, "release": 2}}, {"model": "wazimap.fieldtablerelease", "pk": 50, "fields": {"data_table": 50, "db_table": 50, "release": 2}}, {"model": "wazimap.fieldtablerelease", "pk": 51, "fields": {"data_table": 51, "db_table": 51, "release": 2}}, {"model": "wazimap.fieldtablerelease", "pk": 52, "fields": {"data_table": 52, "db_table": 52, "release": 2}}, {"model": "wazimap.fieldtablerelease", "pk": 53, "fields": {"data_table": 53, "db_table": 53, "release": 2}}]