[{"model": "wazimap.geography", "pk": 279, "fields": {"geo_level": "continent", "geo_code": "AFR", "version": "2009", "name": "Africa", "long_name": "Africa", "square_kms": null, "parent_level": null, "parent_code": null}}, {"model": "wazimap.geography", "pk": 364, "fields": {"geo_level": "level1", "geo_code": "KE_1_020", "version": "2009", "name": "Kirinyaga", "long_name": "Kirinyaga", "square_kms": 1205.4, "parent_level": "country", "parent_code": "KE"}}, {"model": "wazimap.geography", "pk": 365, "fields": {"geo_level": "level1", "geo_code": "KE_1_021", "version": "2009", "name": "Muranga", "long_name": "Muranga", "square_kms": 2325.8, "parent_level": "country", "parent_code": "KE"}}, {"model": "wazimap.geography", "pk": 366, "fields": {"geo_level": "level1", "geo_code": "KE_1_018", "version": "2009", "name": "Nyandarua", "long_name": "Nyandarua", "square_kms": 3107.7, "parent_level": "country", "parent_code": "KE"}}, {"model": "wazimap.geography", "pk": 367, "fields": {"geo_level": "level1", "geo_code": "KE_1_019", "version": "2009", "name": "Nyeri", "long_name": "Nyeri", "square_kms": 2361.0, "parent_level": "country", "parent_code": "KE"}}, {"model": "wazimap.geography", "pk": 368, "fields": {"geo_level": "level1", "geo_code": "KE_1_024", "version": "2009", "name": "West-Pokot", "long_name": "West-Pokot", "square_kms": 8418.2, "parent_level": "country", "parent_code": "KE"}}, {"model": "wazimap.geography", "pk": 369, "fields": {"geo_level": "level1", "geo_code": "KE_1_025", "version": "2009", "name": "Samburu", "long_name": "Samburu", "square_kms": 20182.5, "parent_level": "country", "parent_code": "KE"}}, {"model": "wazimap.geography", "pk": 370, "fields": {"geo_level": "level1", "geo_code": "KE_1_022", "version": "2009", "name": "Kiambu", "long_name": "Kiambu", "square_kms": 2449.2, "parent_level": "country", "parent_code": "KE"}}, {"model": "wazimap.geography", "pk": 371, "fields": {"geo_level": "level1", "geo_code": "KE_1_023", "version": "2009", "name": "Turkana", "long_name": "Turkana", "square_kms": 71597.8, "parent_level": "country", "parent_code": "KE"}}, {"model": "wazimap.geography", "pk": 372, "fields": {"geo_level": "level1", "geo_code": "KE_1_028", "version": "2009", "name": "Elgeyo-Marakwet", "long_name": "Elgeyo-Marakwet", "square_kms": 3049.7, "parent_level": "country", "parent_code": "KE"}}, {"model": "wazimap.geography", "pk": 373, "fields": {"geo_level": "level1", "geo_code": "KE_1_029", "version": "2009", "name": "Nandi", "long_name": "Nandi", "square_kms": 2884.5, "parent_level": "country", "parent_code": "KE"}}, {"model": "wazimap.geography", "pk": 374, "fields": {"geo_level": "level1", "geo_code": "KE_1_026", "version": "2009", "name": "Trans-Nzoia", "long_name": "Trans-Nzoia", "square_kms": 2469.9, "parent_level": "country", "parent_code": "KE"}}, {"model": "wazimap.geography", "pk": 375, "fields": {"geo_level": "level1", "geo_code": "KE_1_027", "version": "2009", "name": "Uasin-Gishu", "long_name": "Uasin-Gishu", "square_kms": 2955.3, "parent_level": "country", "parent_code": "KE"}}, {"model": "wazimap.geography", "pk": 376, "fields": {"geo_level": "level1", "geo_code": "KE_1_032", "version": "2009", "name": "Nakuru", "long_name": "Nakuru", "square_kms": 7509.5, "parent_level": "country", "parent_code": "KE"}}, {"model": "wazimap.geography", "pk": 377, "fields": {"geo_level": "level1", "geo_code": "KE_1_033", "version": "2009", "name": "Narok", "long_name": "Narok", "square_kms": 17921.2, "parent_level": "country", "parent_code": "KE"}}, {"model": "wazimap.geography", "pk": 378, "fields": {"geo_level": "level1", "geo_code": "KE_1_030", "version": "2009", "name": "Baringo", "long_name": "Baringo", "square_kms": 11075.3, "parent_level": "country", "parent_code": "KE"}}, {"model": "wazimap.geography", "pk": 379, "fields": {"geo_level": "level1", "geo_code": "KE_1_031", "version": "2009", "name": "Laikipia", "long_name": "Laikipia", "square_kms": 8696.1, "parent_level": "country", "parent_code": "KE"}}, {"model": "wazimap.geography", "pk": 380, "fields": {"geo_level": "level1", "geo_code": "KE_1_036", "version": "2009", "name": "Bomet", "long_name": "Bomet", "square_kms": 1997.9, "parent_level": "country", "parent_code": "KE"}}, {"model": "wazimap.geography", "pk": 381, "fields": {"geo_level": "level1", "geo_code": "KE_1_037", "version": "2009", "name": "Kakamega", "long_name": "Kakamega", "square_kms": 3033.8, "parent_level": "country", "parent_code": "KE"}}, {"model": "wazimap.geography", "pk": 382, "fields": {"geo_level": "level1", "geo_code": "KE_1_034", "version": "2009", "name": "Kajiado", "long_name": "Kajiado", "square_kms": 21292.7, "parent_level": "country", "parent_code": "KE"}}, {"model": "wazimap.geography", "pk": 383, "fields": {"geo_level": "level1", "geo_code": "KE_1_035", "version": "2009", "name": "Kericho", "long_name": "Kericho", "square_kms": 2454.5, "parent_level": "country", "parent_code": "KE"}}, {"model": "wazimap.geography", "pk": 384, "fields": {"geo_level": "level1", "geo_code": "KE_1_040", "version": "2009", "name": "Busia", "long_name": "Busia", "square_kms": 1628.4, "parent_level": "country", "parent_code": "KE"}}, {"model": "wazimap.geography", "pk": 385, "fields": {"geo_level": "level1", "geo_code": "KE_1_041", "version": "2009", "name": "Siaya", "long_name": "Siaya", "square_kms": 2496.1, "parent_level": "country", "parent_code": "KE"}}, {"model": "wazimap.geography", "pk": 386, "fields": {"geo_level": "level1", "geo_code": "KE_1_038", "version": "2009", "name": "Vihiga", "long_name": "Vihiga", "square_kms": 531.3, "parent_level": "country", "parent_code": "KE"}}, {"model": "wazimap.geography", "pk": 387, "fields": {"geo_level": "level1", "geo_code": "KE_1_039", "version": "2009", "name": "Bungoma", "long_name": "Bungoma", "square_kms": 2206.9, "parent_level": "country", "parent_code": "KE"}}, {"model": "wazimap.geography", "pk": 388, "fields": {"geo_level": "level1", "geo_code": "KE_1_044", "version": "2009", "name": "Migori", "long_name": "Migori", "square_kms": 2586.4, "parent_level": "country", "parent_code": "KE"}}, {"model": "wazimap.geography", "pk": 389, "fields": {"geo_level": "level1", "geo_code": "KE_1_045", "version": "2009", "name": "Kisii", "long_name": "Kisii", "square_kms": 1317.9, "parent_level": "country", "parent_code": "KE"}}, {"model": "wazimap.geography", "pk": 390, "fields": {"geo_level": "level1", "geo_code": "KE_1_042", "version": "2009", "name": "Kisumu", "long_name": "Kisumu", "square_kms": 2009.0, "parent_level": "country", "parent_code": "KE"}}, {"model": "wazimap.geography", "pk": 391, "fields": {"geo_level": "level1", "geo_code": "KE_1_043", "version": "2009", "name": "Homa-Bay", "long_name": "Homa-Bay", "square_kms": 3154.7, "parent_level": "country", "parent_code": "KE"}}, {"model": "wazimap.geography", "pk": 392, "fields": {"geo_level": "level1", "geo_code": "KE_1_046", "version": "2009", "name": "Nyamira", "long_name": "Nyamira", "square_kms": 912.5, "parent_level": "country", "parent_code": "KE"}}, {"model": "wazimap.geography", "pk": 393, "fields": {"geo_level": "level1", "geo_code": "KE_1_047", "version": "2009", "name": "Nairobi", "long_name": "Nairobi", "square_kms": 694.9, "parent_level": "country", "parent_code": "KE"}}, {"model": "wazimap.geography", "pk": 394, "fields": {"geo_level": "country", "geo_code": "KE", "version": "2009", "name": "Kenya", "long_name": "Kenya", "square_kms": 581309.0, "parent_level": "continent", "parent_code": "AFR"}}, {"model": "wazimap.geography", "pk": 395, "fields": {"geo_level": "level1", "geo_code": "KE_1_001", "version": "2009", "name": "Mombasa", "long_name": "Mombasa", "square_kms": 212.5, "parent_level": "country", "parent_code": "KE"}}, {"model": "wazimap.geography", "pk": 396, "fields": {"geo_level": "level1", "geo_code": "KE_1_004", "version": "2009", "name": "Tana-River", "long_name": "Tana-River", "square_kms": 35375.8, "parent_level": "country", "parent_code": "KE"}}, {"model": "wazimap.geography", "pk": 397, "fields": {"geo_level": "level1", "geo_code": "KE_1_005", "version": "2009", "name": "Lamu", "long_name": "Lamu", "square_kms": 6497.7, "parent_level": "country", "parent_code": "KE"}}, {"model": "wazimap.geography", "pk": 398, "fields": {"geo_level": "level1", "geo_code": "KE_1_002", "version": "2009", "name": "Kwale", "long_name": "Kwale", "square_kms": 8270.3, "parent_level": "country", "parent_code": "KE"}}, {"model": "wazimap.geography", "pk": 399, "fields": {"geo_level": "level1", "geo_code": "KE_1_003", "version": "2009", "name": "Kilifi", "long_name": "Kilifi", "square_kms": 12245.9, "parent_level": "country", "parent_code": "KE"}}, {"model": "wazimap.geography", "pk": 400, "fields": {"geo_level": "level1", "geo_code": "KE_1_008", "version": "2009", "name": "Wajir", "long_name": "Wajir", "square_kms": 55840.6, "parent_level": "country", "parent_code": "KE"}}, {"model": "wazimap.geography", "pk": 401, "fields": {"geo_level": "level1", "geo_code": "KE_1_009", "version": "2009", "name": "Mandera", "long_name": "Mandera", "square_kms": 25797.7, "parent_level": "country", "parent_code": "KE"}}, {"model": "wazimap.geography", "pk": 402, "fields": {"geo_level": "level1", "geo_code": "KE_1_006", "version": "2009", "name": "Taita-Taveta", "long_name": "Taita-Taveta", "square_kms": 17083.9, "parent_level": "country", "parent_code": "KE"}}, {"model": "wazimap.geography", "pk": 403, "fields": {"geo_level": "level1", "geo_code": "KE_1_007", "version": "2009", "name": "Garissa", "long_name": "Garissa", "square_kms": 45720.2, "parent_level": "country", "parent_code": "KE"}}, {"model": "wazimap.geography", "pk": 404, "fields": {"geo_level": "level1", "geo_code": "KE_1_012", "version": "2009", "name": "Meru", "long_name": "Meru", "square_kms": 6930.1, "parent_level": "country", "parent_code": "KE"}}, {"model": "wazimap.geography", "pk": 405, "fields": {"geo_level": "level1", "geo_code": "KE_1_013", "version": "2009", "name": "Tharaka-Nithi", "long_name": "Tharaka-Nithi", "square_kms": 2409.5, "parent_level": "country", "parent_code": "KE"}}, {"model": "wazimap.geography", "pk": 406, "fields": {"geo_level": "level1", "geo_code": "KE_1_010", "version": "2009", "name": "Marsabit", "long_name": "Marsabit", "square_kms": 66923.1, "parent_level": "country", "parent_code": "KE"}}, {"model": "wazimap.geography", "pk": 407, "fields": {"geo_level": "level1", "geo_code": "KE_1_011", "version": "2009", "name": "Isiolo", "long_name": "Isiolo", "square_kms": 25336.1, "parent_level": "country", "parent_code": "KE"}}, {"model": "wazimap.geography", "pk": 408, "fields": {"geo_level": "level1", "geo_code": "KE_1_016", "version": "2009", "name": "Machakos", "long_name": "Machakos", "square_kms": 5952.9, "parent_level": "country", "parent_code": "KE"}}, {"model": "wazimap.geography", "pk": 409, "fields": {"geo_level": "level1", "geo_code": "KE_1_017", "version": "2009", "name": "Makueni", "long_name": "Makueni", "square_kms": 8008.9, "parent_level": "country", "parent_code": "KE"}}, {"model": "wazimap.geography", "pk": 410, "fields": {"geo_level": "level1", "geo_code": "KE_1_014", "version": "2009", "name": "Embu", "long_name": "Embu", "square_kms": 2555.9, "parent_level": "country", "parent_code": "KE"}}, {"model": "wazimap.geography", "pk": 411, "fields": {"geo_level": "level1", "geo_code": "KE_1_015", "version": "2009", "name": "Kitui", "long_name": "Kitui", "square_kms": 24385.1, "parent_level": "country", "parent_code": "KE"}}, {"model": "wazimap.geography", "pk": 424, "fields": {"geo_level": "country", "geo_code": "ZA", "version": "2009", "name": "South Africa", "long_name": "South Africa", "square_kms": 1221037.0, "parent_level": "continent", "parent_code": "AFR"}}, {"model": "wazimap.geography", "pk": 425, "fields": {"geo_level": "level1", "geo_code": "ZA_1_001", "version": "2009", "name": "KwaZulu-Natal", "long_name": "KwaZulu-Natal", "square_kms": 94361.0, "parent_level": "country", "parent_code": "ZA"}}, {"model": "wazimap.geography", "pk": 426, "fields": {"geo_level": "level1", "geo_code": "ZA_1_002", "version": "2009", "name": "Free State", "long_name": "Free State", "square_kms": 129825.0, "parent_level": "country", "parent_code": "ZA"}}, {"model": "wazimap.geography", "pk": 427, "fields": {"geo_level": "level1", "geo_code": "ZA_1_003", "version": "2009", "name": "Eastern Cape", "long_name": "Eastern Cape", "square_kms": 168966.0, "parent_level": "country", "parent_code": "ZA"}}, {"model": "wazimap.geography", "pk": 428, "fields": {"geo_level": "level1", "geo_code": "ZA_1_004", "version": "2009", "name": "Mpumalanga", "long_name": "Mpumalanga", "square_kms": 76495.0, "parent_level": "country", "parent_code": "ZA"}}, {"model": "wazimap.geography", "pk": 429, "fields": {"geo_level": "level1", "geo_code": "ZA_1_005", "version": "2009", "name": "Limpopo", "long_name": "Limpopo", "square_kms": 125754.0, "parent_level": "country", "parent_code": "ZA"}}, {"model": "wazimap.geography", "pk": 430, "fields": {"geo_level": "level1", "geo_code": "ZA_1_006", "version": "2009", "name": "Northern Cape", "long_name": "Northern Cape", "square_kms": 372889.0, "parent_level": "country", "parent_code": "ZA"}}, {"model": "wazimap.geography", "pk": 431, "fields": {"geo_level": "level1", "geo_code": "ZA_1_007", "version": "2009", "name": "North West", "long_name": "Northern West", "square_kms": 104882.0, "parent_level": "country", "parent_code": "ZA"}}, {"model": "wazimap.geography", "pk": 432, "fields": {"geo_level": "level1", "geo_code": "ZA_1_008", "version": "2009", "name": "Western Cape", "long_name": "Western Cape", "square_kms": 129462.0, "parent_level": "country", "parent_code": "ZA"}}, {"model": "wazimap.geography", "pk": 433, "fields": {"geo_level": "level1", "geo_code": "ZA_1_009", "version": "2009", "name": "Gauteng", "long_name": "Gauteng", "square_kms": 18178.0, "parent_level": "country", "parent_code": "ZA"}}, {"model": "wazimap.dataset", "pk": 1, "fields": {"name": "Census"}}, {"model": "wazimap.dataset", "pk": 2, "fields": {"name": "Land Audit Report"}}, {"model": "wazimap.dataset", "pk": 3, "fields": {"name": "Land Sales"}}, {"model": "wazimap.release", "pk": 1, "fields": {"name": "Census", "year": "2009", "citation": "Census, 2009", "dataset": 1}}, {"model": "wazimap.release", "pk": 3, "fields": {"name": "Community Survey", "year": "2016", "citation": "Community Survey, 2016", "dataset": 1}}, {"model": "wazimap.release", "pk": 4, "fields": {"name": "Land Audit", "year": "2017", "citation": "Land Audit, 2017", "dataset": 2}}, {"model": "wazimap.release", "pk": 5, "fields": {"name": "Land Sales", "year": "2018", "citation": "Land Sales, 2018", "dataset": 3}}, {"model": "wazimap.release", "pk": 6, "fields": {"name": "Land Audit", "year": "2013", "citation": "Land Audit, 2013", "dataset": 2}}, {"model": "wazimap.dbtable", "pk": 2, "fields": {"name": "population_group_2016"}}, {"model": "wazimap.dbtable", "pk": 3, "fields": {"name": "population_residence_2009"}}, {"model": "wazimap.dbtable", "pk": 4, "fields": {"name": "number_of_erven_land_owners_per_gender"}}, {"model": "wazimap.dbtable", "pk": 5, "fields": {"name": "number_of_erven_land_owners_per_nationality"}}, {"model": "wazimap.dbtable", "pk": 6, "fields": {"name": "number_of_erven_land_owners_per_race"}}, {"model": "wazimap.dbtable", "pk": 7, "fields": {"name": "erven_land_ownership_in_hectares_by_gender"}}, {"model": "wazimap.dbtable", "pk": 8, "fields": {"name": "erven_land_ownership_in_hectares_by_nationality"}}, {"model": "wazimap.dbtable", "pk": 9, "fields": {"name": "erven_land_ownership_in_hectares_by_race"}}, {"model": "wazimap.dbtable", "pk": 10, "fields": {"name": "land_traded_colour_cost_breakdown_2018"}}, {"model": "wazimap.dbtable", "pk": 11, "fields": {"name": "land_traded_all_vs_colour_2018"}}, {"model": "wazimap.dbtable", "pk": 12, "fields": {"name": "land_traded_per_class_statistic_2018"}}, {"model": "wazimap.dbtable", "pk": 13, "fields": {"name": "land_traded_colour_hectares_breakdown_2018"}}, {"model": "wazimap.dbtable", "pk": 14, "fields": {"name": "land_traded_colour_transactions_2018"}}, {"model": "wazimap.dbtable", "pk": 15, "fields": {"name": "landownership"}}, {"model": "wazimap.dbtable", "pk": 16, "fields": {"name": "landownershipinhectaresbygender"}}, {"model": "wazimap.dbtable", "pk": 17, "fields": {"name": "landownershipinhectaresbynationality"}}, {"model": "wazimap.dbtable", "pk": 18, "fields": {"name": "landownershipinhectaresbyrace"}}, {"model": "wazimap.dbtable", "pk": 19, "fields": {"name": "landuse"}}, {"model": "wazimap.dbtable", "pk": 20, "fields": {"name": "landuser"}}, {"model": "wazimap.dbtable", "pk": 21, "fields": {"name": "maintaining_willing_buyer_willing_seller_policy"}}, {"model": "wazimap.dbtable", "pk": 22, "fields": {"name": "numberoflandownerspergender"}}, {"model": "wazimap.dbtable", "pk": 23, "fields": {"name": "numberoflandownerspernationality"}}, {"model": "wazimap.dbtable", "pk": 24, "fields": {"name": "numberoflandownersperrace"}}, {"model": "wazimap.dbtable", "pk": 25, "fields": {"name": "numberofprivatelandownersbycategory"}}, {"model": "wazimap.dbtable", "pk": 26, "fields": {"name": "numberofsectionaltitleownersbycategory"}}, {"model": "wazimap.dbtable", "pk": 27, "fields": {"name": "numberofsectionaltitleownersbygender"}}, {"model": "wazimap.dbtable", "pk": 28, "fields": {"name": "numberofsectionaltitleownersbynationality"}}, {"model": "wazimap.dbtable", "pk": 29, "fields": {"name": "numberofsectionaltitleownersbyrace"}}, {"model": "wazimap.dbtable", "pk": 30, "fields": {"name": "party_benefited"}}, {"model": "wazimap.dbtable", "pk": 31, "fields": {"name": "privatelanddistributionbygender"}}, {"model": "wazimap.dbtable", "pk": 32, "fields": {"name": "privatelandownershipinhectares"}}, {"model": "wazimap.dbtable", "pk": 33, "fields": {"name": "privatelandownershipinhectarespercategory"}}, {"model": "wazimap.dbtable", "pk": 34, "fields": {"name": "redistributedlandaveragecostperhectares"}}, {"model": "wazimap.dbtable", "pk": 35, "fields": {"name": "redistributedlandcostinrands"}}, {"model": "wazimap.dbtable", "pk": 36, "fields": {"name": "redistributedlandinhectares"}}, {"model": "wazimap.dbtable", "pk": 37, "fields": {"name": "redistributedlandusebreakdown"}}, {"model": "wazimap.dbtable", "pk": 38, "fields": {"name": "redistributionprogrammeoutcomebyyear"}}, {"model": "wazimap.dbtable", "pk": 39, "fields": {"name": "restitutionoutcomestatistic"}}, {"model": "wazimap.dbtable", "pk": 40, "fields": {"name": "sectionaltitleownershipinhectarespercategory"}}, {"model": "wazimap.dbtable", "pk": 41, "fields": {"name": "sectionaltitleownershipinhectarespergender"}}, {"model": "wazimap.dbtable", "pk": 42, "fields": {"name": "sectionaltitleownershipinhectaresnationality"}}, {"model": "wazimap.dbtable", "pk": 43, "fields": {"name": "sectionaltitleownershipinhectaresperrace"}}, {"model": "wazimap.dbtable", "pk": 44, "fields": {"name": "land_traded_colour_priceperhectare_breakdown_2018"}}, {"model": "wazimap.fieldtable", "pk": 2, "fields": {"name": "POPULATION_GROUP_2016", "universe": "Population", "dataset": 1, "stat_type": "number", "description": "Population by population_group_2016", "fields": "[\"population_group_2016\"]", "denominator_key": null, "has_total": true, "value_type": "Integer"}}, {"model": "wazimap.fieldtable", "pk": 3, "fields": {"name": "POPULATION_RESIDENCE_2009", "universe": "Population", "dataset": 1, "stat_type": "number", "description": "Population", "fields": "[\"population_residence_2009\"]", "denominator_key": null, "has_total": true, "value_type": "Integer"}}, {"model": "wazimap.fieldtable", "pk": 4, "fields": {"name": "ERVEN_LAND_OWNERSHIP_IN_HECTARES_BY_GENDER", "universe": "Land Audit Report", "dataset": 2, "stat_type": "number", "description": "Land Audit Report by erven_land_ownership_in_hectares_by_gender", "fields": "[\"erven_land_ownership_in_hectares_by_gender\"]", "denominator_key": null, "has_total": true, "value_type": "Integer"}}, {"model": "wazimap.fieldtable", "pk": 5, "fields": {"name": "ERVEN_LAND_OWNERSHIP_IN_HECTARES_BY_NATIONALITY", "universe": "Land Audit Report", "dataset": 2, "stat_type": "number", "description": "Land Audit Report by erven_land_ownership_in_hectares_by_nationality", "fields": "[\"erven_land_ownership_in_hectares_by_nationality\"]", "denominator_key": null, "has_total": true, "value_type": "Integer"}}, {"model": "wazimap.fieldtable", "pk": 6, "fields": {"name": "ERVEN_LAND_OWNERSHIP_IN_HECTARES_BY_RACE", "universe": "Land Audit Report", "dataset": 2, "stat_type": "number", "description": "Land Audit Report by erven_land_ownership_in_hectares_by_race", "fields": "[\"erven_land_ownership_in_hectares_by_race\"]", "denominator_key": null, "has_total": true, "value_type": "Integer"}}, {"model": "wazimap.fieldtable", "pk": 7, "fields": {"name": "NUMBER_OF_ERVEN_LAND_OWNERS_PER_GENDER", "universe": "Land Audit Report", "dataset": 2, "stat_type": "number", "description": "Land Audit Report by number_of_erven_land_owners_per_gender", "fields": "[\"number_of_erven_land_owners_per_gender\"]", "denominator_key": null, "has_total": true, "value_type": "Integer"}}, {"model": "wazimap.fieldtable", "pk": 8, "fields": {"name": "NUMBER_OF_ERVEN_LAND_OWNERS_PER_NATIONALITY", "universe": "Land Audit Report", "dataset": 2, "stat_type": "number", "description": "Land Audit Report by number_of_erven_land_owners_per_nationality", "fields": "[\"number_of_erven_land_owners_per_nationality\"]", "denominator_key": null, "has_total": true, "value_type": "Integer"}}, {"model": "wazimap.fieldtable", "pk": 9, "fields": {"name": "NUMBER_OF_ERVEN_LAND_OWNERS_PER_RACE", "universe": "Land Audit Report", "dataset": 2, "stat_type": "number", "description": "Land Audit Report by number_of_erven_land_owners_per_race", "fields": "[\"number_of_erven_land_owners_per_race\"]", "denominator_key": null, "has_total": true, "value_type": "Integer"}}, {"model": "wazimap.fieldtable", "pk": 10, "fields": {"name": "LAND_TRADED_PER_CLASS_STATISTIC_2018", "universe": "Agricultural Land Sales", "dataset": 3, "stat_type": "number", "description": "Agricultural Land Sales by class, name, statistic", "fields": "[\"class_distribution\", \"name\", \"statistic\"]", "denominator_key": null, "has_total": true, "value_type": "Float"}}, {"model": "wazimap.fieldtable", "pk": 11, "fields": {"name": "LAND_TRADED_COLOUR_COST_BREAKDOWN_2018", "universe": "Agricultural Land Sales", "dataset": 3, "stat_type": "number", "description": "Agricultural Land Sales by breakdown_cc, month_cc", "fields": "[\"breakdown_cc\", \"month_cc\"]", "denominator_key": null, "has_total": true, "value_type": "Integer"}}, {"model": "wazimap.fieldtable", "pk": 12, "fields": {"name": "LAND_TRADED_COLOUR_HECTARES_BREAKDOWN_2018", "universe": "Agricultural Land Sales", "dataset": 3, "stat_type": "number", "description": "Agricultural Land Sales by breakdown_cc, month_cc", "fields": "[\"breakdown_cc\", \"month_cc\"]", "denominator_key": null, "has_total": true, "value_type": "Integer"}}, {"model": "wazimap.fieldtable", "pk": 13, "fields": {"name": "LAND_TRADED_COLOUR_TRANSACTIONS_2018", "universe": "Agricultural Land Sales", "dataset": 3, "stat_type": "number", "description": "Agricultural Land Sales by breakdown_cc, month_cc", "fields": "[\"breakdown_cc\", \"month_cc\"]", "denominator_key": null, "has_total": true, "value_type": "Integer"}}, {"model": "wazimap.fieldtable", "pk": 14, "fields": {"name": "LAND_TRADED_COLOUR_PRICEPERHECTARE_BREAKDOWN_2018", "universe": "Agricultural Land Sales", "dataset": 3, "stat_type": "number", "description": "Agricultural Land Sales by breakdown_cc, month_cc", "fields": "[\"breakdown_cc\", \"month_cc\"]", "denominator_key": null, "has_total": true, "value_type": "Integer"}}, {"model": "wazimap.fieldtable", "pk": 15, "fields": {"name": "NUMBEROFSECTIONALTITLEOWNERSBYCATEGORY", "universe": "Land Audit Report", "dataset": 2, "stat_type": "number", "description": "Land Audit Report by number of sectional title owners by category", "fields": "[\"number of sectional title owners by category\"]", "denominator_key": null, "has_total": true, "value_type": "Integer"}}, {"model": "wazimap.fieldtable", "pk": 16, "fields": {"name": "NUMBEROFPRIVATELANDOWNERSBYCATEGORY", "universe": "Land Audit Report", "dataset": 2, "stat_type": "number", "description": "Land Audit Report by number of private land owners by category", "fields": "[\"number of private land owners by category\"]", "denominator_key": null, "has_total": true, "value_type": "Integer"}}, {"model": "wazimap.fieldtable", "pk": 17, "fields": {"name": "NUMBEROFLANDOWNERSPERGENDER", "universe": "Land Audit Report", "dataset": 2, "stat_type": "number", "description": "Land Audit Report by number of land owners per gender", "fields": "[\"number of land owners per gender\"]", "denominator_key": null, "has_total": true, "value_type": "Integer"}}, {"model": "wazimap.fieldtable", "pk": 18, "fields": {"name": "NUMBEROFLANDOWNERSPERNATIONALITY", "universe": "Land Audit Report", "dataset": 2, "stat_type": "number", "description": "Land Audit Report by number of land owners per nationality", "fields": "[\"number of land owners per nationality\"]", "denominator_key": null, "has_total": true, "value_type": "Integer"}}, {"model": "wazimap.fieldtable", "pk": 19, "fields": {"name": "NUMBEROFLANDOWNERSPERRACE", "universe": "Land Audit Report", "dataset": 2, "stat_type": "number", "description": "Land Audit Report by number of land owners per race", "fields": "[\"number of land owners per race\"]", "denominator_key": null, "has_total": true, "value_type": "Integer"}}, {"model": "wazimap.fieldtable", "pk": 20, "fields": {"name": "NUMBEROFSECTIONALTITLEOWNERSBYGENDER", "universe": "Land Audit Report", "dataset": 2, "stat_type": "number", "description": "Land Audit Report by number of sectional title owners by gender", "fields": "[\"number of sectional title owners by gender\"]", "denominator_key": null, "has_total": true, "value_type": "Integer"}}, {"model": "wazimap.fieldtable", "pk": 21, "fields": {"name": "NUMBEROFSECTIONALTITLEOWNERSBYNATIONALITY", "universe": "Land Audit Report", "dataset": 2, "stat_type": "number", "description": "Land Audit Report by number of sectional title owners by nationality", "fields": "[\"number of sectional title owners by nationality\"]", "denominator_key": null, "has_total": true, "value_type": "Integer"}}, {"model": "wazimap.fieldtable", "pk": 22, "fields": {"name": "NUMBEROFSECTIONALTITLEOWNERSBYRACE", "universe": "Land Audit Report", "dataset": 2, "stat_type": "number", "description": "Land Audit Report by number of sectional title owners by race", "fields": "[\"number of sectional title owners by race\"]", "denominator_key": null, "has_total": true, "value_type": "Integer"}}, {"model": "wazimap.fieldtable", "pk": 23, "fields": {"name": "LANDUSE", "universe": "Land Audit Report", "dataset": 2, "stat_type": "number", "description": "Land Audit Report by land_use", "fields": "[\"land_use\"]", "denominator_key": null, "has_total": true, "value_type": "Integer"}}, {"model": "wazimap.fieldtable", "pk": 24, "fields": {"name": "LANDUSER", "universe": "Land Audit Report", "dataset": 2, "stat_type": "number", "description": "Land Audit Report by land_user", "fields": "[\"land_user\"]", "denominator_key": null, "has_total": true, "value_type": "Integer"}}, {"model": "wazimap.fieldtable", "pk": 25, "fields": {"name": "PRIVATELANDDISTRIBUTIONBYGENDER", "universe": "Land Audit Report", "dataset": 2, "stat_type": "number", "description": "Land Audit Report by land_ownership_by_gender", "fields": "[\"land_ownership_by_gender\"]", "denominator_key": null, "has_total": true, "value_type": "Integer"}}, {"model": "wazimap.fieldtable", "pk": 26, "fields": {"name": "LANDOWNERSHIP", "universe": "Land Audit Report", "dataset": 2, "stat_type": "number", "description": "Land Audit Report by private_vs_state_ownership", "fields": "[\"private_vs_state_ownership\"]", "denominator_key": null, "has_total": true, "value_type": "Integer"}}, {"model": "wazimap.fieldtable", "pk": 27, "fields": {"name": "LAND_TRADED_ALL_VS_COLOUR_2018", "universe": "Agricultural Land Sales", "dataset": 3, "stat_type": "number", "description": "Agricultural Land Sales by transaction_group, month", "fields": "[\"transaction_group\", \"month\"]", "denominator_key": null, "has_total": true, "value_type": "Integer"}}, {"model": "wazimap.fieldtablerelease", "pk": 3, "fields": {"data_table": 3, "db_table": 3, "release": 1}}, {"model": "wazimap.fieldtablerelease", "pk": 4, "fields": {"data_table": 2, "db_table": 2, "release": 3}}, {"model": "wazimap.fieldtablerelease", "pk": 5, "fields": {"data_table": 4, "db_table": 7, "release": 4}}, {"model": "wazimap.fieldtablerelease", "pk": 6, "fields": {"data_table": 5, "db_table": 8, "release": 4}}, {"model": "wazimap.fieldtablerelease", "pk": 7, "fields": {"data_table": 6, "db_table": 9, "release": 4}}, {"model": "wazimap.fieldtablerelease", "pk": 8, "fields": {"data_table": 7, "db_table": 4, "release": 4}}, {"model": "wazimap.fieldtablerelease", "pk": 9, "fields": {"data_table": 8, "db_table": 5, "release": 4}}, {"model": "wazimap.fieldtablerelease", "pk": 10, "fields": {"data_table": 9, "db_table": 6, "release": 4}}, {"model": "wazimap.fieldtablerelease", "pk": 11, "fields": {"data_table": 10, "db_table": 12, "release": 5}}, {"model": "wazimap.fieldtablerelease", "pk": 12, "fields": {"data_table": 11, "db_table": 10, "release": 5}}, {"model": "wazimap.fieldtablerelease", "pk": 13, "fields": {"data_table": 12, "db_table": 13, "release": 5}}, {"model": "wazimap.fieldtablerelease", "pk": 14, "fields": {"data_table": 13, "db_table": 14, "release": 5}}, {"model": "wazimap.fieldtablerelease", "pk": 15, "fields": {"data_table": 14, "db_table": 44, "release": 5}}, {"model": "wazimap.fieldtablerelease", "pk": 16, "fields": {"data_table": 15, "db_table": 26, "release": 4}}, {"model": "wazimap.fieldtablerelease", "pk": 17, "fields": {"data_table": 16, "db_table": 25, "release": 4}}, {"model": "wazimap.fieldtablerelease", "pk": 18, "fields": {"data_table": 17, "db_table": 22, "release": 4}}, {"model": "wazimap.fieldtablerelease", "pk": 19, "fields": {"data_table": 18, "db_table": 23, "release": 4}}, {"model": "wazimap.fieldtablerelease", "pk": 20, "fields": {"data_table": 19, "db_table": 24, "release": 4}}, {"model": "wazimap.fieldtablerelease", "pk": 21, "fields": {"data_table": 20, "db_table": 27, "release": 4}}, {"model": "wazimap.fieldtablerelease", "pk": 22, "fields": {"data_table": 21, "db_table": 28, "release": 4}}, {"model": "wazimap.fieldtablerelease", "pk": 23, "fields": {"data_table": 22, "db_table": 29, "release": 4}}, {"model": "wazimap.fieldtablerelease", "pk": 24, "fields": {"data_table": 23, "db_table": 19, "release": 6}}, {"model": "wazimap.fieldtablerelease", "pk": 25, "fields": {"data_table": 24, "db_table": 20, "release": 6}}, {"model": "wazimap.fieldtablerelease", "pk": 26, "fields": {"data_table": 25, "db_table": 31, "release": 6}}, {"model": "wazimap.fieldtablerelease", "pk": 27, "fields": {"data_table": 26, "db_table": 15, "release": 6}}, {"model": "wazimap.fieldtablerelease", "pk": 28, "fields": {"data_table": 27, "db_table": 11, "release": 5}}]