[{"model": "dominion.chartsection", "pk": 1, "fields": {"name": "Demographics"}}, {"model": "dominion.chartsection", "pk": 2, "fields": {"name": "Farm Land"}}, {"model": "dominion.chartsection", "pk": 3, "fields": {"name": "Worker's Hostel Data"}}, {"model": "dominion.chartsection", "pk": 4, "fields": {"name": "Agricultural Land Sales"}}, {"model": "dominion.chartsection", "pk": 5, "fields": {"name": "Land traded statistic for transactions of colour"}}, {"model": "dominion.chartsection", "pk": 6, "fields": {"name": "Afrobarometer Round 7"}}, {"model": "dominion.chartsection", "pk": 7, "fields": {"name": "Sectional Title land"}}, {"model": "dominion.chartsection", "pk": 8, "fields": {"name": "Erven Land"}}, {"model": "dominion.chart", "pk": 1, "fields": {"db_table": 2, "chart_type": "column", "fields": "[\"population_group_2016\"]", "section": 1, "chart_title": "Population by group", "chart_source": "Community Survey, 2016", "chart_source_link": "http://cs2016.statssa.gov.za/wp-content/uploads/2016/07/NT-30-06-2016-RELEASE-for-CS-2016-_Statistical-releas_1-July-2016.pdf", "chart_stat_type": "number", "group_by": null}}, {"model": "dominion.chart", "pk": 2, "fields": {"db_table": 3, "chart_type": "column", "fields": "[\"population_residence_2009\"]", "section": 1, "chart_title": "Population by residency", "chart_source": "Census Survey, 2009", "chart_source_link": "https://s3-eu-west-1.amazonaws.com/s3.sourceafrica.net/documents/21195/Census-2009.pdf", "chart_stat_type": "number", "group_by": null}}, {"model": "dominion.chart", "pk": 3, "fields": {"db_table": 22, "chart_type": "column", "fields": "[\"number of land owners per gender\"]", "section": 2, "chart_title": "Number of individuals owning farms and agricultural holdings by gender (%)", "chart_source": "Land Audit Report, 2017", "chart_source_link": "http://www.ruraldevelopment.gov.za/publications/land-audit-report/file/6126", "chart_stat_type": "percentage", "group_by": null}}, {"model": "dominion.chart", "pk": 4, "fields": {"db_table": 23, "chart_type": "column", "fields": "[\"number of land owners per nationality\"]", "section": 2, "chart_title": "Number of individuals owning farms and agricultural holdings by Nationality (%)", "chart_source": "Land Audit Report, 2017", "chart_source_link": "http://www.ruraldevelopment.gov.za/publications/land-audit-report/file/6126", "chart_stat_type": "percentage", "group_by": null}}, {"model": "dominion.chart", "pk": 5, "fields": {"db_table": 24, "chart_type": "column", "fields": "[\"number of land owners per race\"]", "section": 2, "chart_title": "Number of individuals owning farms and agricultural holdings by race (%)", "chart_source": "Land Audit, 2017", "chart_source_link": "http://www.ruraldevelopment.gov.za/publications/land-audit-report/file/6126", "chart_stat_type": "percentage", "group_by": null}}, {"model": "dominion.chart", "pk": 6, "fields": {"db_table": 25, "chart_type": "column", "fields": "[\"number of private land owners by category\"]", "section": 2, "chart_title": "Number of Private Land Owners by Category (%)", "chart_source": "Land Audit Report, 2017", "chart_source_link": "http://www.ruraldevelopment.gov.za/publications/land-audit-report/file/6126", "chart_stat_type": "percentage", "group_by": null}}, {"model": "dominion.chart", "pk": 7, "fields": {"db_table": 33, "chart_type": "column", "fields": "[\"private land ownership in hectares per category\"]", "section": 2, "chart_title": "Private land ownership in hectares by category (%)", "chart_source": "Land Audit Report, 2017", "chart_source_link": "http://www.ruraldevelopment.gov.za/publications/land-audit-report/file/6126", "chart_stat_type": "percentage", "group_by": null}}, {"model": "dominion.chart", "pk": 8, "fields": {"db_table": 18, "chart_type": "column", "fields": "[\"land ownership in hectares by race\"]", "section": 2, "chart_title": "Individual land ownership of farms and agricultural holdings in hectares by race (%)", "chart_source": "Land Audit Report, 2017", "chart_source_link": "http://www.ruraldevelopment.gov.za/publications/land-audit-report/file/6126", "chart_stat_type": "percentage", "group_by": null}}, {"model": "dominion.chart", "pk": 9, "fields": {"db_table": 16, "chart_type": "column", "fields": "[\"land ownership in hectares by gender\"]", "section": 2, "chart_title": "Individual land ownership of farms and agricultural holdings in hectares by gender (%)", "chart_source": "Land Audit Report, 2017", "chart_source_link": "http://www.ruraldevelopment.gov.za/publications/land-audit-report/file/6126", "chart_stat_type": "percentage", "group_by": null}}, {"model": "dominion.chart", "pk": 10, "fields": {"db_table": 17, "chart_type": "column", "fields": "[\"land ownership in hectares by nationality\"]", "section": 2, "chart_title": "Individual Land Ownership percent Hectares by Nationality (%)", "chart_source": "Land Audit Report, 2017", "chart_source_link": "http://www.ruraldevelopment.gov.za/publications/land-audit-report/file/6126", "chart_stat_type": "percentage", "group_by": null}}, {"model": "dominion.chart", "pk": 12, "fields": {"db_table": 52, "chart_type": "column", "fields": "[\"workers_hostel_age_group\"]", "section": 3, "chart_title": "Number of people living in worker's hostel per age group", "chart_source": "General Household Survey, 2018", "chart_source_link": "http://www.statssa.gov.za/publications/P0318/P03182018.pdf", "chart_stat_type": "number", "group_by": "number of sectional title owners by nationality"}}, {"model": "dominion.chart", "pk": 13, "fields": {"db_table": 53, "chart_type": "column", "fields": "[\"workers_hostel_gender\"]", "section": 3, "chart_title": "Number of people living in workers hostel per gender", "chart_source": "General Household Survey, 2018", "chart_source_link": "http://www.statssa.gov.za/publications/P0318/P03182018.pdf", "chart_stat_type": "number", "group_by": "number of sectional title owners by nationality"}}, {"model": "dominion.chart", "pk": 14, "fields": {"db_table": 54, "chart_type": "column", "fields": "[\"workers_hostel_geography\"]", "section": 3, "chart_title": "Number of people living in workers hostel per geography", "chart_source": "General Household Survey, 2018", "chart_source_link": "http://www.statssa.gov.za/publications/P0318/P03182018.pdf", "chart_stat_type": "number", "group_by": "number of sectional title owners by nationality"}}, {"model": "dominion.chart", "pk": 15, "fields": {"db_table": 56, "chart_type": "column", "fields": "[\"workers_hostel_handwashing_facility\"]", "section": 3, "chart_title": "Handwashing Facility", "chart_source": "General Household Survey, 2018", "chart_source_link": "http://www.statssa.gov.za/publications/P0318/P03182018.pdf", "chart_stat_type": "number", "group_by": "number of sectional title owners by nationality"}}, {"model": "dominion.chart", "pk": 16, "fields": {"db_table": 55, "chart_type": "column", "fields": "[\"workers_hostel_living_condition\"]", "section": 3, "chart_title": "Living Condition", "chart_source": "General Household Survey, 2018", "chart_source_link": "http://www.statssa.gov.za/publications/P0318/P03182018.pdf", "chart_stat_type": "number", "group_by": "number of sectional title owners by nationality"}}, {"model": "dominion.chart", "pk": 17, "fields": {"db_table": 57, "chart_type": "column", "fields": "[\"workers_hostel_ownership\"]", "section": 3, "chart_title": "Ownership of dwelling", "chart_source": "General Household Survey, 2018", "chart_source_link": "http://www.statssa.gov.za/publications/P0318/P03182018.pdf", "chart_stat_type": "number", "group_by": "number of sectional title owners by nationality"}}, {"model": "dominion.chart", "pk": 18, "fields": {"db_table": 58, "chart_type": "column", "fields": "[\"workers_hostel_population_year\"]", "section": 3, "chart_title": "Number of people living in workers hostels per year", "chart_source": "General Household Survey, 2018", "chart_source_link": "http://www.statssa.gov.za/publications/P0318/P03182018.pdf", "chart_stat_type": "number", "group_by": "number of sectional title owners by nationality"}}, {"model": "dominion.chart", "pk": 19, "fields": {"db_table": 59, "chart_type": "column", "fields": "[\"workers_hostel_population_group\"]", "section": 3, "chart_title": "Number of people living in workers hostel per population group", "chart_source": "General Household Survey, 2018", "chart_source_link": "http://www.statssa.gov.za/publications/P0318/P03182018.pdf", "chart_stat_type": "number", "group_by": "number of sectional title owners by nationality"}}, {"model": "dominion.chart", "pk": 20, "fields": {"db_table": 60, "chart_type": "column", "fields": "[\"workers_hostel_rent\"]", "section": 3, "chart_title": "Monthly Rent or Mortgage", "chart_source": "General Household Survey, 2018", "chart_source_link": "http://www.statssa.gov.za/publications/P0318/P03182018.pdf", "chart_stat_type": "number", "group_by": "number of sectional title owners by nationality"}}, {"model": "dominion.chart", "pk": 21, "fields": {"db_table": 61, "chart_type": "column", "fields": "[\"workers_hostel_residential_ownership\"]", "section": 3, "chart_title": "Residential Ownership", "chart_source": "General Household Survey, 2018", "chart_source_link": "http://www.statssa.gov.za/publications/P0318/P03182018.pdf", "chart_stat_type": "number", "group_by": "number of sectional title owners by nationality"}}, {"model": "dominion.chart", "pk": 22, "fields": {"db_table": 62, "chart_type": "column", "fields": "[\"workers_hostel_ss_dwelling\"]", "section": 3, "chart_title": "Number of people living in state subsidised dwelling", "chart_source": "General Household Survey, 2018", "chart_source_link": "http://www.statssa.gov.za/publications/P0318/P03182018.pdf", "chart_stat_type": "number", "group_by": "number of sectional title owners by nationality"}}, {"model": "dominion.chart", "pk": 23, "fields": {"db_table": 64, "chart_type": "column", "fields": "[\"workers_hostel_toilet_facility\"]", "section": 3, "chart_title": "Toilet Facility", "chart_source": "General Household Survey, 2018", "chart_source_link": "http://www.statssa.gov.za/publications/P0318/P03182018.pdf", "chart_stat_type": "number", "group_by": "number of sectional title owners by nationality"}}, {"model": "dominion.chart", "pk": 24, "fields": {"db_table": 65, "chart_type": "column", "fields": "[\"workers_hostel_water_source\"]", "section": 3, "chart_title": "Water Source", "chart_source": "General Household Survey, 2018", "chart_source_link": "http://www.statssa.gov.za/publications/P0318/P03182018.pdf", "chart_stat_type": "number", "group_by": "number of sectional title owners by nationality"}}, {"model": "dominion.chart", "pk": 25, "fields": {"db_table": 63, "chart_type": "column", "fields": "[\"workers_hostel_subsidy\"]", "section": 3, "chart_title": "Number of people that received subsidies", "chart_source": "General Household Survey, 2018", "chart_source_link": "http://www.statssa.gov.za/publications/P0318/P03182018.pdf", "chart_stat_type": "number", "group_by": "number of sectional title owners by nationality"}}, {"model": "dominion.chart", "pk": 27, "fields": {"db_table": 13, "chart_type": "pie", "fields": "[\"breakdown_cc\"]", "section": 5, "chart_title": "Percent breakdown of total hectares(ha) traded for transactions of colour from December 2017 to November 2018", "chart_source": "AGRIDS, 2019", "chart_source_link": "http://land.agrids.co.za/", "chart_stat_type": "percentage", "group_by": "number of sectional title owners by nationality"}}, {"model": "dominion.chart", "pk": 28, "fields": {"db_table": 13, "chart_type": "column", "fields": "[\"month_cc\"]", "section": 5, "chart_title": "Total hectares (ha) traded for transactions of colour in each month", "chart_source": "AGRIDS, 2019", "chart_source_link": "http://land.agrids.co.za/", "chart_stat_type": "number", "group_by": "number of sectional title owners by nationality"}}, {"model": "dominion.chart", "pk": 29, "fields": {"db_table": 14, "chart_type": "column", "fields": "[\"breakdown_cc\"]", "section": 5, "chart_title": "Transactions of colour traded from Dec 2017/Nov 2018 for transaction of colour", "chart_source": "AGRIDS, 2019", "chart_source_link": "http://land.agrids.co.za/", "chart_stat_type": "number", "group_by": "number of sectional title owners by nationality"}}, {"model": "dominion.chart", "pk": 30, "fields": {"db_table": 11, "chart_type": "column", "fields": "[\"transaction_group\"]", "section": 5, "chart_title": "Number of all transactions vs number of transactions of colour for Land traded from Dec 2017 to Nov 2018", "chart_source": "AGRIDS, 2019", "chart_source_link": "http://land.agrids.co.za/", "chart_stat_type": "number", "group_by": "number of sectional title owners by nationality"}}, {"model": "dominion.chart", "pk": 32, "fields": {"db_table": 10, "chart_type": "column", "fields": "[\"month_cc\"]", "section": 5, "chart_title": "Total cost in R million for transactions of colour in each month", "chart_source": "AGRIDS, 2019", "chart_source_link": "http://land.agrids.co.za/", "chart_stat_type": "number", "group_by": "number of sectional title owners by nationality"}}, {"model": "dominion.chart", "pk": 35, "fields": {"db_table": 14, "chart_type": "pie", "fields": "[\"breakdown_cc\"]", "section": 5, "chart_title": "Percent breakdown of number of transactions of colour from December 2017 to November 2018", "chart_source": "AGRIDS, 2019", "chart_source_link": "http://land.agrids.co.za/", "chart_stat_type": "percentage", "group_by": "number of sectional title owners by nationality"}}, {"model": "dominion.chart", "pk": 37, "fields": {"db_table": 45, "chart_type": "pie", "fields": "[\"access_to_information\"]", "section": 6, "chart_title": "How easy is it to access information on land ownership?", "chart_source": "Afrobarometer Round 7: Survey, 2018", "chart_source_link": "http://afrobarometer.org/publications/south-africa-summary-results-2018", "chart_stat_type": "percentage", "group_by": null}}, {"model": "dominion.chart", "pk": 38, "fields": {"db_table": 48, "chart_type": "pie", "fields": "[\"land_to_prioritise_for_redistribution\"]", "section": 6, "chart_title": "Type of land that government should prioritise for redistribution", "chart_source": "Afrobarometer Round 7: Survey, 2018", "chart_source_link": "http://afrobarometer.org/publications/south-africa-summary-results-2018", "chart_stat_type": "percentage", "group_by": null}}, {"model": "dominion.chart", "pk": 39, "fields": {"db_table": 49, "chart_type": "pie", "fields": "[\"maintain_willing_buyer_willing_seller_policy\"]", "section": 6, "chart_title": "The government must abide by willing buyer-willing seller policy in acquiring any property?", "chart_source": "Afrobarometer Round 7: Survey, 2018", "chart_source_link": "http://afrobarometer.org/publications/south-africa-summary-results-2018", "chart_stat_type": "percentage", "group_by": null}}, {"model": "dominion.chart", "pk": 40, "fields": {"db_table": 46, "chart_type": "pie", "fields": "[\"allow_farmers_retain_land_ownership\"]", "section": 6, "chart_title": "Should the government allow farmers to retain ownership of land on which their labourers live?", "chart_source": "Afrobarometer Round 7: Survey, 2018", "chart_source_link": "http://afrobarometer.org/publications/south-africa-summary-results-2018", "chart_stat_type": "percentage", "group_by": null}}, {"model": "dominion.chart", "pk": 41, "fields": {"db_table": 47, "chart_type": "pie", "fields": "[\"land_acquisation_challenges\"]", "section": 6, "chart_title": "What is the greatest challenge to acquiring land today?", "chart_source": "Afrobarometer Round 7: Survey, 2018", "chart_source_link": "http://afrobarometer.org/publications/south-africa-summary-results-2018", "chart_stat_type": "percentage", "group_by": null}}, {"model": "dominion.chart", "pk": 43, "fields": {"db_table": 26, "chart_type": "column", "fields": "[\"number of sectional title owners by category\"]", "section": 7, "chart_title": "Number of individuals owning sectional title land by category (%)", "chart_source": "Land Audit Report, 2017", "chart_source_link": "http://www.ruraldevelopment.gov.za/publications/land-audit-report/file/6126", "chart_stat_type": "percentage", "group_by": "workers_hostel_living_condition"}}, {"model": "dominion.chart", "pk": 44, "fields": {"db_table": 43, "chart_type": "column", "fields": "[\"sectional title ownership in hectares per race\"]", "section": 7, "chart_title": "Individual ownership of sectional title land in hectares by race (%)", "chart_source": "Annual statistical report for selected service delivery programmes of the Department of Rural Development and Land Reform, 2018", "chart_source_link": "http://www.ruraldevelopment.gov.za/publications/land-audit-report/file/6126", "chart_stat_type": "percentage", "group_by": "workers_hostel_living_condition"}}, {"model": "dominion.chart", "pk": 45, "fields": {"db_table": 29, "chart_type": "column", "fields": "[\"number of sectional title owners by race\"]", "section": 7, "chart_title": "Number of individuals owning sectional title land by race (%)", "chart_source": "Land Audit Report, 2017", "chart_source_link": "http://www.ruraldevelopment.gov.za/publications/land-audit-report/file/6126", "chart_stat_type": "percentage", "group_by": "workers_hostel_living_condition"}}, {"model": "dominion.chart", "pk": 46, "fields": {"db_table": 41, "chart_type": "column", "fields": "[\"sectional title ownership in hectares per gender\"]", "section": 7, "chart_title": "Individual ownership of sectional title land in hectares by gender (%)", "chart_source": "Land Audit Report, 2017", "chart_source_link": "http://www.ruraldevelopment.gov.za/publications/land-audit-report/file/6126", "chart_stat_type": "percentage", "group_by": "workers_hostel_living_condition"}}, {"model": "dominion.chart", "pk": 47, "fields": {"db_table": 27, "chart_type": "column", "fields": "[\"number of sectional title owners by gender\"]", "section": 7, "chart_title": "Number of individuals owning sectional title land by gender (%)", "chart_source": "Land Audit Report, 2017", "chart_source_link": "http://www.ruraldevelopment.gov.za/publications/land-audit-report/file/6126", "chart_stat_type": "percentage", "group_by": "workers_hostel_living_condition"}}, {"model": "dominion.chart", "pk": 48, "fields": {"db_table": 42, "chart_type": "column", "fields": "[\"sectional title ownership in hectares nationality\"]", "section": 7, "chart_title": "Individual ownership of sectional title land in hectares by nationality (%)", "chart_source": "Land Audit Report, 2017", "chart_source_link": "http://www.ruraldevelopment.gov.za/publications/land-audit-report/file/6126", "chart_stat_type": "percentage", "group_by": "workers_hostel_living_condition"}}, {"model": "dominion.chart", "pk": 49, "fields": {"db_table": 28, "chart_type": "column", "fields": "[\"number of sectional title owners by nationality\"]", "section": 7, "chart_title": "Number of individuals owning sectional title land by nationality (%)", "chart_source": "Land Audit Report, 2017", "chart_source_link": "http://www.ruraldevelopment.gov.za/publications/land-audit-report/file/6126", "chart_stat_type": "percentage", "group_by": "workers_hostel_living_condition"}}, {"model": "dominion.chart", "pk": 50, "fields": {"db_table": 7, "chart_type": "column", "fields": "[\"erven_land_ownership_in_hectares_by_gender\"]", "section": 8, "chart_title": "Individual ownership of erven land in hectares by gender (%)", "chart_source": "Land Audit Report, 2017", "chart_source_link": "http://www.ruraldevelopment.gov.za/publications/land-audit-report/file/6126", "chart_stat_type": "percentage", "group_by": null}}, {"model": "dominion.chart", "pk": 51, "fields": {"db_table": 4, "chart_type": "column", "fields": "[\"number_of_erven_land_owners_per_gender\"]", "section": 8, "chart_title": "Number of individuals owning erven land by gender (%)", "chart_source": "Land Audit Report, 2017", "chart_source_link": "http://www.ruraldevelopment.gov.za/publications/land-audit-report/file/6126", "chart_stat_type": "percentage", "group_by": null}}, {"model": "dominion.chart", "pk": 52, "fields": {"db_table": 8, "chart_type": "column", "fields": "[\"erven_land_ownership_in_hectares_by_nationality\"]", "section": 8, "chart_title": "Individual ownership of erven land in hectares by nationality (%)", "chart_source": "Land Audit Report, 2017", "chart_source_link": "http://www.ruraldevelopment.gov.za/publications/land-audit-report/file/6126", "chart_stat_type": "percentage", "group_by": null}}, {"model": "dominion.chart", "pk": 53, "fields": {"db_table": 5, "chart_type": "column", "fields": "[\"number_of_erven_land_owners_per_nationality\"]", "section": 8, "chart_title": "Number of individuals owning erven land by nationality", "chart_source": "Land Audit Report, 2017", "chart_source_link": "http://www.ruraldevelopment.gov.za/publications/land-audit-report/file/6126", "chart_stat_type": "percentage", "group_by": null}}, {"model": "dominion.chart", "pk": 54, "fields": {"db_table": 9, "chart_type": "column", "fields": "[\"erven_land_ownership_in_hectares_by_race\"]", "section": 8, "chart_title": "Individual ownership of erven land in hectares by race (%)", "chart_source": "Land Audit Report, 2017", "chart_source_link": "http://www.ruraldevelopment.gov.za/publications/land-audit-report/file/6126", "chart_stat_type": "percentage", "group_by": null}}, {"model": "dominion.chart", "pk": 55, "fields": {"db_table": 6, "chart_type": "column", "fields": "[\"number_of_erven_land_owners_per_race\"]", "section": 8, "chart_title": "Number of individuals owning erven land by race (%)", "chart_source": "Land Audit Report, 2017", "chart_source_link": "http://www.ruraldevelopment.gov.za/publications/land-audit-report/file/6126", "chart_stat_type": "percentage", "group_by": null}}, {"model": "dominion.chart", "pk": 56, "fields": {"db_table": 12, "chart_type": "grouped_column", "fields": "[\"statistic\", \"class_distribution\"]", "section": 4, "chart_title": "Land traded per class statistics from from December 2017 to November 2018", "chart_source": "AGRIDS, 2019", "chart_source_link": "http://land.agrids.co.za/", "chart_stat_type": "number", "group_by": "statistic"}}, {"model": "dominion.chart", "pk": 57, "fields": {"db_table": 13, "chart_type": "grouped_column", "fields": "[\"month_cc\", \"breakdown_cc\"]", "section": 5, "chart_title": "Hectares(ha) traded for transactions of colour in 12 months for Government Agriculture, Government Urban, Private and Others", "chart_source": "AGRIDS, 2018", "chart_source_link": "http://land.agrids.co.za/", "chart_stat_type": "number", "group_by": "month_cc"}}, {"model": "dominion.chart", "pk": 58, "fields": {"db_table": 11, "chart_type": "grouped_column", "fields": "[\"transaction_group\", \"month\"]", "section": 5, "chart_title": "Number of all transactions vs Number of transactions of colour on Land traded per month", "chart_source": "AGRIDS, 2019", "chart_source_link": "http://land.agrids.co.za/", "chart_stat_type": "number", "group_by": "month"}}, {"model": "dominion.chart", "pk": 59, "fields": {"db_table": 14, "chart_type": "grouped_column", "fields": "[\"month_cc\", \"breakdown_cc\"]", "section": 5, "chart_title": "Number of transactions of colour  in 12 months for Government Agriculture, Government Urban, Private and Others", "chart_source": "AGRID, 2018", "chart_source_link": "http://land.agrids.co.za/", "chart_stat_type": "number", "group_by": "month_cc"}}, {"model": "dominion.chart", "pk": 60, "fields": {"db_table": 10, "chart_type": "grouped_column", "fields": "[\"month_cc\", \"breakdown_cc\"]", "section": 5, "chart_title": "Total cost in (R million) for transactions of colour in 12 months for Government Agriculture, Government Urban, Private and Others", "chart_source": "AGRID, 2018", "chart_source_link": "http://land.agrids.co.za/", "chart_stat_type": "number", "group_by": "month_cc"}}, {"model": "dominion.chart", "pk": 61, "fields": {"db_table": 51, "chart_type": "column", "fields": "[\"workers_hostel_access_electricity\"]", "section": 3, "chart_title": "Access to Electricity", "chart_source": "General Household Survey, 2018", "chart_source_link": "http://www.statssa.gov.za/publications/P0318/P03182018.pdf", "chart_stat_type": "number", "group_by": "number of sectional title owners by nationality"}}, {"model": "dominion.chart", "pk": 62, "fields": {"db_table": 40, "chart_type": "column", "fields": "[\"sectional title ownership in hectares per category\"]", "section": 7, "chart_title": "Hectares Acquired in the Restitution Programme in the Financial Year 2009/2010 to 2017/2018", "chart_source": "Land Audit Report, 2017", "chart_source_link": "http://www.ruraldevelopment.gov.za/publications/land-audit-report/file/6126", "chart_stat_type": "number", "group_by": "workers_hostel_living_condition"}}, {"model": "contenttypes.contenttype", "pk": 1, "fields": {"app_label": "dominion", "model": "chart"}}, {"model": "contenttypes.contenttype", "pk": 2, "fields": {"app_label": "dominion", "model": "chartsection"}}, {"model": "contenttypes.contenttype", "pk": 3, "fields": {"app_label": "hurumap", "model": "dataindicator"}}, {"model": "contenttypes.contenttype", "pk": 4, "fields": {"app_label": "hurumap", "model": "datatopic"}}, {"model": "contenttypes.contenttype", "pk": 5, "fields": {"app_label": "hurumap", "model": "dataindicatorpublisher"}}, {"model": "contenttypes.contenttype", "pk": 6, "fields": {"app_label": "admin", "model": "logentry"}}, {"model": "contenttypes.contenttype", "pk": 7, "fields": {"app_label": "auth", "model": "permission"}}, {"model": "contenttypes.contenttype", "pk": 8, "fields": {"app_label": "auth", "model": "group"}}, {"model": "contenttypes.contenttype", "pk": 9, "fields": {"app_label": "auth", "model": "user"}}, {"model": "contenttypes.contenttype", "pk": 10, "fields": {"app_label": "contenttypes", "model": "contenttype"}}, {"model": "contenttypes.contenttype", "pk": 11, "fields": {"app_label": "sessions", "model": "session"}}, {"model": "contenttypes.contenttype", "pk": 12, "fields": {"app_label": "wazimap", "model": "geography"}}, {"model": "contenttypes.contenttype", "pk": 13, "fields": {"app_label": "wazimap", "model": "dataset"}}, {"model": "contenttypes.contenttype", "pk": 14, "fields": {"app_label": "wazimap", "model": "dbtable"}}, {"model": "contenttypes.contenttype", "pk": 15, "fields": {"app_label": "wazimap", "model": "fieldtable"}}, {"model": "contenttypes.contenttype", "pk": 16, "fields": {"app_label": "wazimap", "model": "fieldtablerelease"}}, {"model": "contenttypes.contenttype", "pk": 17, "fields": {"app_label": "wazimap", "model": "release"}}, {"model": "contenttypes.contenttype", "pk": 18, "fields": {"app_label": "wazimap", "model": "simpletable"}}, {"model": "contenttypes.contenttype", "pk": 19, "fields": {"app_label": "wazimap", "model": "simpletablerelease"}}, {"model": "contenttypes.contenttype", "pk": 20, "fields": {"app_label": "census", "model": "column"}}, {"model": "contenttypes.contenttype", "pk": 21, "fields": {"app_label": "census", "model": "geography"}}, {"model": "contenttypes.contenttype", "pk": 22, "fields": {"app_label": "census", "model": "subjectconcept"}}, {"model": "contenttypes.contenttype", "pk": 23, "fields": {"app_label": "census", "model": "summarylevel"}}, {"model": "contenttypes.contenttype", "pk": 24, "fields": {"app_label": "census", "model": "table"}}, {"model": "contenttypes.contenttype", "pk": 25, "fields": {"app_label": "wagtailcore", "model": "page"}}, {"model": "contenttypes.contenttype", "pk": 26, "fields": {"app_label": "wagtailimages", "model": "image"}}, {"model": "contenttypes.contenttype", "pk": 27, "fields": {"app_label": "wagtailadmin", "model": "admin"}}, {"model": "contenttypes.contenttype", "pk": 28, "fields": {"app_label": "wagtaildocs", "model": "document"}}, {"model": "contenttypes.contenttype", "pk": 29, "fields": {"app_label": "sites", "model": "site"}}, {"model": "contenttypes.contenttype", "pk": 30, "fields": {"app_label": "wagtailforms", "model": "formsubmission"}}, {"model": "contenttypes.contenttype", "pk": 31, "fields": {"app_label": "wagtailredirects", "model": "redirect"}}, {"model": "contenttypes.contenttype", "pk": 32, "fields": {"app_label": "wagtailembeds", "model": "embed"}}, {"model": "contenttypes.contenttype", "pk": 33, "fields": {"app_label": "wagtailusers", "model": "userprofile"}}, {"model": "contenttypes.contenttype", "pk": 34, "fields": {"app_label": "wagtailimages", "model": "rendition"}}, {"model": "contenttypes.contenttype", "pk": 35, "fields": {"app_label": "wagtailsearch", "model": "query"}}, {"model": "contenttypes.contenttype", "pk": 36, "fields": {"app_label": "wagtailsearch", "model": "querydailyhits"}}, {"model": "contenttypes.contenttype", "pk": 37, "fields": {"app_label": "wagtailcore", "model": "grouppagepermission"}}, {"model": "contenttypes.contenttype", "pk": 38, "fields": {"app_label": "wagtailcore", "model": "pagerevision"}}, {"model": "contenttypes.contenttype", "pk": 39, "fields": {"app_label": "wagtailcore", "model": "pageviewrestriction"}}, {"model": "contenttypes.contenttype", "pk": 40, "fields": {"app_label": "wagtailcore", "model": "site"}}, {"model": "contenttypes.contenttype", "pk": 41, "fields": {"app_label": "wagtailcore", "model": "collection"}}, {"model": "contenttypes.contenttype", "pk": 42, "fields": {"app_label": "wagtailcore", "model": "groupcollectionpermission"}}, {"model": "contenttypes.contenttype", "pk": 43, "fields": {"app_label": "wagtailcore", "model": "collectionviewrestriction"}}, {"model": "contenttypes.contenttype", "pk": 44, "fields": {"app_label": "taggit", "model": "tag"}}, {"model": "contenttypes.contenttype", "pk": 45, "fields": {"app_label": "taggit", "model": "taggeditem"}}, {"model": "contenttypes.contenttype", "pk": 46, "fields": {"app_label": "account", "model": "emailaddress"}}, {"model": "contenttypes.contenttype", "pk": 47, "fields": {"app_label": "account", "model": "emailconfirmation"}}, {"model": "contenttypes.contenttype", "pk": 48, "fields": {"app_label": "socialaccount", "model": "socialaccount"}}, {"model": "contenttypes.contenttype", "pk": 49, "fields": {"app_label": "socialaccount", "model": "socialapp"}}, {"model": "contenttypes.contenttype", "pk": 50, "fields": {"app_label": "socialaccount", "model": "socialtoken"}}, {"model": "contenttypes.contenttype", "pk": 51, "fields": {"app_label": "hurumapdashboard", "model": "homepage"}}, {"model": "contenttypes.contenttype", "pk": 52, "fields": {"app_label": "hurumapdashboard", "model": "staticpage"}}, {"model": "sessions.session", "pk": "icecxecmfjx172ed49c2l7zzj62g75is", "fields": {"session_data": "YjZmNzUyM2E2MGI3NWNkZDRjYWUwMTAwYTQ2ODE4OTRmOTQ4NjdkOTp7Il9hdXRoX3VzZXJfaWQiOiI0IiwiX2F1dGhfdXNlcl9iYWNrZW5kIjoiZGphbmdvLmNvbnRyaWIuYXV0aC5iYWNrZW5kcy5Nb2RlbEJhY2tlbmQiLCJfYXV0aF91c2VyX2hhc2giOiJhODE2YTUzMTFmMGY0YzRiNjRhMDM0NWFhMmFkNzYyNmFkZWExNjYxIn0=", "expire_date": "2019-07-29T06:56:52.853Z"}}, {"model": "sessions.session", "pk": "kpuohrpvuhmbbabp5c1yccwdyf3q2bo3", "fields": {"session_data": "YjZmNzUyM2E2MGI3NWNkZDRjYWUwMTAwYTQ2ODE4OTRmOTQ4NjdkOTp7Il9hdXRoX3VzZXJfaWQiOiI0IiwiX2F1dGhfdXNlcl9iYWNrZW5kIjoiZGphbmdvLmNvbnRyaWIuYXV0aC5iYWNrZW5kcy5Nb2RlbEJhY2tlbmQiLCJfYXV0aF91c2VyX2hhc2giOiJhODE2YTUzMTFmMGY0YzRiNjRhMDM0NWFhMmFkNzYyNmFkZWExNjYxIn0=", "expire_date": "2019-07-29T10:20:10.286Z"}}, {"model": "sessions.session", "pk": "kv8dk3npkm2e8hxpdu3wnbl7lk71zbpa", "fields": {"session_data": "YjZmNzUyM2E2MGI3NWNkZDRjYWUwMTAwYTQ2ODE4OTRmOTQ4NjdkOTp7Il9hdXRoX3VzZXJfaWQiOiI0IiwiX2F1dGhfdXNlcl9iYWNrZW5kIjoiZGphbmdvLmNvbnRyaWIuYXV0aC5iYWNrZW5kcy5Nb2RlbEJhY2tlbmQiLCJfYXV0aF91c2VyX2hhc2giOiJhODE2YTUzMTFmMGY0YzRiNjRhMDM0NWFhMmFkNzYyNmFkZWExNjYxIn0=", "expire_date": "2019-07-29T06:56:43.507Z"}}, {"model": "sessions.session", "pk": "l6bt02hhz08yeny7fj6ukjguwlxh31q5", "fields": {"session_data": "ODdiZmFlOGY5ZDU2ZTcxM2EyZWNhYzNmMmEzY2Y3NjdiMzY5NWMwMTp7Il9hdXRoX3VzZXJfaWQiOiIxIiwiX2F1dGhfdXNlcl9iYWNrZW5kIjoiZGphbmdvLmNvbnRyaWIuYXV0aC5iYWNrZW5kcy5Nb2RlbEJhY2tlbmQiLCJfYXV0aF91c2VyX2hhc2giOiIyZGM1OTQ5NzNhYTRmNWIwZTU5YzA1MDkzNzE0NjI4ZDc0NjcxYzkxIn0=", "expire_date": "2019-07-30T12:24:35.542Z"}}, {"model": "sessions.session", "pk": "soq9m4tn660vpys6aezjigkb6g3g9uu7", "fields": {"session_data": "YjZmNzUyM2E2MGI3NWNkZDRjYWUwMTAwYTQ2ODE4OTRmOTQ4NjdkOTp7Il9hdXRoX3VzZXJfaWQiOiI0IiwiX2F1dGhfdXNlcl9iYWNrZW5kIjoiZGphbmdvLmNvbnRyaWIuYXV0aC5iYWNrZW5kcy5Nb2RlbEJhY2tlbmQiLCJfYXV0aF91c2VyX2hhc2giOiJhODE2YTUzMTFmMGY0YzRiNjRhMDM0NWFhMmFkNzYyNmFkZWExNjYxIn0=", "expire_date": "2019-07-29T07:44:14.288Z"}}, {"model": "wazimap.geography", "pk": 279, "fields": {"geo_level": "continent", "geo_code": "AFR", "version": "2009", "name": "Africa", "long_name": "Africa", "square_kms": null, "parent_level": null, "parent_code": null}}, {"model": "wazimap.geography", "pk": 280, "fields": {"geo_level": "country", "geo_code": "NG", "version": "2009", "name": "Nigeria", "long_name": "Nigeria", "square_kms": 923768.0, "parent_level": "continent", "parent_code": "AFR"}}, {"model": "wazimap.geography", "pk": 281, "fields": {"geo_level": "country", "geo_code": "SN", "version": "2009", "name": "Senegal", "long_name": "Senegal", "square_kms": 196712.0, "parent_level": "continent", "parent_code": "AFR"}}, {"model": "wazimap.geography", "pk": 282, "fields": {"geo_level": "country", "geo_code": "TZ", "version": "2009", "name": "Tanzania", "long_name": "Tanzania", "square_kms": 945087.0, "parent_level": "continent", "parent_code": "AFR"}}, {"model": "wazimap.geography", "pk": 283, "fields": {"geo_level": "level1", "geo_code": "NG_1_006", "version": "2009", "name": "Bayelsa", "long_name": "Bayelsa", "square_kms": 10773.0, "parent_level": "country", "parent_code": "NG"}}, {"model": "wazimap.geography", "pk": 284, "fields": {"geo_level": "level1", "geo_code": "NG_1_007", "version": "2009", "name": "Benue", "long_name": "Benue", "square_kms": 34059.0, "parent_level": "country", "parent_code": "NG"}}, {"model": "wazimap.geography", "pk": 285, "fields": {"geo_level": "level1", "geo_code": "NG_1_008", "version": "2009", "name": "Borno", "long_name": "Borno", "square_kms": 70898.0, "parent_level": "country", "parent_code": "NG"}}, {"model": "wazimap.geography", "pk": 286, "fields": {"geo_level": "level1", "geo_code": "NG_1_009", "version": "2009", "name": "Cross River", "long_name": "Cross River", "square_kms": 20156.0, "parent_level": "country", "parent_code": "NG"}}, {"model": "wazimap.geography", "pk": 287, "fields": {"geo_level": "level1", "geo_code": "NG_1_010", "version": "2009", "name": "Delta", "long_name": "Delta", "square_kms": 17698.0, "parent_level": "country", "parent_code": "NG"}}, {"model": "wazimap.geography", "pk": 288, "fields": {"geo_level": "level1", "geo_code": "NG_1_011", "version": "2009", "name": "Ebonyi", "long_name": "Ebonyi", "square_kms": 5670.0, "parent_level": "country", "parent_code": "NG"}}, {"model": "wazimap.geography", "pk": 289, "fields": {"geo_level": "level1", "geo_code": "NG_1_012", "version": "2009", "name": "Edo", "long_name": "Edo", "square_kms": 17802.0, "parent_level": "country", "parent_code": "NG"}}, {"model": "wazimap.geography", "pk": 290, "fields": {"geo_level": "level1", "geo_code": "NG_1_013", "version": "2009", "name": "Ekiti", "long_name": "Ekiti", "square_kms": 6353.0, "parent_level": "country", "parent_code": "NG"}}, {"model": "wazimap.geography", "pk": 291, "fields": {"geo_level": "level1", "geo_code": "NG_1_014", "version": "2009", "name": "Enugu", "long_name": "Enugu", "square_kms": 7161.0, "parent_level": "country", "parent_code": "NG"}}, {"model": "wazimap.geography", "pk": 292, "fields": {"geo_level": "level1", "geo_code": "NG_1_015", "version": "2009", "name": "Federal Capital Territory", "long_name": "Federal Capital Territory", "square_kms": 7315.0, "parent_level": "country", "parent_code": "NG"}}, {"model": "wazimap.geography", "pk": 293, "fields": {"geo_level": "level1", "geo_code": "NG_1_016", "version": "2009", "name": "Gombe", "long_name": "Gombe", "square_kms": 18768.0, "parent_level": "country", "parent_code": "NG"}}, {"model": "wazimap.geography", "pk": 294, "fields": {"geo_level": "level1", "geo_code": "NG_1_017", "version": "2009", "name": "Imo", "long_name": "Imo", "square_kms": 5530.0, "parent_level": "country", "parent_code": "NG"}}, {"model": "wazimap.geography", "pk": 295, "fields": {"geo_level": "level1", "geo_code": "NG_1_018", "version": "2009", "name": "Jigawa", "long_name": "Jigawa", "square_kms": 23154.0, "parent_level": "country", "parent_code": "NG"}}, {"model": "wazimap.geography", "pk": 296, "fields": {"geo_level": "level1", "geo_code": "NG_1_019", "version": "2009", "name": "Kaduna", "long_name": "Kaduna", "square_kms": 46053.0, "parent_level": "country", "parent_code": "NG"}}, {"model": "wazimap.geography", "pk": 297, "fields": {"geo_level": "level1", "geo_code": "NG_1_020", "version": "2009", "name": "Kano", "long_name": "Kano", "square_kms": 20131.0, "parent_level": "country", "parent_code": "NG"}}, {"model": "wazimap.geography", "pk": 298, "fields": {"geo_level": "level1", "geo_code": "NG_1_021", "version": "2009", "name": "Katsina", "long_name": "Katsina", "square_kms": 24192.0, "parent_level": "country", "parent_code": "NG"}}, {"model": "wazimap.geography", "pk": 299, "fields": {"geo_level": "level1", "geo_code": "NG_1_022", "version": "2009", "name": "Kebbi", "long_name": "Kebbi", "square_kms": 36800.0, "parent_level": "country", "parent_code": "NG"}}, {"model": "wazimap.geography", "pk": 300, "fields": {"geo_level": "level1", "geo_code": "NG_1_023", "version": "2009", "name": "Kogi", "long_name": "Kogi", "square_kms": 29833.0, "parent_level": "country", "parent_code": "NG"}}, {"model": "wazimap.geography", "pk": 301, "fields": {"geo_level": "level1", "geo_code": "NG_1_024", "version": "2009", "name": "Kwara", "long_name": "Kwara", "square_kms": 36825.0, "parent_level": "country", "parent_code": "NG"}}, {"model": "wazimap.geography", "pk": 302, "fields": {"geo_level": "level1", "geo_code": "NG_1_025", "version": "2009", "name": "Lagos", "long_name": "Lagos", "square_kms": 3345.0, "parent_level": "country", "parent_code": "NG"}}, {"model": "wazimap.geography", "pk": 303, "fields": {"geo_level": "level1", "geo_code": "NG_1_026", "version": "2009", "name": "Nasarawa", "long_name": "Nasarawa", "square_kms": 27117.0, "parent_level": "country", "parent_code": "NG"}}, {"model": "wazimap.geography", "pk": 304, "fields": {"geo_level": "level1", "geo_code": "NG_1_027", "version": "2009", "name": "Niger", "long_name": "Niger", "square_kms": 76363.0, "parent_level": "country", "parent_code": "NG"}}, {"model": "wazimap.geography", "pk": 305, "fields": {"geo_level": "level1", "geo_code": "NG_1_028", "version": "2009", "name": "Ogun", "long_name": "Ogun", "square_kms": 16762.0, "parent_level": "country", "parent_code": "NG"}}, {"model": "wazimap.geography", "pk": 306, "fields": {"geo_level": "level1", "geo_code": "NG_1_029", "version": "2009", "name": "Ondo", "long_name": "Ondo", "square_kms": 15500.0, "parent_level": "country", "parent_code": "NG"}}, {"model": "wazimap.geography", "pk": 307, "fields": {"geo_level": "level1", "geo_code": "NG_1_030", "version": "2009", "name": "Osun", "long_name": "Osun", "square_kms": 9251.0, "parent_level": "country", "parent_code": "NG"}}, {"model": "wazimap.geography", "pk": 308, "fields": {"geo_level": "level1", "geo_code": "NG_1_031", "version": "2009", "name": "Oyo", "long_name": "Oyo", "square_kms": 28454.0, "parent_level": "country", "parent_code": "NG"}}, {"model": "wazimap.geography", "pk": 309, "fields": {"geo_level": "level1", "geo_code": "NG_1_032", "version": "2009", "name": "Plateau", "long_name": "Plateau", "square_kms": 30913.0, "parent_level": "country", "parent_code": "NG"}}, {"model": "wazimap.geography", "pk": 310, "fields": {"geo_level": "level1", "geo_code": "NG_1_033", "version": "2009", "name": "Rivers", "long_name": "Rivers", "square_kms": 11077.0, "parent_level": "country", "parent_code": "NG"}}, {"model": "wazimap.geography", "pk": 311, "fields": {"geo_level": "level1", "geo_code": "NG_1_034", "version": "2009", "name": "Sokoto", "long_name": "Sokoto", "square_kms": 25973.0, "parent_level": "country", "parent_code": "NG"}}, {"model": "wazimap.geography", "pk": 312, "fields": {"geo_level": "level1", "geo_code": "NG_1_035", "version": "2009", "name": "Taraba", "long_name": "Taraba", "square_kms": 54473.0, "parent_level": "country", "parent_code": "NG"}}, {"model": "wazimap.geography", "pk": 313, "fields": {"geo_level": "level1", "geo_code": "NG_1_036", "version": "2009", "name": "Yobe", "long_name": "Yobe", "square_kms": 45502.0, "parent_level": "country", "parent_code": "NG"}}, {"model": "wazimap.geography", "pk": 314, "fields": {"geo_level": "level1", "geo_code": "NG_1_037", "version": "2009", "name": "Zamfara", "long_name": "Zamfara", "square_kms": 39762.0, "parent_level": "country", "parent_code": "NG"}}, {"model": "wazimap.geography", "pk": 315, "fields": {"geo_level": "level1", "geo_code": "SN_1_001", "version": "2009", "name": "Dakar", "long_name": "Dakar", "square_kms": 547.0, "parent_level": "country", "parent_code": "SN"}}, {"model": "wazimap.geography", "pk": 316, "fields": {"geo_level": "level1", "geo_code": "SN_1_002", "version": "2009", "name": "Diourbel", "long_name": "Diourbel", "square_kms": 4824.0, "parent_level": "country", "parent_code": "SN"}}, {"model": "wazimap.geography", "pk": 317, "fields": {"geo_level": "level1", "geo_code": "SN_1_003", "version": "2009", "name": "Fatick", "long_name": "Fatick", "square_kms": 6849.0, "parent_level": "country", "parent_code": "SN"}}, {"model": "wazimap.geography", "pk": 318, "fields": {"geo_level": "level1", "geo_code": "SN_1_004", "version": "2009", "name": "Kaffrine", "long_name": "Kaffrine", "square_kms": 11262.0, "parent_level": "country", "parent_code": "SN"}}, {"model": "wazimap.geography", "pk": 319, "fields": {"geo_level": "level1", "geo_code": "SN_1_005", "version": "2009", "name": "Kaolack", "long_name": "Kaolack", "square_kms": 5357.0, "parent_level": "country", "parent_code": "SN"}}, {"model": "wazimap.geography", "pk": 320, "fields": {"geo_level": "level1", "geo_code": "SN_1_006", "version": "2009", "name": "Kedougou", "long_name": "Kedougou", "square_kms": 16800.0, "parent_level": "country", "parent_code": "SN"}}, {"model": "wazimap.geography", "pk": 321, "fields": {"geo_level": "level1", "geo_code": "SN_1_007", "version": "2009", "name": "Kolda", "long_name": "Kolda", "square_kms": 13771.0, "parent_level": "country", "parent_code": "SN"}}, {"model": "wazimap.geography", "pk": 322, "fields": {"geo_level": "level1", "geo_code": "SN_1_008", "version": "2009", "name": "Louga", "long_name": "Louga", "square_kms": 24889.0, "parent_level": "country", "parent_code": "SN"}}, {"model": "wazimap.geography", "pk": 323, "fields": {"geo_level": "level1", "geo_code": "SN_1_009", "version": "2009", "name": "Matam", "long_name": "Matam", "square_kms": 29445.0, "parent_level": "country", "parent_code": "SN"}}, {"model": "wazimap.geography", "pk": 324, "fields": {"geo_level": "level1", "geo_code": "SN_1_010", "version": "2009", "name": "Saint Louis", "long_name": "Saint Louis", "square_kms": 19241.0, "parent_level": "country", "parent_code": "SN"}}, {"model": "wazimap.geography", "pk": 325, "fields": {"geo_level": "level1", "geo_code": "SN_1_011", "version": "2009", "name": "Sedhiou", "long_name": "Sedhiou", "square_kms": 7341.0, "parent_level": "country", "parent_code": "SN"}}, {"model": "wazimap.geography", "pk": 326, "fields": {"geo_level": "level1", "geo_code": "SN_1_012", "version": "2009", "name": "Tambacounda", "long_name": "Tambacounda", "square_kms": 42364.0, "parent_level": "country", "parent_code": "SN"}}, {"model": "wazimap.geography", "pk": 327, "fields": {"geo_level": "level1", "geo_code": "SN_1_013", "version": "2009", "name": "Thies", "long_name": "Thies", "square_kms": 6670.0, "parent_level": "country", "parent_code": "SN"}}, {"model": "wazimap.geography", "pk": 328, "fields": {"geo_level": "level1", "geo_code": "SN_1_014", "version": "2009", "name": "Ziguinchor", "long_name": "Ziguinchor", "square_kms": 7352.0, "parent_level": "country", "parent_code": "SN"}}, {"model": "wazimap.geography", "pk": 329, "fields": {"geo_level": "level1", "geo_code": "TZ_1_022", "version": "2009", "name": "Pwani", "long_name": "Pwani", "square_kms": 32407.0, "parent_level": "country", "parent_code": "TZ"}}, {"model": "wazimap.geography", "pk": 330, "fields": {"geo_level": "level1", "geo_code": "TZ_1_026", "version": "2009", "name": "Simiyu", "long_name": "Simiyu", "square_kms": 2380.0, "parent_level": "country", "parent_code": "TZ"}}, {"model": "wazimap.geography", "pk": 331, "fields": {"geo_level": "level1", "geo_code": "TZ_1_004", "version": "2009", "name": "Geita", "long_name": "Geita", "square_kms": 20054.0, "parent_level": "country", "parent_code": "TZ"}}, {"model": "wazimap.geography", "pk": 332, "fields": {"geo_level": "level1", "geo_code": "TZ_1_027", "version": "2009", "name": "Singida", "long_name": "Singida", "square_kms": 49437.0, "parent_level": "country", "parent_code": "TZ"}}, {"model": "wazimap.geography", "pk": 333, "fields": {"geo_level": "level1", "geo_code": "TZ_1_005", "version": "2009", "name": "Iringa", "long_name": "Iringa", "square_kms": 58936.0, "parent_level": "country", "parent_code": "TZ"}}, {"model": "wazimap.geography", "pk": 334, "fields": {"geo_level": "level1", "geo_code": "TZ_1_023", "version": "2009", "name": "Rukwa", "long_name": "Rukwa", "square_kms": 75240.0, "parent_level": "country", "parent_code": "TZ"}}, {"model": "wazimap.geography", "pk": 335, "fields": {"geo_level": "level1", "geo_code": "TZ_1_006", "version": "2009", "name": "Kagera", "long_name": "Kagera", "square_kms": 39627.0, "parent_level": "country", "parent_code": "TZ"}}, {"model": "wazimap.geography", "pk": 336, "fields": {"geo_level": "level1", "geo_code": "TZ_1_010", "version": "2009", "name": "Kigoma", "long_name": "Kigoma", "square_kms": 45066.0, "parent_level": "country", "parent_code": "TZ"}}, {"model": "wazimap.geography", "pk": 337, "fields": {"geo_level": "level1", "geo_code": "TZ_1_014", "version": "2009", "name": "Lindi", "long_name": "Lindi", "square_kms": 67000.0, "parent_level": "country", "parent_code": "TZ"}}, {"model": "wazimap.geography", "pk": 338, "fields": {"geo_level": "level1", "geo_code": "TZ_1_002", "version": "2009", "name": "Dar es salaam", "long_name": "Dar es salaam", "square_kms": 1393.0, "parent_level": "country", "parent_code": "TZ"}}, {"model": "wazimap.geography", "pk": 339, "fields": {"geo_level": "level1", "geo_code": "TZ_1_003", "version": "2009", "name": "Dodoma", "long_name": "Dodoma", "square_kms": 41311.0, "parent_level": "country", "parent_code": "TZ"}}, {"model": "wazimap.geography", "pk": 340, "fields": {"geo_level": "level1", "geo_code": "TZ_1_028", "version": "2009", "name": "Tanga", "long_name": "Tanga", "square_kms": 27348.0, "parent_level": "country", "parent_code": "TZ"}}, {"model": "wazimap.geography", "pk": 341, "fields": {"geo_level": "level1", "geo_code": "TZ_1_019", "version": "2009", "name": "Mtwara", "long_name": "Mtwara", "square_kms": 16707.0, "parent_level": "country", "parent_code": "TZ"}}, {"model": "wazimap.geography", "pk": 342, "fields": {"geo_level": "level1", "geo_code": "TZ_1_021", "version": "2009", "name": "Njombe", "long_name": "Njombe", "square_kms": 21347.0, "parent_level": "country", "parent_code": "TZ"}}, {"model": "wazimap.geography", "pk": 343, "fields": {"geo_level": "level1", "geo_code": "TZ_1_029", "version": "2009", "name": "Tabora", "long_name": "Tabora", "square_kms": 76151.0, "parent_level": "country", "parent_code": "TZ"}}, {"model": "wazimap.geography", "pk": 344, "fields": {"geo_level": "level1", "geo_code": "TZ_1_011", "version": "2009", "name": "Kilimanjaro", "long_name": "Kilimanjaro", "square_kms": 13209.0, "parent_level": "country", "parent_code": "TZ"}}, {"model": "wazimap.geography", "pk": 345, "fields": {"geo_level": "level1", "geo_code": "TZ_1_025", "version": "2009", "name": "Shinyanga", "long_name": "Shinyanga", "square_kms": 40781.0, "parent_level": "country", "parent_code": "TZ"}}, {"model": "wazimap.geography", "pk": 346, "fields": {"geo_level": "level1", "geo_code": "TZ_1_016", "version": "2009", "name": "Mara", "long_name": "Mara", "square_kms": 31150.0, "parent_level": "country", "parent_code": "TZ"}}, {"model": "wazimap.geography", "pk": 347, "fields": {"geo_level": "level1", "geo_code": "TZ_1_024", "version": "2009", "name": "Ruvuma", "long_name": "Ruvuma", "square_kms": 66477.0, "parent_level": "country", "parent_code": "TZ"}}, {"model": "wazimap.geography", "pk": 348, "fields": {"geo_level": "level1", "geo_code": "TZ_1_020", "version": "2009", "name": "Mwanza", "long_name": "Mwanza", "square_kms": 35187.0, "parent_level": "country", "parent_code": "TZ"}}, {"model": "wazimap.geography", "pk": 349, "fields": {"geo_level": "level1", "geo_code": "TZ_1_017", "version": "2009", "name": "Mbeya", "long_name": "Mbeya", "square_kms": 62420.0, "parent_level": "country", "parent_code": "TZ"}}, {"model": "wazimap.geography", "pk": 350, "fields": {"geo_level": "level1", "geo_code": "TZ_1_001", "version": "2009", "name": "Arusha", "long_name": "Arusha", "square_kms": 34516.0, "parent_level": "country", "parent_code": "TZ"}}, {"model": "wazimap.geography", "pk": 351, "fields": {"geo_level": "level1", "geo_code": "TZ_1_018", "version": "2009", "name": "Morogoro", "long_name": "Morogoro", "square_kms": 73139.0, "parent_level": "country", "parent_code": "TZ"}}, {"model": "wazimap.geography", "pk": 352, "fields": {"geo_level": "level1", "geo_code": "TZ_1_009", "version": "2009", "name": "Katavi", "long_name": "Katavi", "square_kms": 45843.0, "parent_level": "country", "parent_code": "TZ"}}, {"model": "wazimap.geography", "pk": 353, "fields": {"geo_level": "level1", "geo_code": "TZ_1_015", "version": "2009", "name": "Manyara", "long_name": "Manyara", "square_kms": 47913.0, "parent_level": "country", "parent_code": "TZ"}}, {"model": "wazimap.geography", "pk": 354, "fields": {"geo_level": "level1", "geo_code": "TZ_1_012", "version": "2009", "name": "Kusini Pemba", "long_name": "Kusini Pemba", "square_kms": 332.0, "parent_level": "country", "parent_code": "TZ"}}, {"model": "wazimap.geography", "pk": 355, "fields": {"geo_level": "level1", "geo_code": "TZ_1_008", "version": "2009", "name": "Kaskazini Unguja", "long_name": "Kaskazini Unguja", "square_kms": 470.0, "parent_level": "country", "parent_code": "TZ"}}, {"model": "wazimap.geography", "pk": 356, "fields": {"geo_level": "level1", "geo_code": "TZ_1_013", "version": "2009", "name": "Kusini Unguja", "long_name": "Kusini Unguja", "square_kms": 854.0, "parent_level": "country", "parent_code": "TZ"}}, {"model": "wazimap.geography", "pk": 357, "fields": {"geo_level": "level1", "geo_code": "TZ_1_030", "version": "2009", "name": "Mjini Magharibi", "long_name": "Mjini Magharibi", "square_kms": 230.0, "parent_level": "country", "parent_code": "TZ"}}, {"model": "wazimap.geography", "pk": 358, "fields": {"geo_level": "level1", "geo_code": "TZ_1_007", "version": "2009", "name": "Kaskazini Pemba", "long_name": "Kaskazini Pemba", "square_kms": 574.0, "parent_level": "country", "parent_code": "TZ"}}, {"model": "wazimap.geography", "pk": 359, "fields": {"geo_level": "level1", "geo_code": "NG_1_001", "version": "2009", "name": "Abia", "long_name": "Abia", "square_kms": 6320.0, "parent_level": "country", "parent_code": "NG"}}, {"model": "wazimap.geography", "pk": 360, "fields": {"geo_level": "level1", "geo_code": "NG_1_002", "version": "2009", "name": "Adamawa", "long_name": "Adamawa", "square_kms": 36917.0, "parent_level": "country", "parent_code": "NG"}}, {"model": "wazimap.geography", "pk": 361, "fields": {"geo_level": "level1", "geo_code": "NG_1_003", "version": "2009", "name": "Akwa Ibom", "long_name": "Akwa Ibom", "square_kms": 7081.0, "parent_level": "country", "parent_code": "NG"}}, {"model": "wazimap.geography", "pk": 362, "fields": {"geo_level": "level1", "geo_code": "NG_1_004", "version": "2009", "name": "Anambra", "long_name": "Anambra", "square_kms": 4844.0, "parent_level": "country", "parent_code": "NG"}}, {"model": "wazimap.geography", "pk": 363, "fields": {"geo_level": "level1", "geo_code": "NG_1_005", "version": "2009", "name": "Bauchi", "long_name": "Bauchi", "square_kms": 45837.0, "parent_level": "country", "parent_code": "NG"}}, {"model": "wazimap.geography", "pk": 364, "fields": {"geo_level": "level1", "geo_code": "KE_1_020", "version": "2009", "name": "Kirinyaga", "long_name": "Kirinyaga", "square_kms": 1205.4, "parent_level": "country", "parent_code": "KE"}}, {"model": "wazimap.geography", "pk": 365, "fields": {"geo_level": "level1", "geo_code": "KE_1_021", "version": "2009", "name": "Muranga", "long_name": "Muranga", "square_kms": 2325.8, "parent_level": "country", "parent_code": "KE"}}, {"model": "wazimap.geography", "pk": 366, "fields": {"geo_level": "level1", "geo_code": "KE_1_018", "version": "2009", "name": "Nyandarua", "long_name": "Nyandarua", "square_kms": 3107.7, "parent_level": "country", "parent_code": "KE"}}, {"model": "wazimap.geography", "pk": 367, "fields": {"geo_level": "level1", "geo_code": "KE_1_019", "version": "2009", "name": "Nyeri", "long_name": "Nyeri", "square_kms": 2361.0, "parent_level": "country", "parent_code": "KE"}}, {"model": "wazimap.geography", "pk": 368, "fields": {"geo_level": "level1", "geo_code": "KE_1_024", "version": "2009", "name": "West-Pokot", "long_name": "West-Pokot", "square_kms": 8418.2, "parent_level": "country", "parent_code": "KE"}}, {"model": "wazimap.geography", "pk": 369, "fields": {"geo_level": "level1", "geo_code": "KE_1_025", "version": "2009", "name": "Samburu", "long_name": "Samburu", "square_kms": 20182.5, "parent_level": "country", "parent_code": "KE"}}, {"model": "wazimap.geography", "pk": 370, "fields": {"geo_level": "level1", "geo_code": "KE_1_022", "version": "2009", "name": "Kiambu", "long_name": "Kiambu", "square_kms": 2449.2, "parent_level": "country", "parent_code": "KE"}}, {"model": "wazimap.geography", "pk": 371, "fields": {"geo_level": "level1", "geo_code": "KE_1_023", "version": "2009", "name": "Turkana", "long_name": "Turkana", "square_kms": 71597.8, "parent_level": "country", "parent_code": "KE"}}, {"model": "wazimap.geography", "pk": 372, "fields": {"geo_level": "level1", "geo_code": "KE_1_028", "version": "2009", "name": "Elgeyo-Marakwet", "long_name": "Elgeyo-Marakwet", "square_kms": 3049.7, "parent_level": "country", "parent_code": "KE"}}, {"model": "wazimap.geography", "pk": 373, "fields": {"geo_level": "level1", "geo_code": "KE_1_029", "version": "2009", "name": "Nandi", "long_name": "Nandi", "square_kms": 2884.5, "parent_level": "country", "parent_code": "KE"}}, {"model": "wazimap.geography", "pk": 374, "fields": {"geo_level": "level1", "geo_code": "KE_1_026", "version": "2009", "name": "Trans-Nzoia", "long_name": "Trans-Nzoia", "square_kms": 2469.9, "parent_level": "country", "parent_code": "KE"}}, {"model": "wazimap.geography", "pk": 375, "fields": {"geo_level": "level1", "geo_code": "KE_1_027", "version": "2009", "name": "Uasin-Gishu", "long_name": "Uasin-Gishu", "square_kms": 2955.3, "parent_level": "country", "parent_code": "KE"}}, {"model": "wazimap.geography", "pk": 376, "fields": {"geo_level": "level1", "geo_code": "KE_1_032", "version": "2009", "name": "Nakuru", "long_name": "Nakuru", "square_kms": 7509.5, "parent_level": "country", "parent_code": "KE"}}, {"model": "wazimap.geography", "pk": 377, "fields": {"geo_level": "level1", "geo_code": "KE_1_033", "version": "2009", "name": "Narok", "long_name": "Narok", "square_kms": 17921.2, "parent_level": "country", "parent_code": "KE"}}, {"model": "wazimap.geography", "pk": 378, "fields": {"geo_level": "level1", "geo_code": "KE_1_030", "version": "2009", "name": "Baringo", "long_name": "Baringo", "square_kms": 11075.3, "parent_level": "country", "parent_code": "KE"}}, {"model": "wazimap.geography", "pk": 379, "fields": {"geo_level": "level1", "geo_code": "KE_1_031", "version": "2009", "name": "Laikipia", "long_name": "Laikipia", "square_kms": 8696.1, "parent_level": "country", "parent_code": "KE"}}, {"model": "wazimap.geography", "pk": 380, "fields": {"geo_level": "level1", "geo_code": "KE_1_036", "version": "2009", "name": "Bomet", "long_name": "Bomet", "square_kms": 1997.9, "parent_level": "country", "parent_code": "KE"}}, {"model": "wazimap.geography", "pk": 381, "fields": {"geo_level": "level1", "geo_code": "KE_1_037", "version": "2009", "name": "Kakamega", "long_name": "Kakamega", "square_kms": 3033.8, "parent_level": "country", "parent_code": "KE"}}, {"model": "wazimap.geography", "pk": 382, "fields": {"geo_level": "level1", "geo_code": "KE_1_034", "version": "2009", "name": "Kajiado", "long_name": "Kajiado", "square_kms": 21292.7, "parent_level": "country", "parent_code": "KE"}}, {"model": "wazimap.geography", "pk": 383, "fields": {"geo_level": "level1", "geo_code": "KE_1_035", "version": "2009", "name": "Kericho", "long_name": "Kericho", "square_kms": 2454.5, "parent_level": "country", "parent_code": "KE"}}, {"model": "wazimap.geography", "pk": 384, "fields": {"geo_level": "level1", "geo_code": "KE_1_040", "version": "2009", "name": "Busia", "long_name": "Busia", "square_kms": 1628.4, "parent_level": "country", "parent_code": "KE"}}, {"model": "wazimap.geography", "pk": 385, "fields": {"geo_level": "level1", "geo_code": "KE_1_041", "version": "2009", "name": "Siaya", "long_name": "Siaya", "square_kms": 2496.1, "parent_level": "country", "parent_code": "KE"}}, {"model": "wazimap.geography", "pk": 386, "fields": {"geo_level": "level1", "geo_code": "KE_1_038", "version": "2009", "name": "Vihiga", "long_name": "Vihiga", "square_kms": 531.3, "parent_level": "country", "parent_code": "KE"}}, {"model": "wazimap.geography", "pk": 387, "fields": {"geo_level": "level1", "geo_code": "KE_1_039", "version": "2009", "name": "Bungoma", "long_name": "Bungoma", "square_kms": 2206.9, "parent_level": "country", "parent_code": "KE"}}, {"model": "wazimap.geography", "pk": 388, "fields": {"geo_level": "level1", "geo_code": "KE_1_044", "version": "2009", "name": "Migori", "long_name": "Migori", "square_kms": 2586.4, "parent_level": "country", "parent_code": "KE"}}, {"model": "wazimap.geography", "pk": 389, "fields": {"geo_level": "level1", "geo_code": "KE_1_045", "version": "2009", "name": "Kisii", "long_name": "Kisii", "square_kms": 1317.9, "parent_level": "country", "parent_code": "KE"}}, {"model": "wazimap.geography", "pk": 390, "fields": {"geo_level": "level1", "geo_code": "KE_1_042", "version": "2009", "name": "Kisumu", "long_name": "Kisumu", "square_kms": 2009.0, "parent_level": "country", "parent_code": "KE"}}, {"model": "wazimap.geography", "pk": 391, "fields": {"geo_level": "level1", "geo_code": "KE_1_043", "version": "2009", "name": "Homa-Bay", "long_name": "Homa-Bay", "square_kms": 3154.7, "parent_level": "country", "parent_code": "KE"}}, {"model": "wazimap.geography", "pk": 392, "fields": {"geo_level": "level1", "geo_code": "KE_1_046", "version": "2009", "name": "Nyamira", "long_name": "Nyamira", "square_kms": 912.5, "parent_level": "country", "parent_code": "KE"}}, {"model": "wazimap.geography", "pk": 393, "fields": {"geo_level": "level1", "geo_code": "KE_1_047", "version": "2009", "name": "Nairobi", "long_name": "Nairobi", "square_kms": 694.9, "parent_level": "country", "parent_code": "KE"}}, {"model": "wazimap.geography", "pk": 394, "fields": {"geo_level": "country", "geo_code": "KE", "version": "2009", "name": "Kenya", "long_name": "Kenya", "square_kms": 581309.0, "parent_level": "continent", "parent_code": "AFR"}}, {"model": "wazimap.geography", "pk": 395, "fields": {"geo_level": "level1", "geo_code": "KE_1_001", "version": "2009", "name": "Mombasa", "long_name": "Mombasa", "square_kms": 212.5, "parent_level": "country", "parent_code": "KE"}}, {"model": "wazimap.geography", "pk": 396, "fields": {"geo_level": "level1", "geo_code": "KE_1_004", "version": "2009", "name": "Tana-River", "long_name": "Tana-River", "square_kms": 35375.8, "parent_level": "country", "parent_code": "KE"}}, {"model": "wazimap.geography", "pk": 397, "fields": {"geo_level": "level1", "geo_code": "KE_1_005", "version": "2009", "name": "Lamu", "long_name": "Lamu", "square_kms": 6497.7, "parent_level": "country", "parent_code": "KE"}}, {"model": "wazimap.geography", "pk": 398, "fields": {"geo_level": "level1", "geo_code": "KE_1_002", "version": "2009", "name": "Kwale", "long_name": "Kwale", "square_kms": 8270.3, "parent_level": "country", "parent_code": "KE"}}, {"model": "wazimap.geography", "pk": 399, "fields": {"geo_level": "level1", "geo_code": "KE_1_003", "version": "2009", "name": "Kilifi", "long_name": "Kilifi", "square_kms": 12245.9, "parent_level": "country", "parent_code": "KE"}}, {"model": "wazimap.geography", "pk": 400, "fields": {"geo_level": "level1", "geo_code": "KE_1_008", "version": "2009", "name": "Wajir", "long_name": "Wajir", "square_kms": 55840.6, "parent_level": "country", "parent_code": "KE"}}, {"model": "wazimap.geography", "pk": 401, "fields": {"geo_level": "level1", "geo_code": "KE_1_009", "version": "2009", "name": "Mandera", "long_name": "Mandera", "square_kms": 25797.7, "parent_level": "country", "parent_code": "KE"}}, {"model": "wazimap.geography", "pk": 402, "fields": {"geo_level": "level1", "geo_code": "KE_1_006", "version": "2009", "name": "Taita-Taveta", "long_name": "Taita-Taveta", "square_kms": 17083.9, "parent_level": "country", "parent_code": "KE"}}, {"model": "wazimap.geography", "pk": 403, "fields": {"geo_level": "level1", "geo_code": "KE_1_007", "version": "2009", "name": "Garissa", "long_name": "Garissa", "square_kms": 45720.2, "parent_level": "country", "parent_code": "KE"}}, {"model": "wazimap.geography", "pk": 404, "fields": {"geo_level": "level1", "geo_code": "KE_1_012", "version": "2009", "name": "Meru", "long_name": "Meru", "square_kms": 6930.1, "parent_level": "country", "parent_code": "KE"}}, {"model": "wazimap.geography", "pk": 405, "fields": {"geo_level": "level1", "geo_code": "KE_1_013", "version": "2009", "name": "Tharaka-Nithi", "long_name": "Tharaka-Nithi", "square_kms": 2409.5, "parent_level": "country", "parent_code": "KE"}}, {"model": "wazimap.geography", "pk": 406, "fields": {"geo_level": "level1", "geo_code": "KE_1_010", "version": "2009", "name": "Marsabit", "long_name": "Marsabit", "square_kms": 66923.1, "parent_level": "country", "parent_code": "KE"}}, {"model": "wazimap.geography", "pk": 407, "fields": {"geo_level": "level1", "geo_code": "KE_1_011", "version": "2009", "name": "Isiolo", "long_name": "Isiolo", "square_kms": 25336.1, "parent_level": "country", "parent_code": "KE"}}, {"model": "wazimap.geography", "pk": 408, "fields": {"geo_level": "level1", "geo_code": "KE_1_016", "version": "2009", "name": "Machakos", "long_name": "Machakos", "square_kms": 5952.9, "parent_level": "country", "parent_code": "KE"}}, {"model": "wazimap.geography", "pk": 409, "fields": {"geo_level": "level1", "geo_code": "KE_1_017", "version": "2009", "name": "Makueni", "long_name": "Makueni", "square_kms": 8008.9, "parent_level": "country", "parent_code": "KE"}}, {"model": "wazimap.geography", "pk": 410, "fields": {"geo_level": "level1", "geo_code": "KE_1_014", "version": "2009", "name": "Embu", "long_name": "Embu", "square_kms": 2555.9, "parent_level": "country", "parent_code": "KE"}}, {"model": "wazimap.geography", "pk": 411, "fields": {"geo_level": "level1", "geo_code": "KE_1_015", "version": "2009", "name": "Kitui", "long_name": "Kitui", "square_kms": 24385.1, "parent_level": "country", "parent_code": "KE"}}, {"model": "wazimap.geography", "pk": 412, "fields": {"geo_level": "country", "geo_code": "ET", "version": "2009", "name": "Ethiopia", "long_name": "Ethiopia", "square_kms": 1104000.0, "parent_level": "continent", "parent_code": "AFR"}}, {"model": "wazimap.geography", "pk": 413, "fields": {"geo_level": "level1", "geo_code": "ET_1_001", "version": "2009", "name": "Addis Ababa", "long_name": "Addis Ababa", "square_kms": 526.99, "parent_level": "country", "parent_code": "ET"}}, {"model": "wazimap.geography", "pk": 414, "fields": {"geo_level": "level1", "geo_code": "ET_1_002", "version": "2009", "name": "Afar", "long_name": "Afar", "square_kms": 72052.78, "parent_level": "country", "parent_code": "ET"}}, {"model": "wazimap.geography", "pk": 415, "fields": {"geo_level": "level1", "geo_code": "ET_1_003", "version": "2009", "name": "Amhara", "long_name": "Amhara", "square_kms": 154708.96, "parent_level": "country", "parent_code": "ET"}}, {"model": "wazimap.geography", "pk": 416, "fields": {"geo_level": "level1", "geo_code": "ET_1_004", "version": "2009", "name": "Beneshangul Gumuz", "long_name": "Beneshangul Gumuz", "square_kms": 50698.68, "parent_level": "country", "parent_code": "ET"}}, {"model": "wazimap.geography", "pk": 417, "fields": {"geo_level": "level1", "geo_code": "ET_1_005", "version": "2009", "name": "Dire Dawa", "long_name": "Dire Dawa", "square_kms": 1558.61, "parent_level": "country", "parent_code": "ET"}}, {"model": "wazimap.geography", "pk": 418, "fields": {"geo_level": "level1", "geo_code": "ET_1_006", "version": "2009", "name": "Gambella", "long_name": "Gambella", "square_kms": 29782.82, "parent_level": "country", "parent_code": "ET"}}, {"model": "wazimap.geography", "pk": 419, "fields": {"geo_level": "level1", "geo_code": "ET_1_007", "version": "2009", "name": "Harar", "long_name": "Harar", "square_kms": 333.94, "parent_level": "country", "parent_code": "ET"}}, {"model": "wazimap.geography", "pk": 420, "fields": {"geo_level": "level1", "geo_code": "ET_1_008", "version": "2009", "name": "Oromiya", "long_name": "Oromiya", "square_kms": 284537.84, "parent_level": "country", "parent_code": "ET"}}, {"model": "wazimap.geography", "pk": 421, "fields": {"geo_level": "level1", "geo_code": "ET_1_009", "version": "2009", "name": "SNNPR", "long_name": "SNNPR", "square_kms": 105476.0, "parent_level": "country", "parent_code": "ET"}}, {"model": "wazimap.geography", "pk": 422, "fields": {"geo_level": "level1", "geo_code": "ET_1_010", "version": "2009", "name": "Somali", "long_name": "Somali", "square_kms": 279252.0, "parent_level": "country", "parent_code": "ET"}}, {"model": "wazimap.geography", "pk": 423, "fields": {"geo_level": "level1", "geo_code": "ET_1_011", "version": "2009", "name": "Tigray", "long_name": "Tigray", "square_kms": 84722.0, "parent_level": "country", "parent_code": "ET"}}, {"model": "wazimap.geography", "pk": 424, "fields": {"geo_level": "country", "geo_code": "ZA", "version": "2009", "name": "South Africa", "long_name": "South Africa", "square_kms": 1221037.0, "parent_level": "continent", "parent_code": "AFR"}}, {"model": "wazimap.geography", "pk": 425, "fields": {"geo_level": "level1", "geo_code": "ZA_1_001", "version": "2009", "name": "KwaZulu-Natal", "long_name": "KwaZulu-Natal", "square_kms": 94361.0, "parent_level": "country", "parent_code": "ZA"}}, {"model": "wazimap.geography", "pk": 426, "fields": {"geo_level": "level1", "geo_code": "ZA_1_002", "version": "2009", "name": "Free State", "long_name": "Free State", "square_kms": 129825.0, "parent_level": "country", "parent_code": "ZA"}}, {"model": "wazimap.geography", "pk": 427, "fields": {"geo_level": "level1", "geo_code": "ZA_1_003", "version": "2009", "name": "Eastern Cape", "long_name": "Eastern Cape", "square_kms": 168966.0, "parent_level": "country", "parent_code": "ZA"}}, {"model": "wazimap.geography", "pk": 428, "fields": {"geo_level": "level1", "geo_code": "ZA_1_004", "version": "2009", "name": "Mpumalanga", "long_name": "Mpumalanga", "square_kms": 76495.0, "parent_level": "country", "parent_code": "ZA"}}, {"model": "wazimap.geography", "pk": 429, "fields": {"geo_level": "level1", "geo_code": "ZA_1_005", "version": "2009", "name": "Limpopo", "long_name": "Limpopo", "square_kms": 125754.0, "parent_level": "country", "parent_code": "ZA"}}, {"model": "wazimap.geography", "pk": 430, "fields": {"geo_level": "level1", "geo_code": "ZA_1_006", "version": "2009", "name": "Northern Cape", "long_name": "Northern Cape", "square_kms": 372889.0, "parent_level": "country", "parent_code": "ZA"}}, {"model": "wazimap.geography", "pk": 431, "fields": {"geo_level": "level1", "geo_code": "ZA_1_007", "version": "2009", "name": "North West", "long_name": "Northern West", "square_kms": 104882.0, "parent_level": "country", "parent_code": "ZA"}}, {"model": "wazimap.geography", "pk": 432, "fields": {"geo_level": "level1", "geo_code": "ZA_1_008", "version": "2009", "name": "Western Cape", "long_name": "Western Cape", "square_kms": 129462.0, "parent_level": "country", "parent_code": "ZA"}}, {"model": "wazimap.geography", "pk": 433, "fields": {"geo_level": "level1", "geo_code": "ZA_1_009", "version": "2009", "name": "Gauteng", "long_name": "Gauteng", "square_kms": 18178.0, "parent_level": "country", "parent_code": "ZA"}}, {"model": "wazimap.dataset", "pk": 1, "fields": {"name": "Census"}}, {"model": "wazimap.dataset", "pk": 2, "fields": {"name": "Land Audit Report"}}, {"model": "wazimap.dataset", "pk": 3, "fields": {"name": "Land Sales"}}, {"model": "wazimap.dataset", "pk": 4, "fields": {"name": "Land Redistribution and Restitution Statistic"}}, {"model": "wazimap.dataset", "pk": 5, "fields": {"name": "Afrobarometer Survey"}}, {"model": "wazimap.dataset", "pk": 6, "fields": {"name": "Land"}}, {"model": "wazimap.dataset", "pk": 7, "fields": {"name": "Workers Hostel Data"}}, {"model": "wazimap.release", "pk": 1, "fields": {"name": "Census", "year": "2009", "citation": "Census, 2009", "dataset": 1}}, {"model": "wazimap.release", "pk": 3, "fields": {"name": "Community Survey", "year": "2016", "citation": "Community Survey, 2016", "dataset": 1}}, {"model": "wazimap.release", "pk": 4, "fields": {"name": "Land Audit", "year": "2017", "citation": "Land Audit, 2017", "dataset": 2}}, {"model": "wazimap.release", "pk": 5, "fields": {"name": "Land Sales", "year": "2018", "citation": "Land Sales, 2018", "dataset": 3}}, {"model": "wazimap.release", "pk": 6, "fields": {"name": "Land Audit", "year": "2013", "citation": "Land Audit, 2013", "dataset": 2}}, {"model": "wazimap.release", "pk": 7, "fields": {"name": "Land Redistribution and Restitution Statistic", "year": "2018", "citation": "Land Redistribution and Restitution Statistic, 2018", "dataset": 4}}, {"model": "wazimap.release", "pk": 8, "fields": {"name": "Afrobarometer Survey", "year": "2017", "citation": "Afrobarometer Survey, 2017", "dataset": 5}}, {"model": "wazimap.release", "pk": 9, "fields": {"name": "Land", "year": "2016", "citation": "Land, 2016", "dataset": 6}}, {"model": "wazimap.release", "pk": 10, "fields": {"name": "Workers Hostel", "year": "2018", "citation": null, "dataset": 7}}, {"model": "wazimap.dbtable", "pk": 1, "fields": {"name": "populationgroup_2016"}}, {"model": "wazimap.dbtable", "pk": 2, "fields": {"name": "population_group_2016"}}, {"model": "wazimap.dbtable", "pk": 3, "fields": {"name": "population_residence_2009"}}, {"model": "wazimap.dbtable", "pk": 4, "fields": {"name": "number_of_erven_land_owners_per_gender"}}, {"model": "wazimap.dbtable", "pk": 5, "fields": {"name": "number_of_erven_land_owners_per_nationality"}}, {"model": "wazimap.dbtable", "pk": 6, "fields": {"name": "number_of_erven_land_owners_per_race"}}, {"model": "wazimap.dbtable", "pk": 7, "fields": {"name": "erven_land_ownership_in_hectares_by_gender"}}, {"model": "wazimap.dbtable", "pk": 8, "fields": {"name": "erven_land_ownership_in_hectares_by_nationality"}}, {"model": "wazimap.dbtable", "pk": 9, "fields": {"name": "erven_land_ownership_in_hectares_by_race"}}, {"model": "wazimap.dbtable", "pk": 10, "fields": {"name": "land_traded_colour_cost_breakdown_2018"}}, {"model": "wazimap.dbtable", "pk": 11, "fields": {"name": "land_traded_all_vs_colour_2018"}}, {"model": "wazimap.dbtable", "pk": 12, "fields": {"name": "land_traded_per_class_statistic_2018"}}, {"model": "wazimap.dbtable", "pk": 13, "fields": {"name": "land_traded_colour_hectares_breakdown_2018"}}, {"model": "wazimap.dbtable", "pk": 14, "fields": {"name": "land_traded_colour_transactions_2018"}}, {"model": "wazimap.dbtable", "pk": 15, "fields": {"name": "landownership"}}, {"model": "wazimap.dbtable", "pk": 16, "fields": {"name": "landownershipinhectaresbygender"}}, {"model": "wazimap.dbtable", "pk": 17, "fields": {"name": "landownershipinhectaresbynationality"}}, {"model": "wazimap.dbtable", "pk": 18, "fields": {"name": "landownershipinhectaresbyrace"}}, {"model": "wazimap.dbtable", "pk": 19, "fields": {"name": "landuse"}}, {"model": "wazimap.dbtable", "pk": 20, "fields": {"name": "landuser"}}, {"model": "wazimap.dbtable", "pk": 22, "fields": {"name": "numberoflandownerspergender"}}, {"model": "wazimap.dbtable", "pk": 23, "fields": {"name": "numberoflandownerspernationality"}}, {"model": "wazimap.dbtable", "pk": 24, "fields": {"name": "numberoflandownersperrace"}}, {"model": "wazimap.dbtable", "pk": 25, "fields": {"name": "numberofprivatelandownersbycategory"}}, {"model": "wazimap.dbtable", "pk": 26, "fields": {"name": "numberofsectionaltitleownersbycategory"}}, {"model": "wazimap.dbtable", "pk": 27, "fields": {"name": "numberofsectionaltitleownersbygender"}}, {"model": "wazimap.dbtable", "pk": 28, "fields": {"name": "numberofsectionaltitleownersbynationality"}}, {"model": "wazimap.dbtable", "pk": 29, "fields": {"name": "numberofsectionaltitleownersbyrace"}}, {"model": "wazimap.dbtable", "pk": 30, "fields": {"name": "party_benefited"}}, {"model": "wazimap.dbtable", "pk": 31, "fields": {"name": "privatelanddistributionbygender"}}, {"model": "wazimap.dbtable", "pk": 32, "fields": {"name": "privatelandownershipinhectares"}}, {"model": "wazimap.dbtable", "pk": 33, "fields": {"name": "privatelandownershipinhectarespercategory"}}, {"model": "wazimap.dbtable", "pk": 34, "fields": {"name": "redistributedlandaveragecostperhectares"}}, {"model": "wazimap.dbtable", "pk": 35, "fields": {"name": "redistributedlandcostinrands"}}, {"model": "wazimap.dbtable", "pk": 36, "fields": {"name": "redistributedlandinhectares"}}, {"model": "wazimap.dbtable", "pk": 37, "fields": {"name": "redistributedlandusebreakdown"}}, {"model": "wazimap.dbtable", "pk": 38, "fields": {"name": "redistributionprogrammeoutcomebyyear"}}, {"model": "wazimap.dbtable", "pk": 39, "fields": {"name": "restitutionoutcomestatistic"}}, {"model": "wazimap.dbtable", "pk": 40, "fields": {"name": "sectionaltitleownershipinhectarespercategory"}}, {"model": "wazimap.dbtable", "pk": 41, "fields": {"name": "sectionaltitleownershipinhectarespergender"}}, {"model": "wazimap.dbtable", "pk": 42, "fields": {"name": "sectionaltitleownershipinhectaresnationality"}}, {"model": "wazimap.dbtable", "pk": 43, "fields": {"name": "sectionaltitleownershipinhectaresperrace"}}, {"model": "wazimap.dbtable", "pk": 44, "fields": {"name": "land_traded_colour_priceperhectare_breakdown_2018"}}, {"model": "wazimap.dbtable", "pk": 45, "fields": {"name": "access_to_information"}}, {"model": "wazimap.dbtable", "pk": 46, "fields": {"name": "allow_farmers_retain_land_ownership"}}, {"model": "wazimap.dbtable", "pk": 47, "fields": {"name": "land_acquisation_challenges"}}, {"model": "wazimap.dbtable", "pk": 48, "fields": {"name": "land_to_prioritise_for_redistribution"}}, {"model": "wazimap.dbtable", "pk": 49, "fields": {"name": "maintain_willing_buyer_willing_seller_policy"}}, {"model": "wazimap.dbtable", "pk": 50, "fields": {"name": "excisions"}}, {"model": "wazimap.dbtable", "pk": 51, "fields": {"name": "workers_hostel_access_electricity"}}, {"model": "wazimap.dbtable", "pk": 52, "fields": {"name": "workers_hostel_age_group"}}, {"model": "wazimap.dbtable", "pk": 53, "fields": {"name": "workers_hostel_gender"}}, {"model": "wazimap.dbtable", "pk": 54, "fields": {"name": "workers_hostel_geography"}}, {"model": "wazimap.dbtable", "pk": 55, "fields": {"name": "workers_hostel_living_condition"}}, {"model": "wazimap.dbtable", "pk": 56, "fields": {"name": "workers_hostel_handwashing_facility"}}, {"model": "wazimap.dbtable", "pk": 57, "fields": {"name": "workers_hostel_ownership"}}, {"model": "wazimap.dbtable", "pk": 58, "fields": {"name": "workers_hostel_population"}}, {"model": "wazimap.dbtable", "pk": 59, "fields": {"name": "workers_hostel_population_group"}}, {"model": "wazimap.dbtable", "pk": 60, "fields": {"name": "workers_hostel_rent"}}, {"model": "wazimap.dbtable", "pk": 61, "fields": {"name": "workers_hostel_residential_ownership"}}, {"model": "wazimap.dbtable", "pk": 62, "fields": {"name": "workers_hostel_ss_dwelling"}}, {"model": "wazimap.dbtable", "pk": 63, "fields": {"name": "workers_hostel_subsidy"}}, {"model": "wazimap.dbtable", "pk": 64, "fields": {"name": "workers_hostel_toilet_facility"}}, {"model": "wazimap.dbtable", "pk": 65, "fields": {"name": "workers_hostel_water_source"}}, {"model": "wazimap.fieldtable", "pk": 1, "fields": {"name": "POPULATIONGROUP_2016", "universe": "Population", "dataset": 1, "stat_type": "number", "description": "Population", "fields": "[\"population group\"]", "denominator_key": "null", "has_total": true, "value_type": "Integer"}}, {"model": "wazimap.fieldtable", "pk": 2, "fields": {"name": "POPULATION_GROUP_2016", "universe": "Population", "dataset": 1, "stat_type": "number", "description": "Population by population_group_2016", "fields": "[\"population_group_2016\"]", "denominator_key": null, "has_total": true, "value_type": "Integer"}}, {"model": "wazimap.fieldtable", "pk": 3, "fields": {"name": "POPULATION_RESIDENCE_2009", "universe": "Population", "dataset": 1, "stat_type": "number", "description": "Population", "fields": "[\"population_residence_2009\"]", "denominator_key": null, "has_total": true, "value_type": "Integer"}}, {"model": "wazimap.fieldtable", "pk": 4, "fields": {"name": "ERVEN_LAND_OWNERSHIP_IN_HECTARES_BY_GENDER", "universe": "Land Audit Report", "dataset": 2, "stat_type": "number", "description": "Land Audit Report by erven_land_ownership_in_hectares_by_gender", "fields": "[\"erven_land_ownership_in_hectares_by_gender\"]", "denominator_key": null, "has_total": true, "value_type": "Integer"}}, {"model": "wazimap.fieldtable", "pk": 5, "fields": {"name": "ERVEN_LAND_OWNERSHIP_IN_HECTARES_BY_NATIONALITY", "universe": "Land Audit Report", "dataset": 2, "stat_type": "number", "description": "Land Audit Report by erven_land_ownership_in_hectares_by_nationality", "fields": "[\"erven_land_ownership_in_hectares_by_nationality\"]", "denominator_key": null, "has_total": true, "value_type": "Integer"}}, {"model": "wazimap.fieldtable", "pk": 6, "fields": {"name": "ERVEN_LAND_OWNERSHIP_IN_HECTARES_BY_RACE", "universe": "Land Audit Report", "dataset": 2, "stat_type": "number", "description": "Land Audit Report by erven_land_ownership_in_hectares_by_race", "fields": "[\"erven_land_ownership_in_hectares_by_race\"]", "denominator_key": null, "has_total": true, "value_type": "Integer"}}, {"model": "wazimap.fieldtable", "pk": 7, "fields": {"name": "NUMBER_OF_ERVEN_LAND_OWNERS_PER_GENDER", "universe": "Land Audit Report", "dataset": 2, "stat_type": "number", "description": "Land Audit Report by number_of_erven_land_owners_per_gender", "fields": "[\"number_of_erven_land_owners_per_gender\"]", "denominator_key": null, "has_total": true, "value_type": "Integer"}}, {"model": "wazimap.fieldtable", "pk": 8, "fields": {"name": "NUMBER_OF_ERVEN_LAND_OWNERS_PER_NATIONALITY", "universe": "Land Audit Report", "dataset": 2, "stat_type": "number", "description": "Land Audit Report by number_of_erven_land_owners_per_nationality", "fields": "[\"number_of_erven_land_owners_per_nationality\"]", "denominator_key": null, "has_total": true, "value_type": "Integer"}}, {"model": "wazimap.fieldtable", "pk": 9, "fields": {"name": "NUMBER_OF_ERVEN_LAND_OWNERS_PER_RACE", "universe": "Land Audit Report", "dataset": 2, "stat_type": "number", "description": "Land Audit Report by number_of_erven_land_owners_per_race", "fields": "[\"number_of_erven_land_owners_per_race\"]", "denominator_key": null, "has_total": true, "value_type": "Integer"}}, {"model": "wazimap.fieldtable", "pk": 10, "fields": {"name": "LAND_TRADED_PER_CLASS_STATISTIC_2018", "universe": "Agricultural Land Sales", "dataset": 3, "stat_type": "number", "description": "Agricultural Land Sales by class, name, statistic", "fields": "[\"class_distribution\", \"name\", \"statistic\"]", "denominator_key": null, "has_total": true, "value_type": "Float"}}, {"model": "wazimap.fieldtable", "pk": 11, "fields": {"name": "LAND_TRADED_COLOUR_COST_BREAKDOWN_2018", "universe": "Agricultural Land Sales", "dataset": 3, "stat_type": "number", "description": "Agricultural Land Sales by breakdown_cc, month_cc", "fields": "[\"breakdown_cc\", \"month_cc\"]", "denominator_key": null, "has_total": true, "value_type": "Integer"}}, {"model": "wazimap.fieldtable", "pk": 12, "fields": {"name": "LAND_TRADED_COLOUR_HECTARES_BREAKDOWN_2018", "universe": "Agricultural Land Sales", "dataset": 3, "stat_type": "number", "description": "Agricultural Land Sales by breakdown_cc, month_cc", "fields": "[\"breakdown_cc\", \"month_cc\"]", "denominator_key": null, "has_total": true, "value_type": "Integer"}}, {"model": "wazimap.fieldtable", "pk": 13, "fields": {"name": "LAND_TRADED_COLOUR_TRANSACTIONS_2018", "universe": "Agricultural Land Sales", "dataset": 3, "stat_type": "number", "description": "Agricultural Land Sales by breakdown_cc, month_cc", "fields": "[\"breakdown_cc\", \"month_cc\"]", "denominator_key": null, "has_total": true, "value_type": "Integer"}}, {"model": "wazimap.fieldtable", "pk": 14, "fields": {"name": "LAND_TRADED_COLOUR_PRICEPERHECTARE_BREAKDOWN_2018", "universe": "Agricultural Land Sales", "dataset": 3, "stat_type": "number", "description": "Agricultural Land Sales by breakdown_cc, month_cc", "fields": "[\"breakdown_cc\", \"month_cc\"]", "denominator_key": null, "has_total": true, "value_type": "Integer"}}, {"model": "wazimap.fieldtable", "pk": 15, "fields": {"name": "NUMBEROFSECTIONALTITLEOWNERSBYCATEGORY", "universe": "Land Audit Report", "dataset": 2, "stat_type": "number", "description": "Land Audit Report by number of sectional title owners by category", "fields": "[\"number of sectional title owners by category\"]", "denominator_key": null, "has_total": true, "value_type": "Integer"}}, {"model": "wazimap.fieldtable", "pk": 16, "fields": {"name": "NUMBEROFPRIVATELANDOWNERSBYCATEGORY", "universe": "Land Audit Report", "dataset": 2, "stat_type": "number", "description": "Land Audit Report by number of private land owners by category", "fields": "[\"number of private land owners by category\"]", "denominator_key": null, "has_total": true, "value_type": "Integer"}}, {"model": "wazimap.fieldtable", "pk": 17, "fields": {"name": "NUMBEROFLANDOWNERSPERGENDER", "universe": "Land Audit Report", "dataset": 2, "stat_type": "number", "description": "Land Audit Report by number of land owners per gender", "fields": "[\"number of land owners per gender\"]", "denominator_key": null, "has_total": true, "value_type": "Integer"}}, {"model": "wazimap.fieldtable", "pk": 18, "fields": {"name": "NUMBEROFLANDOWNERSPERNATIONALITY", "universe": "Land Audit Report", "dataset": 2, "stat_type": "number", "description": "Land Audit Report by number of land owners per nationality", "fields": "[\"number of land owners per nationality\"]", "denominator_key": null, "has_total": true, "value_type": "Integer"}}, {"model": "wazimap.fieldtable", "pk": 19, "fields": {"name": "NUMBEROFLANDOWNERSPERRACE", "universe": "Land Audit Report", "dataset": 2, "stat_type": "number", "description": "Land Audit Report by number of land owners per race", "fields": "[\"number of land owners per race\"]", "denominator_key": null, "has_total": true, "value_type": "Integer"}}, {"model": "wazimap.fieldtable", "pk": 20, "fields": {"name": "NUMBEROFSECTIONALTITLEOWNERSBYGENDER", "universe": "Land Audit Report", "dataset": 2, "stat_type": "number", "description": "Land Audit Report by number of sectional title owners by gender", "fields": "[\"number of sectional title owners by gender\"]", "denominator_key": null, "has_total": true, "value_type": "Integer"}}, {"model": "wazimap.fieldtable", "pk": 21, "fields": {"name": "NUMBEROFSECTIONALTITLEOWNERSBYNATIONALITY", "universe": "Land Audit Report", "dataset": 2, "stat_type": "number", "description": "Land Audit Report by number of sectional title owners by nationality", "fields": "[\"number of sectional title owners by nationality\"]", "denominator_key": null, "has_total": true, "value_type": "Integer"}}, {"model": "wazimap.fieldtable", "pk": 22, "fields": {"name": "NUMBEROFSECTIONALTITLEOWNERSBYRACE", "universe": "Land Audit Report", "dataset": 2, "stat_type": "number", "description": "Land Audit Report by number of sectional title owners by race", "fields": "[\"number of sectional title owners by race\"]", "denominator_key": null, "has_total": true, "value_type": "Integer"}}, {"model": "wazimap.fieldtable", "pk": 23, "fields": {"name": "LANDUSE", "universe": "Land Audit Report", "dataset": 2, "stat_type": "number", "description": "Land Audit Report by land_use", "fields": "[\"land_use\"]", "denominator_key": null, "has_total": true, "value_type": "Integer"}}, {"model": "wazimap.fieldtable", "pk": 24, "fields": {"name": "LANDUSER", "universe": "Land Audit Report", "dataset": 2, "stat_type": "number", "description": "Land Audit Report by land_user", "fields": "[\"land_user\"]", "denominator_key": null, "has_total": true, "value_type": "Integer"}}, {"model": "wazimap.fieldtable", "pk": 25, "fields": {"name": "PRIVATELANDDISTRIBUTIONBYGENDER", "universe": "Land Audit Report", "dataset": 2, "stat_type": "number", "description": "Land Audit Report by land_ownership_by_gender", "fields": "[\"land_ownership_by_gender\"]", "denominator_key": null, "has_total": true, "value_type": "Integer"}}, {"model": "wazimap.fieldtable", "pk": 26, "fields": {"name": "LANDOWNERSHIP", "universe": "Land Audit Report", "dataset": 2, "stat_type": "number", "description": "Land Audit Report by private_vs_state_ownership", "fields": "[\"private_vs_state_ownership\"]", "denominator_key": null, "has_total": true, "value_type": "Integer"}}, {"model": "wazimap.fieldtable", "pk": 27, "fields": {"name": "LAND_TRADED_ALL_VS_COLOUR_2018", "universe": "Agricultural Land Sales", "dataset": 3, "stat_type": "number", "description": "Agricultural Land Sales by transaction_group, month", "fields": "[\"transaction_group\", \"month\"]", "denominator_key": null, "has_total": true, "value_type": "Integer"}}, {"model": "wazimap.fieldtable", "pk": 28, "fields": {"name": "PRIVATELANDOWNERSHIPINHECTARESPERCATEGORY", "universe": "Land Audit Report", "dataset": 2, "stat_type": "number", "description": "Land Audit Report by private land ownership in hectares per category", "fields": "[\"private land ownership in hectares per category\"]", "denominator_key": null, "has_total": true, "value_type": "Integer"}}, {"model": "wazimap.fieldtable", "pk": 29, "fields": {"name": "LANDOWNERSHIPINHECTARESBYRACE", "universe": "Land Audit Report", "dataset": 2, "stat_type": "number", "description": "Land Audit Report by land ownership in hectares by race", "fields": "[\"land ownership in hectares by race\"]", "denominator_key": null, "has_total": true, "value_type": "Integer"}}, {"model": "wazimap.fieldtable", "pk": 30, "fields": {"name": "LANDOWNERSHIPINHECTARESBYGENDER", "universe": "Land Audit Report", "dataset": 2, "stat_type": "number", "description": "Land Audit Report by land ownership in hectares by gender", "fields": "[\"land ownership in hectares by gender\"]", "denominator_key": null, "has_total": true, "value_type": "Integer"}}, {"model": "wazimap.fieldtable", "pk": 31, "fields": {"name": "LANDOWNERSHIPINHECTARESBYNATIONALITY", "universe": "Land Audit Report", "dataset": 2, "stat_type": "number", "description": "Land Audit Report by land ownership in hectares by nationality", "fields": "[\"land ownership in hectares by nationality\"]", "denominator_key": null, "has_total": true, "value_type": "Integer"}}, {"model": "wazimap.fieldtable", "pk": 32, "fields": {"name": "SECTIONALTITLEOWNERSHIPINHECTARESPERCATEGORY", "universe": "Land Audit Report", "dataset": 2, "stat_type": "number", "description": "Land Audit Report by sectional title ownership in hectares per category", "fields": "[\"sectional title ownership in hectares per category\"]", "denominator_key": null, "has_total": true, "value_type": "Integer"}}, {"model": "wazimap.fieldtable", "pk": 33, "fields": {"name": "SECTIONALTITLEOWNERSHIPINHECTARESPERRACE", "universe": "Land Audit Report", "dataset": 2, "stat_type": "number", "description": "Land Audit Report by sectional title ownership in hectares per race", "fields": "[\"sectional title ownership in hectares per race\"]", "denominator_key": null, "has_total": true, "value_type": "Integer"}}, {"model": "wazimap.fieldtable", "pk": 34, "fields": {"name": "SECTIONALTITLEOWNERSHIPINHECTARESPERGENDER", "universe": "Land Audit Report", "dataset": 2, "stat_type": "number", "description": "Land Audit Report by sectional title ownership in hectares per gender", "fields": "[\"sectional title ownership in hectares per gender\"]", "denominator_key": null, "has_total": true, "value_type": "Integer"}}, {"model": "wazimap.fieldtable", "pk": 35, "fields": {"name": "SECTIONALTITLEOWNERSHIPINHECTARESNATIONALITY", "universe": "Land Audit Report", "dataset": 2, "stat_type": "number", "description": "Land Audit Report by sectional title ownership in hectares nationality", "fields": "[\"sectional title ownership in hectares nationality\"]", "denominator_key": null, "has_total": true, "value_type": "Integer"}}, {"model": "wazimap.fieldtable", "pk": 36, "fields": {"name": "RESTITUTIONOUTCOMESTATISTIC", "universe": "Land Restistution", "dataset": 4, "stat_type": "number", "description": "Land Restistution by restitutionoutcomestatistic, year", "fields": "[\"restitutionoutcomestatistic\", \"year\"]", "denominator_key": null, "has_total": true, "value_type": "Float"}}, {"model": "wazimap.fieldtable", "pk": 37, "fields": {"name": "REDISTRIBUTIONPROGRAMMEOUTCOMEBYYEAR", "universe": "Land Redistribution", "dataset": 4, "stat_type": "number", "description": "Land Redistribution by year, outcome of redistribution programme", "fields": "[\"year\", \"outcome of redistribution programme\"]", "denominator_key": null, "has_total": true, "value_type": "Integer"}}, {"model": "wazimap.fieldtable", "pk": 38, "fields": {"name": "REDISTRIBUTEDLANDUSEBREAKDOWN", "universe": "Land Redistribution", "dataset": 4, "stat_type": "number", "description": "Land Redistribution by redistributed land use breakdown", "fields": "[\"redistributed land use breakdown\"]", "denominator_key": null, "has_total": true, "value_type": "Integer"}}, {"model": "wazimap.fieldtable", "pk": 39, "fields": {"name": "REDISTRIBUTEDLANDINHECTARES", "universe": "Land Redistribution", "dataset": 4, "stat_type": "number", "description": "Land Redistribution by redistributedland", "fields": "[\"redistributedland\"]", "denominator_key": null, "has_total": true, "value_type": "Float"}}, {"model": "wazimap.fieldtable", "pk": 40, "fields": {"name": "PARTY_BENEFITED", "universe": "Land Redistribution", "dataset": 4, "stat_type": "number", "description": "Land Redistribution by year, party_benefited", "fields": "[\"year\", \"party_benefited\"]", "denominator_key": null, "has_total": true, "value_type": "Integer"}}, {"model": "wazimap.fieldtable", "pk": 41, "fields": {"name": "MAINTAIN_WILLING_BUYER_WILLING_SELLER_POLICY", "universe": "Afrobarometer Survey", "dataset": 5, "stat_type": "number", "description": "Afrobarometer Survey by maintain_willing_buyer_willing_seller_policy", "fields": "[\"maintain_willing_buyer_willing_seller_policy\"]", "denominator_key": null, "has_total": true, "value_type": "Integer"}}, {"model": "wazimap.fieldtable", "pk": 42, "fields": {"name": "LAND_TO_PRIORITISE_FOR_REDISTRIBUTION", "universe": "Afrobarometer", "dataset": 5, "stat_type": "number", "description": "Afrobarometer by land_to_prioritise_for_redistribution", "fields": "[\"land_to_prioritise_for_redistribution\"]", "denominator_key": null, "has_total": true, "value_type": "Integer"}}, {"model": "wazimap.fieldtable", "pk": 43, "fields": {"name": "LAND_ACQUISATION_CHALLENGES", "universe": "Afrobarometer Survey", "dataset": 5, "stat_type": "number", "description": "Afrobarometer Survey by land_acquisation_challenges", "fields": "[\"land_acquisation_challenges\"]", "denominator_key": null, "has_total": true, "value_type": "Integer"}}, {"model": "wazimap.fieldtable", "pk": 44, "fields": {"name": "ALLOW_FARMERS_RETAIN_LAND_OWNERSHIP", "universe": "Afrobarometer Survey", "dataset": 5, "stat_type": "number", "description": "Afrobarometer Survey by allow_farmers_retain_land_ownership", "fields": "[\"allow_farmers_retain_land_ownership\"]", "denominator_key": null, "has_total": true, "value_type": "Integer"}}, {"model": "wazimap.fieldtable", "pk": 45, "fields": {"name": "ACCESS_TO_INFORMATION", "universe": "Afrobarometer Survey", "dataset": 5, "stat_type": "number", "description": "Afrobarometer Survey by access_to_information", "fields": "[\"access_to_information\"]", "denominator_key": null, "has_total": true, "value_type": "Integer"}}, {"model": "wazimap.fieldtable", "pk": 46, "fields": {"name": "EXCISIONS", "universe": "Population", "dataset": 6, "stat_type": "number", "description": "Population by excisions", "fields": "[\"excisions\"]", "denominator_key": null, "has_total": true, "value_type": "Integer"}}, {"model": "wazimap.fieldtable", "pk": 47, "fields": {"name": "WORKERS_HOSTEL_ACCESS_ELECTRICITY", "universe": "Workers Hostel", "dataset": 7, "stat_type": "number", "description": "Workers Hostel by workers_hostel_access_electricity", "fields": "[\"workers_hostel_access_electricity\"]", "denominator_key": null, "has_total": true, "value_type": "Integer"}}, {"model": "wazimap.fieldtable", "pk": 48, "fields": {"name": "WORKERS_HOSTEL_AGE_GROUP", "universe": "Workers Hostel", "dataset": 7, "stat_type": "number", "description": "Workers Hostel by workers_hostel_age_group", "fields": "[\"workers_hostel_age_group\"]", "denominator_key": null, "has_total": true, "value_type": "Integer"}}, {"model": "wazimap.fieldtable", "pk": 49, "fields": {"name": "WORKERS_HOSTEL_GENDER", "universe": "Workers Hostel", "dataset": 7, "stat_type": "number", "description": "Workers Hostel by workers_hostel_gender", "fields": "[\"workers_hostel_gender\"]", "denominator_key": null, "has_total": true, "value_type": "Integer"}}, {"model": "wazimap.fieldtable", "pk": 50, "fields": {"name": "WORKERS_HOSTEL_GEOGRAPHY", "universe": "Workers Hostel", "dataset": 7, "stat_type": "number", "description": "Workers Hostel by workers_hostel_geography", "fields": "[\"workers_hostel_geography\"]", "denominator_key": null, "has_total": true, "value_type": "Integer"}}, {"model": "wazimap.fieldtable", "pk": 51, "fields": {"name": "WORKERS_HOSTEL_HANDWASHING_FACILITY", "universe": "Workers Hostel", "dataset": 7, "stat_type": "number", "description": "Workers Hostel by workers_hostel_handwashing_facility", "fields": "[\"workers_hostel_handwashing_facility\"]", "denominator_key": null, "has_total": true, "value_type": "Integer"}}, {"model": "wazimap.fieldtable", "pk": 52, "fields": {"name": "WORKERS_HOSTEL_LIVING_CONDITION", "universe": "Workers Hostel", "dataset": 7, "stat_type": "number", "description": "Workers Hostel by workers_hostel_living_condition", "fields": "[\"workers_hostel_living_condition\"]", "denominator_key": null, "has_total": true, "value_type": "Integer"}}, {"model": "wazimap.fieldtable", "pk": 53, "fields": {"name": "WORKERS_HOSTEL_OWNERSHIP", "universe": "Workers Hostel", "dataset": 7, "stat_type": "number", "description": "Workers Hostel by workers_hostel_ownership", "fields": "[\"workers_hostel_ownership\"]", "denominator_key": null, "has_total": true, "value_type": "Integer"}}, {"model": "wazimap.fieldtable", "pk": 54, "fields": {"name": "WORKERS_HOSTEL_POPULATION_GROUP", "universe": "Workers Hostel", "dataset": 7, "stat_type": "number", "description": "Workers Hostel by workers_hostel_population_group", "fields": "[\"workers_hostel_population_group\"]", "denominator_key": null, "has_total": true, "value_type": "Integer"}}, {"model": "wazimap.fieldtable", "pk": 55, "fields": {"name": "WORKERS_HOSTEL_POPULATION", "universe": "Workers Hostel", "dataset": 7, "stat_type": "number", "description": "Workers Hostel by workers_hostel_population_year", "fields": "[\"workers_hostel_population_year\"]", "denominator_key": null, "has_total": true, "value_type": "Integer"}}, {"model": "wazimap.fieldtable", "pk": 56, "fields": {"name": "WORKERS_HOSTEL_RENT", "universe": "Workers Hostel", "dataset": 7, "stat_type": "number", "description": "Workers Hostel by workers_hostel_rent", "fields": "[\"workers_hostel_rent\"]", "denominator_key": null, "has_total": true, "value_type": "Integer"}}, {"model": "wazimap.fieldtable", "pk": 57, "fields": {"name": "WORKERS_HOSTEL_RESIDENTIAL_OWNERSHIP", "universe": "Workers Hostel", "dataset": 7, "stat_type": "number", "description": "Workers Hostel by workers_hostel_residential_ownership", "fields": "[\"workers_hostel_residential_ownership\"]", "denominator_key": null, "has_total": true, "value_type": "Integer"}}, {"model": "wazimap.fieldtable", "pk": 58, "fields": {"name": "WORKERS_HOSTEL_SS_DWELLING", "universe": "Workers Hostel", "dataset": 7, "stat_type": "number", "description": "Workers Hostel by workers_hostel_ss_dwelling", "fields": "[\"workers_hostel_ss_dwelling\"]", "denominator_key": null, "has_total": true, "value_type": "Integer"}}, {"model": "wazimap.fieldtable", "pk": 59, "fields": {"name": "WORKERS_HOSTEL_SUBSIDY", "universe": "Workers Hostel", "dataset": 7, "stat_type": "number", "description": "Workers Hostel by workers_hostel_subsidy", "fields": "[\"workers_hostel_subsidy\"]", "denominator_key": null, "has_total": true, "value_type": "Integer"}}, {"model": "wazimap.fieldtable", "pk": 60, "fields": {"name": "WORKERS_HOSTEL_TOILET_FACILITY", "universe": "Workers Hostel", "dataset": 7, "stat_type": "number", "description": "Workers Hostel by workers_hostel_toilet_facility", "fields": "[\"workers_hostel_toilet_facility\"]", "denominator_key": null, "has_total": true, "value_type": "Integer"}}, {"model": "wazimap.fieldtable", "pk": 61, "fields": {"name": "WORKERS_HOSTEL_WATER_SOURCE", "universe": "Workers Hostel", "dataset": 7, "stat_type": "number", "description": "Workers Hostel by workers_hostel_water_source", "fields": "[\"workers_hostel_water_source\"]", "denominator_key": null, "has_total": true, "value_type": "Integer"}}, {"model": "wazimap.fieldtablerelease", "pk": 1, "fields": {"data_table": 1, "db_table": 1, "release": 1}}, {"model": "wazimap.fieldtablerelease", "pk": 3, "fields": {"data_table": 3, "db_table": 3, "release": 1}}, {"model": "wazimap.fieldtablerelease", "pk": 4, "fields": {"data_table": 2, "db_table": 2, "release": 3}}, {"model": "wazimap.fieldtablerelease", "pk": 5, "fields": {"data_table": 4, "db_table": 7, "release": 4}}, {"model": "wazimap.fieldtablerelease", "pk": 6, "fields": {"data_table": 5, "db_table": 8, "release": 4}}, {"model": "wazimap.fieldtablerelease", "pk": 7, "fields": {"data_table": 6, "db_table": 9, "release": 4}}, {"model": "wazimap.fieldtablerelease", "pk": 8, "fields": {"data_table": 7, "db_table": 4, "release": 4}}, {"model": "wazimap.fieldtablerelease", "pk": 9, "fields": {"data_table": 8, "db_table": 5, "release": 4}}, {"model": "wazimap.fieldtablerelease", "pk": 10, "fields": {"data_table": 9, "db_table": 6, "release": 4}}, {"model": "wazimap.fieldtablerelease", "pk": 11, "fields": {"data_table": 10, "db_table": 12, "release": 5}}, {"model": "wazimap.fieldtablerelease", "pk": 12, "fields": {"data_table": 11, "db_table": 10, "release": 5}}, {"model": "wazimap.fieldtablerelease", "pk": 13, "fields": {"data_table": 12, "db_table": 13, "release": 5}}, {"model": "wazimap.fieldtablerelease", "pk": 14, "fields": {"data_table": 13, "db_table": 14, "release": 5}}, {"model": "wazimap.fieldtablerelease", "pk": 15, "fields": {"data_table": 14, "db_table": 44, "release": 5}}, {"model": "wazimap.fieldtablerelease", "pk": 16, "fields": {"data_table": 15, "db_table": 26, "release": 4}}, {"model": "wazimap.fieldtablerelease", "pk": 17, "fields": {"data_table": 16, "db_table": 25, "release": 4}}, {"model": "wazimap.fieldtablerelease", "pk": 18, "fields": {"data_table": 17, "db_table": 22, "release": 4}}, {"model": "wazimap.fieldtablerelease", "pk": 19, "fields": {"data_table": 18, "db_table": 23, "release": 4}}, {"model": "wazimap.fieldtablerelease", "pk": 20, "fields": {"data_table": 19, "db_table": 24, "release": 4}}, {"model": "wazimap.fieldtablerelease", "pk": 21, "fields": {"data_table": 20, "db_table": 27, "release": 4}}, {"model": "wazimap.fieldtablerelease", "pk": 22, "fields": {"data_table": 21, "db_table": 28, "release": 4}}, {"model": "wazimap.fieldtablerelease", "pk": 23, "fields": {"data_table": 22, "db_table": 29, "release": 4}}, {"model": "wazimap.fieldtablerelease", "pk": 24, "fields": {"data_table": 23, "db_table": 19, "release": 6}}, {"model": "wazimap.fieldtablerelease", "pk": 25, "fields": {"data_table": 24, "db_table": 20, "release": 6}}, {"model": "wazimap.fieldtablerelease", "pk": 26, "fields": {"data_table": 25, "db_table": 31, "release": 6}}, {"model": "wazimap.fieldtablerelease", "pk": 27, "fields": {"data_table": 26, "db_table": 15, "release": 6}}, {"model": "wazimap.fieldtablerelease", "pk": 28, "fields": {"data_table": 27, "db_table": 11, "release": 5}}, {"model": "wazimap.fieldtablerelease", "pk": 29, "fields": {"data_table": 28, "db_table": 33, "release": 4}}, {"model": "wazimap.fieldtablerelease", "pk": 30, "fields": {"data_table": 29, "db_table": 18, "release": 4}}, {"model": "wazimap.fieldtablerelease", "pk": 31, "fields": {"data_table": 30, "db_table": 16, "release": 4}}, {"model": "wazimap.fieldtablerelease", "pk": 32, "fields": {"data_table": 31, "db_table": 17, "release": 4}}, {"model": "wazimap.fieldtablerelease", "pk": 33, "fields": {"data_table": 32, "db_table": 40, "release": 4}}, {"model": "wazimap.fieldtablerelease", "pk": 34, "fields": {"data_table": 33, "db_table": 43, "release": 4}}, {"model": "wazimap.fieldtablerelease", "pk": 35, "fields": {"data_table": 34, "db_table": 41, "release": 4}}, {"model": "wazimap.fieldtablerelease", "pk": 36, "fields": {"data_table": 35, "db_table": 42, "release": 4}}, {"model": "wazimap.fieldtablerelease", "pk": 37, "fields": {"data_table": 36, "db_table": 39, "release": 7}}, {"model": "wazimap.fieldtablerelease", "pk": 38, "fields": {"data_table": 37, "db_table": 38, "release": 7}}, {"model": "wazimap.fieldtablerelease", "pk": 39, "fields": {"data_table": 38, "db_table": 37, "release": 7}}, {"model": "wazimap.fieldtablerelease", "pk": 40, "fields": {"data_table": 39, "db_table": 36, "release": 7}}, {"model": "wazimap.fieldtablerelease", "pk": 41, "fields": {"data_table": 40, "db_table": 30, "release": 7}}, {"model": "wazimap.fieldtablerelease", "pk": 42, "fields": {"data_table": 41, "db_table": 49, "release": 8}}, {"model": "wazimap.fieldtablerelease", "pk": 43, "fields": {"data_table": 42, "db_table": 48, "release": 8}}, {"model": "wazimap.fieldtablerelease", "pk": 44, "fields": {"data_table": 43, "db_table": 47, "release": 8}}, {"model": "wazimap.fieldtablerelease", "pk": 45, "fields": {"data_table": 44, "db_table": 46, "release": 8}}, {"model": "wazimap.fieldtablerelease", "pk": 46, "fields": {"data_table": 45, "db_table": 45, "release": 8}}, {"model": "wazimap.fieldtablerelease", "pk": 47, "fields": {"data_table": 46, "db_table": 50, "release": 9}}, {"model": "wazimap.fieldtablerelease", "pk": 48, "fields": {"data_table": 47, "db_table": 51, "release": 10}}, {"model": "wazimap.fieldtablerelease", "pk": 49, "fields": {"data_table": 48, "db_table": 52, "release": 10}}, {"model": "wazimap.fieldtablerelease", "pk": 50, "fields": {"data_table": 49, "db_table": 53, "release": 10}}, {"model": "wazimap.fieldtablerelease", "pk": 51, "fields": {"data_table": 50, "db_table": 54, "release": 10}}, {"model": "wazimap.fieldtablerelease", "pk": 52, "fields": {"data_table": 51, "db_table": 56, "release": 10}}, {"model": "wazimap.fieldtablerelease", "pk": 53, "fields": {"data_table": 52, "db_table": 55, "release": 10}}, {"model": "wazimap.fieldtablerelease", "pk": 54, "fields": {"data_table": 53, "db_table": 57, "release": 10}}, {"model": "wazimap.fieldtablerelease", "pk": 55, "fields": {"data_table": 54, "db_table": 59, "release": 10}}, {"model": "wazimap.fieldtablerelease", "pk": 56, "fields": {"data_table": 55, "db_table": 58, "release": 10}}, {"model": "wazimap.fieldtablerelease", "pk": 57, "fields": {"data_table": 56, "db_table": 60, "release": 10}}, {"model": "wazimap.fieldtablerelease", "pk": 58, "fields": {"data_table": 57, "db_table": 61, "release": 10}}, {"model": "wazimap.fieldtablerelease", "pk": 59, "fields": {"data_table": 58, "db_table": 62, "release": 10}}, {"model": "wazimap.fieldtablerelease", "pk": 60, "fields": {"data_table": 59, "db_table": 63, "release": 10}}, {"model": "wazimap.fieldtablerelease", "pk": 61, "fields": {"data_table": 60, "db_table": 64, "release": 10}}, {"model": "wazimap.fieldtablerelease", "pk": 62, "fields": {"data_table": 61, "db_table": 65, "release": 10}}, {"model": "sites.site", "pk": 1, "fields": {"domain": "example.com", "name": "example.com"}}, {"model": "wagtailcore.site", "pk": 1, "fields": {"hostname": "localhost", "port": 80, "site_name": null, "root_page": 2, "is_default_site": true}}, {"model": "wagtailcore.collection", "pk": 1, "fields": {"path": "0001", "depth": 1, "numchild": 0, "name": "Root"}}, {"model": "auth.permission", "pk": 1, "fields": {"name": "Can add chart", "content_type": 1, "codename": "add_chart"}}, {"model": "auth.permission", "pk": 2, "fields": {"name": "Can change chart", "content_type": 1, "codename": "change_chart"}}, {"model": "auth.permission", "pk": 3, "fields": {"name": "Can delete chart", "content_type": 1, "codename": "delete_chart"}}, {"model": "auth.permission", "pk": 4, "fields": {"name": "Can add Chart Section ", "content_type": 2, "codename": "add_chartsection"}}, {"model": "auth.permission", "pk": 5, "fields": {"name": "Can change Chart Section ", "content_type": 2, "codename": "change_chartsection"}}, {"model": "auth.permission", "pk": 6, "fields": {"name": "Can delete Chart Section ", "content_type": 2, "codename": "delete_chartsection"}}, {"model": "auth.permission", "pk": 7, "fields": {"name": "Can add data indicator", "content_type": 3, "codename": "add_dataindicator"}}, {"model": "auth.permission", "pk": 8, "fields": {"name": "Can change data indicator", "content_type": 3, "codename": "change_dataindicator"}}, {"model": "auth.permission", "pk": 9, "fields": {"name": "Can delete data indicator", "content_type": 3, "codename": "delete_dataindicator"}}, {"model": "auth.permission", "pk": 10, "fields": {"name": "Can add data topic", "content_type": 4, "codename": "add_datatopic"}}, {"model": "auth.permission", "pk": 11, "fields": {"name": "Can change data topic", "content_type": 4, "codename": "change_datatopic"}}, {"model": "auth.permission", "pk": 12, "fields": {"name": "Can delete data topic", "content_type": 4, "codename": "delete_datatopic"}}, {"model": "auth.permission", "pk": 13, "fields": {"name": "Can add data indicator publisher", "content_type": 5, "codename": "add_dataindicatorpublisher"}}, {"model": "auth.permission", "pk": 14, "fields": {"name": "Can change data indicator publisher", "content_type": 5, "codename": "change_dataindicatorpublisher"}}, {"model": "auth.permission", "pk": 15, "fields": {"name": "Can delete data indicator publisher", "content_type": 5, "codename": "delete_dataindicatorpublisher"}}, {"model": "auth.permission", "pk": 16, "fields": {"name": "Can add log entry", "content_type": 6, "codename": "add_logentry"}}, {"model": "auth.permission", "pk": 17, "fields": {"name": "Can change log entry", "content_type": 6, "codename": "change_logentry"}}, {"model": "auth.permission", "pk": 18, "fields": {"name": "Can delete log entry", "content_type": 6, "codename": "delete_logentry"}}, {"model": "auth.permission", "pk": 19, "fields": {"name": "Can add permission", "content_type": 7, "codename": "add_permission"}}, {"model": "auth.permission", "pk": 20, "fields": {"name": "Can change permission", "content_type": 7, "codename": "change_permission"}}, {"model": "auth.permission", "pk": 21, "fields": {"name": "Can delete permission", "content_type": 7, "codename": "delete_permission"}}, {"model": "auth.permission", "pk": 22, "fields": {"name": "Can add group", "content_type": 8, "codename": "add_group"}}, {"model": "auth.permission", "pk": 23, "fields": {"name": "Can change group", "content_type": 8, "codename": "change_group"}}, {"model": "auth.permission", "pk": 24, "fields": {"name": "Can delete group", "content_type": 8, "codename": "delete_group"}}, {"model": "auth.permission", "pk": 25, "fields": {"name": "Can add user", "content_type": 9, "codename": "add_user"}}, {"model": "auth.permission", "pk": 26, "fields": {"name": "Can change user", "content_type": 9, "codename": "change_user"}}, {"model": "auth.permission", "pk": 27, "fields": {"name": "Can delete user", "content_type": 9, "codename": "delete_user"}}, {"model": "auth.permission", "pk": 28, "fields": {"name": "Can add content type", "content_type": 10, "codename": "add_contenttype"}}, {"model": "auth.permission", "pk": 29, "fields": {"name": "Can change content type", "content_type": 10, "codename": "change_contenttype"}}, {"model": "auth.permission", "pk": 30, "fields": {"name": "Can delete content type", "content_type": 10, "codename": "delete_contenttype"}}, {"model": "auth.permission", "pk": 31, "fields": {"name": "Can add session", "content_type": 11, "codename": "add_session"}}, {"model": "auth.permission", "pk": 32, "fields": {"name": "Can change session", "content_type": 11, "codename": "change_session"}}, {"model": "auth.permission", "pk": 33, "fields": {"name": "Can delete session", "content_type": 11, "codename": "delete_session"}}, {"model": "auth.permission", "pk": 34, "fields": {"name": "Can add geography", "content_type": 12, "codename": "add_geography"}}, {"model": "auth.permission", "pk": 35, "fields": {"name": "Can change geography", "content_type": 12, "codename": "change_geography"}}, {"model": "auth.permission", "pk": 36, "fields": {"name": "Can delete geography", "content_type": 12, "codename": "delete_geography"}}, {"model": "auth.permission", "pk": 37, "fields": {"name": "Can add dataset", "content_type": 13, "codename": "add_dataset"}}, {"model": "auth.permission", "pk": 38, "fields": {"name": "Can change dataset", "content_type": 13, "codename": "change_dataset"}}, {"model": "auth.permission", "pk": 39, "fields": {"name": "Can delete dataset", "content_type": 13, "codename": "delete_dataset"}}, {"model": "auth.permission", "pk": 40, "fields": {"name": "Can add db table", "content_type": 14, "codename": "add_dbtable"}}, {"model": "auth.permission", "pk": 41, "fields": {"name": "Can change db table", "content_type": 14, "codename": "change_dbtable"}}, {"model": "auth.permission", "pk": 42, "fields": {"name": "Can delete db table", "content_type": 14, "codename": "delete_dbtable"}}, {"model": "auth.permission", "pk": 43, "fields": {"name": "Can add field table", "content_type": 15, "codename": "add_fieldtable"}}, {"model": "auth.permission", "pk": 44, "fields": {"name": "Can change field table", "content_type": 15, "codename": "change_fieldtable"}}, {"model": "auth.permission", "pk": 45, "fields": {"name": "Can delete field table", "content_type": 15, "codename": "delete_fieldtable"}}, {"model": "auth.permission", "pk": 46, "fields": {"name": "Can add field table release", "content_type": 16, "codename": "add_fieldtablerelease"}}, {"model": "auth.permission", "pk": 47, "fields": {"name": "Can change field table release", "content_type": 16, "codename": "change_fieldtablerelease"}}, {"model": "auth.permission", "pk": 48, "fields": {"name": "Can delete field table release", "content_type": 16, "codename": "delete_fieldtablerelease"}}, {"model": "auth.permission", "pk": 49, "fields": {"name": "Can add release", "content_type": 17, "codename": "add_release"}}, {"model": "auth.permission", "pk": 50, "fields": {"name": "Can change release", "content_type": 17, "codename": "change_release"}}, {"model": "auth.permission", "pk": 51, "fields": {"name": "Can delete release", "content_type": 17, "codename": "delete_release"}}, {"model": "auth.permission", "pk": 52, "fields": {"name": "Can add simple table", "content_type": 18, "codename": "add_simpletable"}}, {"model": "auth.permission", "pk": 53, "fields": {"name": "Can change simple table", "content_type": 18, "codename": "change_simpletable"}}, {"model": "auth.permission", "pk": 54, "fields": {"name": "Can delete simple table", "content_type": 18, "codename": "delete_simpletable"}}, {"model": "auth.permission", "pk": 55, "fields": {"name": "Can add simple table release", "content_type": 19, "codename": "add_simpletablerelease"}}, {"model": "auth.permission", "pk": 56, "fields": {"name": "Can change simple table release", "content_type": 19, "codename": "change_simpletablerelease"}}, {"model": "auth.permission", "pk": 57, "fields": {"name": "Can delete simple table release", "content_type": 19, "codename": "delete_simpletablerelease"}}, {"model": "auth.permission", "pk": 58, "fields": {"name": "Can add column", "content_type": 20, "codename": "add_column"}}, {"model": "auth.permission", "pk": 59, "fields": {"name": "Can change column", "content_type": 20, "codename": "change_column"}}, {"model": "auth.permission", "pk": 60, "fields": {"name": "Can delete column", "content_type": 20, "codename": "delete_column"}}, {"model": "auth.permission", "pk": 61, "fields": {"name": "Can add geography", "content_type": 21, "codename": "add_geography"}}, {"model": "auth.permission", "pk": 62, "fields": {"name": "Can change geography", "content_type": 21, "codename": "change_geography"}}, {"model": "auth.permission", "pk": 63, "fields": {"name": "Can delete geography", "content_type": 21, "codename": "delete_geography"}}, {"model": "auth.permission", "pk": 64, "fields": {"name": "Can add subject concept", "content_type": 22, "codename": "add_subjectconcept"}}, {"model": "auth.permission", "pk": 65, "fields": {"name": "Can change subject concept", "content_type": 22, "codename": "change_subjectconcept"}}, {"model": "auth.permission", "pk": 66, "fields": {"name": "Can delete subject concept", "content_type": 22, "codename": "delete_subjectconcept"}}, {"model": "auth.permission", "pk": 67, "fields": {"name": "Can add summary level", "content_type": 23, "codename": "add_summarylevel"}}, {"model": "auth.permission", "pk": 68, "fields": {"name": "Can change summary level", "content_type": 23, "codename": "change_summarylevel"}}, {"model": "auth.permission", "pk": 69, "fields": {"name": "Can delete summary level", "content_type": 23, "codename": "delete_summarylevel"}}, {"model": "auth.permission", "pk": 70, "fields": {"name": "Can add table", "content_type": 24, "codename": "add_table"}}, {"model": "auth.permission", "pk": 71, "fields": {"name": "Can change table", "content_type": 24, "codename": "change_table"}}, {"model": "auth.permission", "pk": 72, "fields": {"name": "Can delete table", "content_type": 24, "codename": "delete_table"}}, {"model": "auth.permission", "pk": 73, "fields": {"name": "Can add image", "content_type": 26, "codename": "add_image"}}, {"model": "auth.permission", "pk": 74, "fields": {"name": "Can change image", "content_type": 26, "codename": "change_image"}}, {"model": "auth.permission", "pk": 75, "fields": {"name": "Can delete image", "content_type": 26, "codename": "delete_image"}}, {"model": "auth.permission", "pk": 76, "fields": {"name": "Can access Wagtail admin", "content_type": 27, "codename": "access_admin"}}, {"model": "auth.permission", "pk": 77, "fields": {"name": "Can add document", "content_type": 28, "codename": "add_document"}}, {"model": "auth.permission", "pk": 78, "fields": {"name": "Can change document", "content_type": 28, "codename": "change_document"}}, {"model": "auth.permission", "pk": 79, "fields": {"name": "Can delete document", "content_type": 28, "codename": "delete_document"}}, {"model": "auth.permission", "pk": 80, "fields": {"name": "Can add site", "content_type": 29, "codename": "add_site"}}, {"model": "auth.permission", "pk": 81, "fields": {"name": "Can change site", "content_type": 29, "codename": "change_site"}}, {"model": "auth.permission", "pk": 82, "fields": {"name": "Can delete site", "content_type": 29, "codename": "delete_site"}}, {"model": "auth.permission", "pk": 83, "fields": {"name": "Can add form submission", "content_type": 30, "codename": "add_formsubmission"}}, {"model": "auth.permission", "pk": 84, "fields": {"name": "Can change form submission", "content_type": 30, "codename": "change_formsubmission"}}, {"model": "auth.permission", "pk": 85, "fields": {"name": "Can delete form submission", "content_type": 30, "codename": "delete_formsubmission"}}, {"model": "auth.permission", "pk": 86, "fields": {"name": "Can add redirect", "content_type": 31, "codename": "add_redirect"}}, {"model": "auth.permission", "pk": 87, "fields": {"name": "Can change redirect", "content_type": 31, "codename": "change_redirect"}}, {"model": "auth.permission", "pk": 88, "fields": {"name": "Can delete redirect", "content_type": 31, "codename": "delete_redirect"}}, {"model": "auth.permission", "pk": 89, "fields": {"name": "Can add embed", "content_type": 32, "codename": "add_embed"}}, {"model": "auth.permission", "pk": 90, "fields": {"name": "Can change embed", "content_type": 32, "codename": "change_embed"}}, {"model": "auth.permission", "pk": 91, "fields": {"name": "Can delete embed", "content_type": 32, "codename": "delete_embed"}}, {"model": "auth.permission", "pk": 92, "fields": {"name": "Can add user profile", "content_type": 33, "codename": "add_userprofile"}}, {"model": "auth.permission", "pk": 93, "fields": {"name": "Can change user profile", "content_type": 33, "codename": "change_userprofile"}}, {"model": "auth.permission", "pk": 94, "fields": {"name": "Can delete user profile", "content_type": 33, "codename": "delete_userprofile"}}, {"model": "auth.permission", "pk": 95, "fields": {"name": "Can add rendition", "content_type": 34, "codename": "add_rendition"}}, {"model": "auth.permission", "pk": 96, "fields": {"name": "Can change rendition", "content_type": 34, "codename": "change_rendition"}}, {"model": "auth.permission", "pk": 97, "fields": {"name": "Can delete rendition", "content_type": 34, "codename": "delete_rendition"}}, {"model": "auth.permission", "pk": 98, "fields": {"name": "Can add query", "content_type": 35, "codename": "add_query"}}, {"model": "auth.permission", "pk": 99, "fields": {"name": "Can change query", "content_type": 35, "codename": "change_query"}}, {"model": "auth.permission", "pk": 100, "fields": {"name": "Can delete query", "content_type": 35, "codename": "delete_query"}}, {"model": "auth.permission", "pk": 101, "fields": {"name": "Can add Query Daily Hits", "content_type": 36, "codename": "add_querydailyhits"}}, {"model": "auth.permission", "pk": 102, "fields": {"name": "Can change Query Daily Hits", "content_type": 36, "codename": "change_querydailyhits"}}, {"model": "auth.permission", "pk": 103, "fields": {"name": "Can delete Query Daily Hits", "content_type": 36, "codename": "delete_querydailyhits"}}, {"model": "auth.permission", "pk": 104, "fields": {"name": "Can add page", "content_type": 25, "codename": "add_page"}}, {"model": "auth.permission", "pk": 105, "fields": {"name": "Can change page", "content_type": 25, "codename": "change_page"}}, {"model": "auth.permission", "pk": 106, "fields": {"name": "Can delete page", "content_type": 25, "codename": "delete_page"}}, {"model": "auth.permission", "pk": 107, "fields": {"name": "Can add group page permission", "content_type": 37, "codename": "add_grouppagepermission"}}, {"model": "auth.permission", "pk": 108, "fields": {"name": "Can change group page permission", "content_type": 37, "codename": "change_grouppagepermission"}}, {"model": "auth.permission", "pk": 109, "fields": {"name": "Can delete group page permission", "content_type": 37, "codename": "delete_grouppagepermission"}}, {"model": "auth.permission", "pk": 110, "fields": {"name": "Can add page revision", "content_type": 38, "codename": "add_pagerevision"}}, {"model": "auth.permission", "pk": 111, "fields": {"name": "Can change page revision", "content_type": 38, "codename": "change_pagerevision"}}, {"model": "auth.permission", "pk": 112, "fields": {"name": "Can delete page revision", "content_type": 38, "codename": "delete_pagerevision"}}, {"model": "auth.permission", "pk": 113, "fields": {"name": "Can add page view restriction", "content_type": 39, "codename": "add_pageviewrestriction"}}, {"model": "auth.permission", "pk": 114, "fields": {"name": "Can change page view restriction", "content_type": 39, "codename": "change_pageviewrestriction"}}, {"model": "auth.permission", "pk": 115, "fields": {"name": "Can delete page view restriction", "content_type": 39, "codename": "delete_pageviewrestriction"}}, {"model": "auth.permission", "pk": 116, "fields": {"name": "Can add site", "content_type": 40, "codename": "add_site"}}, {"model": "auth.permission", "pk": 117, "fields": {"name": "Can change site", "content_type": 40, "codename": "change_site"}}, {"model": "auth.permission", "pk": 118, "fields": {"name": "Can delete site", "content_type": 40, "codename": "delete_site"}}, {"model": "auth.permission", "pk": 119, "fields": {"name": "Can add collection", "content_type": 41, "codename": "add_collection"}}, {"model": "auth.permission", "pk": 120, "fields": {"name": "Can change collection", "content_type": 41, "codename": "change_collection"}}, {"model": "auth.permission", "pk": 121, "fields": {"name": "Can delete collection", "content_type": 41, "codename": "delete_collection"}}, {"model": "auth.permission", "pk": 122, "fields": {"name": "Can add group collection permission", "content_type": 42, "codename": "add_groupcollectionpermission"}}, {"model": "auth.permission", "pk": 123, "fields": {"name": "Can change group collection permission", "content_type": 42, "codename": "change_groupcollectionpermission"}}, {"model": "auth.permission", "pk": 124, "fields": {"name": "Can delete group collection permission", "content_type": 42, "codename": "delete_groupcollectionpermission"}}, {"model": "auth.permission", "pk": 125, "fields": {"name": "Can add collection view restriction", "content_type": 43, "codename": "add_collectionviewrestriction"}}, {"model": "auth.permission", "pk": 126, "fields": {"name": "Can change collection view restriction", "content_type": 43, "codename": "change_collectionviewrestriction"}}, {"model": "auth.permission", "pk": 127, "fields": {"name": "Can delete collection view restriction", "content_type": 43, "codename": "delete_collectionviewrestriction"}}, {"model": "auth.permission", "pk": 128, "fields": {"name": "Can add Tag", "content_type": 44, "codename": "add_tag"}}, {"model": "auth.permission", "pk": 129, "fields": {"name": "Can change Tag", "content_type": 44, "codename": "change_tag"}}, {"model": "auth.permission", "pk": 130, "fields": {"name": "Can delete Tag", "content_type": 44, "codename": "delete_tag"}}, {"model": "auth.permission", "pk": 131, "fields": {"name": "Can add Tagged Item", "content_type": 45, "codename": "add_taggeditem"}}, {"model": "auth.permission", "pk": 132, "fields": {"name": "Can change Tagged Item", "content_type": 45, "codename": "change_taggeditem"}}, {"model": "auth.permission", "pk": 133, "fields": {"name": "Can delete Tagged Item", "content_type": 45, "codename": "delete_taggeditem"}}, {"model": "auth.permission", "pk": 134, "fields": {"name": "Can add email address", "content_type": 46, "codename": "add_emailaddress"}}, {"model": "auth.permission", "pk": 135, "fields": {"name": "Can change email address", "content_type": 46, "codename": "change_emailaddress"}}, {"model": "auth.permission", "pk": 136, "fields": {"name": "Can delete email address", "content_type": 46, "codename": "delete_emailaddress"}}, {"model": "auth.permission", "pk": 137, "fields": {"name": "Can add email confirmation", "content_type": 47, "codename": "add_emailconfirmation"}}, {"model": "auth.permission", "pk": 138, "fields": {"name": "Can change email confirmation", "content_type": 47, "codename": "change_emailconfirmation"}}, {"model": "auth.permission", "pk": 139, "fields": {"name": "Can delete email confirmation", "content_type": 47, "codename": "delete_emailconfirmation"}}, {"model": "auth.permission", "pk": 140, "fields": {"name": "Can add social account", "content_type": 48, "codename": "add_socialaccount"}}, {"model": "auth.permission", "pk": 141, "fields": {"name": "Can change social account", "content_type": 48, "codename": "change_socialaccount"}}, {"model": "auth.permission", "pk": 142, "fields": {"name": "Can delete social account", "content_type": 48, "codename": "delete_socialaccount"}}, {"model": "auth.permission", "pk": 143, "fields": {"name": "Can add social application", "content_type": 49, "codename": "add_socialapp"}}, {"model": "auth.permission", "pk": 144, "fields": {"name": "Can change social application", "content_type": 49, "codename": "change_socialapp"}}, {"model": "auth.permission", "pk": 145, "fields": {"name": "Can delete social application", "content_type": 49, "codename": "delete_socialapp"}}, {"model": "auth.permission", "pk": 146, "fields": {"name": "Can add social application token", "content_type": 50, "codename": "add_socialtoken"}}, {"model": "auth.permission", "pk": 147, "fields": {"name": "Can change social application token", "content_type": 50, "codename": "change_socialtoken"}}, {"model": "auth.permission", "pk": 148, "fields": {"name": "Can delete social application token", "content_type": 50, "codename": "delete_socialtoken"}}, {"model": "auth.permission", "pk": 149, "fields": {"name": "Can add home page", "content_type": 51, "codename": "add_homepage"}}, {"model": "auth.permission", "pk": 150, "fields": {"name": "Can change home page", "content_type": 51, "codename": "change_homepage"}}, {"model": "auth.permission", "pk": 151, "fields": {"name": "Can delete home page", "content_type": 51, "codename": "delete_homepage"}}, {"model": "auth.permission", "pk": 152, "fields": {"name": "Can add static page", "content_type": 52, "codename": "add_staticpage"}}, {"model": "auth.permission", "pk": 153, "fields": {"name": "Can change static page", "content_type": 52, "codename": "change_staticpage"}}, {"model": "auth.permission", "pk": 154, "fields": {"name": "Can delete static page", "content_type": 52, "codename": "delete_staticpage"}}, {"model": "auth.group", "pk": 1, "fields": {"name": "Moderators", "permissions": [76, 77, 78, 79, 73, 74, 75]}}, {"model": "auth.group", "pk": 2, "fields": {"name": "Editors", "permissions": [76, 77, 78, 79, 73, 74, 75]}}, {"model": "auth.user", "pk": 1, "fields": {"password": "pbkdf2_sha256$36000$E9PpeChkhvlm$tOIA51dyvb0Hcx3Xe6jQ52QcpGup7cTZNrS5cifLeMs=", "last_login": "2019-07-16T12:24:35.538Z", "is_superuser": true, "username": "root", "first_name": "", "last_name": "", "email": "root@gmail.com", "is_staff": true, "is_active": true, "date_joined": "2019-07-10T13:16:25.457Z", "groups": [], "user_permissions": []}}, {"model": "auth.user", "pk": 2, "fields": {"password": "pbkdf2_sha256$36000$FZanZmBooRGg$RYdNslHvviT9BCiQ1rErp1YPjxLmaQYc5rzqJM3ZYv4=", "last_login": null, "is_superuser": true, "username": "dominon", "first_name": "", "last_name": "", "email": "dominon@gmail.com", "is_staff": true, "is_active": true, "date_joined": "2019-07-15T06:52:08.578Z", "groups": [], "user_permissions": []}}, {"model": "auth.user", "pk": 3, "fields": {"password": "pbkdf2_sha256$36000$VPulCxoJBHi9$rKv77x0mUhe1xbG3VXzjXn2kT0l5I1sAch50/keojDk=", "last_login": null, "is_superuser": true, "username": "domdominion", "first_name": "", "last_name": "", "email": "domi@kjgdhdlkgh.vom", "is_staff": true, "is_active": true, "date_joined": "2019-07-15T06:53:33.656Z", "groups": [], "user_permissions": []}}, {"model": "auth.user", "pk": 4, "fields": {"password": "pbkdf2_sha256$36000$hWQio89zqhBL$NlgPVH2tpgeKMi0vZ3hwdcE/bnxMh7o5//6VIaxI31s=", "last_login": "2019-07-15T10:20:10.274Z", "is_superuser": true, "username": "dominion", "first_name": "", "last_name": "", "email": "dhjsa@gjgd.com", "is_staff": true, "is_active": true, "date_joined": "2019-07-15T06:56:33.433Z", "groups": [], "user_permissions": []}}, {"model": "wagtailcore.page", "pk": 1, "fields": {"path": "0001", "depth": 1, "numchild": 1, "title": "Root", "draft_title": "Root", "slug": "root", "content_type": 25, "live": true, "has_unpublished_changes": false, "url_path": "/", "owner": null, "seo_title": "", "show_in_menus": false, "search_description": "", "go_live_at": null, "expire_at": null, "expired": false, "locked": false, "first_published_at": null, "last_published_at": null, "latest_revision_created_at": null, "live_revision": null}}, {"model": "wagtailcore.page", "pk": 2, "fields": {"path": "00010001", "depth": 2, "numchild": 0, "title": "Welcome to your new Wagtail site!", "draft_title": "Welcome to your new Wagtail site!", "slug": "home", "content_type": 25, "live": true, "has_unpublished_changes": false, "url_path": "/home/", "owner": null, "seo_title": "", "show_in_menus": false, "search_description": "", "go_live_at": null, "expire_at": null, "expired": false, "locked": false, "first_published_at": null, "last_published_at": null, "latest_revision_created_at": null, "live_revision": null}}, {"model": "wagtailcore.grouppagepermission", "pk": 1, "fields": {"group": 1, "page": 1, "permission_type": "add"}}, {"model": "wagtailcore.grouppagepermission", "pk": 2, "fields": {"group": 1, "page": 1, "permission_type": "edit"}}, {"model": "wagtailcore.grouppagepermission", "pk": 3, "fields": {"group": 1, "page": 1, "permission_type": "publish"}}, {"model": "wagtailcore.grouppagepermission", "pk": 4, "fields": {"group": 2, "page": 1, "permission_type": "add"}}, {"model": "wagtailcore.grouppagepermission", "pk": 5, "fields": {"group": 2, "page": 1, "permission_type": "edit"}}, {"model": "wagtailcore.grouppagepermission", "pk": 6, "fields": {"group": 1, "page": 1, "permission_type": "lock"}}, {"model": "wagtailcore.groupcollectionpermission", "pk": 1, "fields": {"group": 1, "collection": 1, "permission": 73}}, {"model": "wagtailcore.groupcollectionpermission", "pk": 2, "fields": {"group": 2, "collection": 1, "permission": 73}}, {"model": "wagtailcore.groupcollectionpermission", "pk": 3, "fields": {"group": 1, "collection": 1, "permission": 74}}, {"model": "wagtailcore.groupcollectionpermission", "pk": 4, "fields": {"group": 2, "collection": 1, "permission": 74}}, {"model": "wagtailcore.groupcollectionpermission", "pk": 5, "fields": {"group": 1, "collection": 1, "permission": 77}}, {"model": "wagtailcore.groupcollectionpermission", "pk": 6, "fields": {"group": 2, "collection": 1, "permission": 77}}, {"model": "wagtailcore.groupcollectionpermission", "pk": 7, "fields": {"group": 1, "collection": 1, "permission": 78}}, {"model": "wagtailcore.groupcollectionpermission", "pk": 8, "fields": {"group": 2, "collection": 1, "permission": 78}}, {"model": "admin.logentry", "pk": 1, "fields": {"action_time": "2019-07-10T13:43:02.797Z", "user": 1, "content_type": 2, "object_id": "1", "object_repr": "Demographics", "action_flag": 1, "change_message": "[{\"added\": {}}, {\"added\": {\"name\": \"chart\", \"object\": \"chart-column-population_group_2016-population_group_2016\"}}, {\"added\": {\"name\": \"chart\", \"object\": \"chart-column-population_residence_2009-population_residence_2009\"}}]"}}, {"model": "admin.logentry", "pk": 2, "fields": {"action_time": "2019-07-10T14:10:45.241Z", "user": 1, "content_type": 2, "object_id": "2", "object_repr": "Farm Land", "action_flag": 1, "change_message": "[{\"added\": {}}, {\"added\": {\"name\": \"chart\", \"object\": \"chart-column-numberofprivatelandownersbycategory-number of private land owners by category_number of land owners per nationality\"}}, {\"added\": {\"name\": \"chart\", \"object\": \"chart-column-numberoflandownersperrace-number of land owners per race\"}}, {\"added\": {\"name\": \"chart\", \"object\": \"chart-column-numberoflandownerspernationality-number of land owners per nationality\"}}]"}}, {"model": "admin.logentry", "pk": 3, "fields": {"action_time": "2019-07-11T08:14:24.707Z", "user": 1, "content_type": 2, "object_id": "4", "object_repr": "Agricultural Land Sales", "action_flag": 1, "change_message": "[{\"added\": {}}, {\"added\": {\"name\": \"chart\", \"object\": \"chart-grouped_column-land_traded_per_class_statistic_2018-class_distribution_statistic\"}}]"}}, {"model": "admin.logentry", "pk": 4, "fields": {"action_time": "2019-07-11T09:08:33.560Z", "user": 1, "content_type": 2, "object_id": "5", "object_repr": "Land traded statistic for transactions of colour", "action_flag": 1, "change_message": "[{\"added\": {}}, {\"added\": {\"name\": \"chart\", \"object\": \"chart-pie-land_traded_colour_hectares_breakdown_2018-breakdown_cc\"}}, {\"added\": {\"name\": \"chart\", \"object\": \"chart-column-land_traded_colour_hectares_breakdown_2018-month_cc\"}}, {\"added\": {\"name\": \"chart\", \"object\": \"chart-column-land_traded_colour_transactions_2018-breakdown_cc\"}}, {\"added\": {\"name\": \"chart\", \"object\": \"chart-column-land_traded_all_vs_colour_2018-transaction_group\"}}, {\"added\": {\"name\": \"chart\", \"object\": \"chart-grouped_column-land_traded_all_vs_colour_2018-month_transaction_group\"}}, {\"added\": {\"name\": \"chart\", \"object\": \"chart-column-land_traded_colour_cost_breakdown_2018-month_cc\"}}, {\"added\": {\"name\": \"chart\", \"object\": \"chart-grouped_column-land_traded_colour_transactions_2018-month_cc_breakdown_cc\"}}, {\"added\": {\"name\": \"chart\", \"object\": \"chart-grouped_column-land_traded_colour_cost_breakdown_2018-month_cc_breakdown_cc\"}}, {\"added\": {\"name\": \"chart\", \"object\": \"chart-pie-land_traded_colour_transactions_2018-breakdown_cc\"}}, {\"added\": {\"name\": \"chart\", \"object\": \"chart-grouped_column-land_traded_colour_hectares_breakdown_2018-month_cc_breakdown_cc\"}}]"}}, {"model": "admin.logentry", "pk": 5, "fields": {"action_time": "2019-07-11T09:16:20.577Z", "user": 1, "content_type": 2, "object_id": "6", "object_repr": "Afrobarometer Round 7", "action_flag": 1, "change_message": "[{\"added\": {}}, {\"added\": {\"name\": \"chart\", \"object\": \"chart-pie-access_to_information-access_to_information\"}}, {\"added\": {\"name\": \"chart\", \"object\": \"chart-pie-land_to_prioritise_for_redistribution-land_to_prioritise_for_redistribution\"}}, {\"added\": {\"name\": \"chart\", \"object\": \"chart-pie-maintain_willing_buyer_willing_seller_policy-maintain_willing_buyer_willing_seller_policy\"}}, {\"added\": {\"name\": \"chart\", \"object\": \"chart-pie-allow_farmers_retain_land_ownership-allow_farmers_retain_land_ownership\"}}, {\"added\": {\"name\": \"chart\", \"object\": \"chart-pie-land_acquisation_challenges-land_acquisation_challenges\"}}]"}}, {"model": "admin.logentry", "pk": 6, "fields": {"action_time": "2019-07-11T09:19:50.510Z", "user": 1, "content_type": 14, "object_id": "21", "object_repr": "DBTable<maintaining_willing_buyer_willing_seller_policy>", "action_flag": 3, "change_message": ""}}, {"model": "admin.logentry", "pk": 7, "fields": {"action_time": "2019-07-11T09:34:51.903Z", "user": 1, "content_type": 2, "object_id": "7", "object_repr": "Sectional Title land", "action_flag": 1, "change_message": "[{\"added\": {}}, {\"added\": {\"name\": \"chart\", \"object\": \"chart-column-sectionaltitleownershipinhectarespercategory-sectional title ownership in hectares per category_number of sectional title owners by race\"}}, {\"added\": {\"name\": \"chart\", \"object\": \"chart-column-numberofsectionaltitleownersbycategory-number of sectional title owners by category\"}}, {\"added\": {\"name\": \"chart\", \"object\": \"chart-column-sectionaltitleownershipinhectaresperrace-sectional title ownership in hectares per race\"}}, {\"added\": {\"name\": \"chart\", \"object\": \"chart-column-numberofsectionaltitleownersbyrace-number of sectional title owners by race\"}}, {\"added\": {\"name\": \"chart\", \"object\": \"chart-column-sectionaltitleownershipinhectarespergender-sectional title ownership in hectares per gender\"}}, {\"added\": {\"name\": \"chart\", \"object\": \"chart-column-numberofsectionaltitleownersbygender-number of sectional title owners by gender\"}}, {\"added\": {\"name\": \"chart\", \"object\": \"chart-column-sectionaltitleownershipinhectaresnationality-sectional title ownership in hectares nationality\"}}, {\"added\": {\"name\": \"chart\", \"object\": \"chart-column-numberofsectionaltitleownersbynationality-number of sectional title owners by nationality\"}}]"}}, {"model": "admin.logentry", "pk": 8, "fields": {"action_time": "2019-07-11T09:51:43.391Z", "user": 1, "content_type": 2, "object_id": "8", "object_repr": "Erven Land", "action_flag": 1, "change_message": "[{\"added\": {}}, {\"added\": {\"name\": \"chart\", \"object\": \"chart-column-erven_land_ownership_in_hectares_by_gender-erven_land_ownership_in_hectares_by_gender\"}}, {\"added\": {\"name\": \"chart\", \"object\": \"chart-column-number_of_erven_land_owners_per_gender-number_of_erven_land_owners_per_gender\"}}, {\"added\": {\"name\": \"chart\", \"object\": \"chart-column-erven_land_ownership_in_hectares_by_nationality-erven_land_ownership_in_hectares_by_nationality\"}}, {\"added\": {\"name\": \"chart\", \"object\": \"chart-column-number_of_erven_land_owners_per_nationality-number_of_erven_land_owners_per_nationality\"}}, {\"added\": {\"name\": \"chart\", \"object\": \"chart-column-erven_land_ownership_in_hectares_by_race-erven_land_ownership_in_hectares_by_race\"}}, {\"added\": {\"name\": \"chart\", \"object\": \"chart-column-number_of_erven_land_owners_per_race-number_of_erven_land_owners_per_race\"}}]"}}, {"model": "admin.logentry", "pk": 9, "fields": {"action_time": "2019-07-16T12:31:22.200Z", "user": 1, "content_type": 2, "object_id": "4", "object_repr": "Agricultural Land Sales", "action_flag": 2, "change_message": "[{\"added\": {\"name\": \"chart\", \"object\": \"chart-grouped_column-land_traded_per_class_statistic_2018-statistic_class_distribution\"}}, {\"deleted\": {\"name\": \"chart\", \"object\": \"chart-grouped_column-land_traded_per_class_statistic_2018-statistic_class_distribution\"}}]"}}, {"model": "admin.logentry", "pk": 10, "fields": {"action_time": "2019-07-16T12:42:36.058Z", "user": 1, "content_type": 2, "object_id": "5", "object_repr": "Land traded statistic for transactions of colour", "action_flag": 2, "change_message": "[{\"added\": {\"name\": \"chart\", \"object\": \"chart-grouped_column-land_traded_colour_hectares_breakdown_2018-month_cc_breakdown_cc\"}}, {\"changed\": {\"name\": \"chart\", \"object\": \"chart-pie-land_traded_colour_hectares_breakdown_2018-breakdown_cc\", \"fields\": [\"group_by\"]}}, {\"changed\": {\"name\": \"chart\", \"object\": \"chart-column-land_traded_colour_hectares_breakdown_2018-month_cc\", \"fields\": [\"group_by\"]}}, {\"changed\": {\"name\": \"chart\", \"object\": \"chart-column-land_traded_colour_transactions_2018-breakdown_cc\", \"fields\": [\"group_by\"]}}, {\"changed\": {\"name\": \"chart\", \"object\": \"chart-column-land_traded_all_vs_colour_2018-transaction_group\", \"fields\": [\"group_by\"]}}, {\"changed\": {\"name\": \"chart\", \"object\": \"chart-grouped_column-land_traded_all_vs_colour_2018-transaction_group_month\", \"fields\": [\"group_by\"]}}, {\"changed\": {\"name\": \"chart\", \"object\": \"chart-column-land_traded_colour_cost_breakdown_2018-month_cc\", \"fields\": [\"group_by\"]}}, {\"changed\": {\"name\": \"chart\", \"object\": \"chart-grouped_column-land_traded_colour_transactions_2018-month_cc_breakdown_cc\", \"fields\": [\"group_by\"]}}, {\"changed\": {\"name\": \"chart\", \"object\": \"chart-grouped_column-land_traded_colour_cost_breakdown_2018-month_cc_breakdown_cc\", \"fields\": [\"group_by\"]}}, {\"changed\": {\"name\": \"chart\", \"object\": \"chart-pie-land_traded_colour_transactions_2018-breakdown_cc\", \"fields\": [\"group_by\"]}}, {\"deleted\": {\"name\": \"chart\", \"object\": \"chart-grouped_column-land_traded_colour_hectares_breakdown_2018-month_cc_breakdown_cc\"}}]"}}, {"model": "admin.logentry", "pk": 11, "fields": {"action_time": "2019-07-16T12:44:23.132Z", "user": 1, "content_type": 2, "object_id": "5", "object_repr": "Land traded statistic for transactions of colour", "action_flag": 2, "change_message": "[{\"added\": {\"name\": \"chart\", \"object\": \"chart-grouped_column-land_traded_all_vs_colour_2018-transaction_group_month\"}}, {\"deleted\": {\"name\": \"chart\", \"object\": \"chart-grouped_column-land_traded_all_vs_colour_2018-transaction_group_month\"}}]"}}, {"model": "admin.logentry", "pk": 12, "fields": {"action_time": "2019-07-16T12:49:39.764Z", "user": 1, "content_type": 2, "object_id": "5", "object_repr": "Land traded statistic for transactions of colour", "action_flag": 2, "change_message": "[{\"added\": {\"name\": \"chart\", \"object\": \"chart-grouped_column-land_traded_colour_transactions_2018-month_cc_breakdown_cc\"}}, {\"added\": {\"name\": \"chart\", \"object\": \"chart-grouped_column-land_traded_colour_cost_breakdown_2018-month_cc_breakdown_cc\"}}, {\"deleted\": {\"name\": \"chart\", \"object\": \"chart-grouped_column-land_traded_colour_transactions_2018-month_cc_breakdown_cc\"}}, {\"deleted\": {\"name\": \"chart\", \"object\": \"chart-grouped_column-land_traded_colour_cost_breakdown_2018-month_cc_breakdown_cc\"}}]"}}, {"model": "admin.logentry", "pk": 13, "fields": {"action_time": "2019-07-16T15:50:42.929Z", "user": 1, "content_type": 2, "object_id": "3", "object_repr": "Worker's Hostel Data", "action_flag": 2, "change_message": "[{\"added\": {\"name\": \"chart\", \"object\": \"chart-column-workers_hostel_access_electricity-workers_hostel_access_electricity\"}}, {\"changed\": {\"name\": \"chart\", \"object\": \"chart-column-workers_hostel_age_group-workers_hostel_age_group\", \"fields\": [\"group_by\"]}}, {\"changed\": {\"name\": \"chart\", \"object\": \"chart-column-workers_hostel_gender-workers_hostel_gender\", \"fields\": [\"group_by\"]}}, {\"changed\": {\"name\": \"chart\", \"object\": \"chart-column-workers_hostel_geography-workers_hostel_geography\", \"fields\": [\"group_by\"]}}, {\"changed\": {\"name\": \"chart\", \"object\": \"chart-column-workers_hostel_handwashing_facility-workers_hostel_handwashing_facility\", \"fields\": [\"group_by\"]}}, {\"changed\": {\"name\": \"chart\", \"object\": \"chart-column-workers_hostel_living_condition-workers_hostel_living_condition\", \"fields\": [\"group_by\"]}}, {\"changed\": {\"name\": \"chart\", \"object\": \"chart-column-workers_hostel_ownership-workers_hostel_ownership\", \"fields\": [\"group_by\"]}}, {\"changed\": {\"name\": \"chart\", \"object\": \"chart-column-workers_hostel_population-workers_hostel_population_year\", \"fields\": [\"group_by\"]}}, {\"changed\": {\"name\": \"chart\", \"object\": \"chart-column-workers_hostel_population_group-workers_hostel_population_group\", \"fields\": [\"group_by\"]}}, {\"changed\": {\"name\": \"chart\", \"object\": \"chart-column-workers_hostel_rent-workers_hostel_rent\", \"fields\": [\"group_by\"]}}, {\"changed\": {\"name\": \"chart\", \"object\": \"chart-column-workers_hostel_residential_ownership-workers_hostel_residential_ownership\", \"fields\": [\"group_by\"]}}, {\"changed\": {\"name\": \"chart\", \"object\": \"chart-column-workers_hostel_ss_dwelling-workers_hostel_ss_dwelling\", \"fields\": [\"group_by\"]}}, {\"changed\": {\"name\": \"chart\", \"object\": \"chart-column-workers_hostel_toilet_facility-workers_hostel_toilet_facility\", \"fields\": [\"group_by\"]}}, {\"changed\": {\"name\": \"chart\", \"object\": \"chart-column-workers_hostel_water_source-workers_hostel_water_source\", \"fields\": [\"group_by\"]}}, {\"changed\": {\"name\": \"chart\", \"object\": \"chart-column-workers_hostel_subsidy-workers_hostel_subsidy\", \"fields\": [\"group_by\", \"chart_source_link\"]}}, {\"deleted\": {\"name\": \"chart\", \"object\": \"chart-column-workers_hostel_access_electricity-workers_hostel_subsidy_workers_hostel_population_year_workers_hostel_residential_ownership_workers_hostel_access_electricity\"}}]"}}, {"model": "admin.logentry", "pk": 14, "fields": {"action_time": "2019-07-23T07:31:08.983Z", "user": 4, "content_type": 2, "object_id": "7", "object_repr": "Sectional Title land", "action_flag": 2, "change_message": "[{\"added\": {\"name\": \"chart\", \"object\": \"chart-column-sectionaltitleownershipinhectarespercategory-sectional title ownership in hectares per category\"}}, {\"changed\": {\"name\": \"chart\", \"object\": \"chart-column-numberofsectionaltitleownersbycategory-number of sectional title owners by category\", \"fields\": [\"group_by\"]}}, {\"changed\": {\"name\": \"chart\", \"object\": \"chart-column-sectionaltitleownershipinhectaresperrace-sectional title ownership in hectares per race\", \"fields\": [\"group_by\"]}}, {\"changed\": {\"name\": \"chart\", \"object\": \"chart-column-numberofsectionaltitleownersbyrace-number of sectional title owners by race\", \"fields\": [\"group_by\"]}}, {\"changed\": {\"name\": \"chart\", \"object\": \"chart-column-sectionaltitleownershipinhectarespergender-sectional title ownership in hectares per gender\", \"fields\": [\"group_by\"]}}, {\"changed\": {\"name\": \"chart\", \"object\": \"chart-column-numberofsectionaltitleownersbygender-number of sectional title owners by gender\", \"fields\": [\"group_by\"]}}, {\"changed\": {\"name\": \"chart\", \"object\": \"chart-column-sectionaltitleownershipinhectaresnationality-sectional title ownership in hectares nationality\", \"fields\": [\"group_by\"]}}, {\"changed\": {\"name\": \"chart\", \"object\": \"chart-column-numberofsectionaltitleownersbynationality-number of sectional title owners by nationality\", \"fields\": [\"group_by\"]}}, {\"deleted\": {\"name\": \"chart\", \"object\": \"chart-column-sectionaltitleownershipinhectarespercategory-sectional title ownership in hectares per category_number of sectional title owners by race\"}}]"}}]