[{"model": "wazimap.geography", "pk": 279, "fields": {"geo_level": "continent", "geo_code": "AFR", "version": "2009", "name": "Africa", "long_name": "Africa", "square_kms": null, "parent_level": null, "parent_code": null}}, {"model": "wazimap.geography", "pk": 280, "fields": {"geo_level": "country", "geo_code": "NG", "version": "2009", "name": "Nigeria", "long_name": "Nigeria", "square_kms": 923768.0, "parent_level": "continent", "parent_code": "AFR"}}, {"model": "wazimap.geography", "pk": 281, "fields": {"geo_level": "country", "geo_code": "SN", "version": "2009", "name": "Senegal", "long_name": "Senegal", "square_kms": 196712.0, "parent_level": "continent", "parent_code": "AFR"}}, {"model": "wazimap.geography", "pk": 282, "fields": {"geo_level": "country", "geo_code": "TZ", "version": "2009", "name": "Tanzania", "long_name": "Tanzania", "square_kms": 945087.0, "parent_level": "continent", "parent_code": "AFR"}}, {"model": "wazimap.geography", "pk": 283, "fields": {"geo_level": "level1", "geo_code": "NG_1_006", "version": "2009", "name": "Bayelsa", "long_name": "Bayelsa", "square_kms": 10773.0, "parent_level": "country", "parent_code": "NG"}}, {"model": "wazimap.geography", "pk": 284, "fields": {"geo_level": "level1", "geo_code": "NG_1_007", "version": "2009", "name": "Benue", "long_name": "Benue", "square_kms": 34059.0, "parent_level": "country", "parent_code": "NG"}}, {"model": "wazimap.geography", "pk": 285, "fields": {"geo_level": "level1", "geo_code": "NG_1_008", "version": "2009", "name": "Borno", "long_name": "Borno", "square_kms": 70898.0, "parent_level": "country", "parent_code": "NG"}}, {"model": "wazimap.geography", "pk": 286, "fields": {"geo_level": "level1", "geo_code": "NG_1_009", "version": "2009", "name": "Cross River", "long_name": "Cross River", "square_kms": 20156.0, "parent_level": "country", "parent_code": "NG"}}, {"model": "wazimap.geography", "pk": 287, "fields": {"geo_level": "level1", "geo_code": "NG_1_010", "version": "2009", "name": "Delta", "long_name": "Delta", "square_kms": 17698.0, "parent_level": "country", "parent_code": "NG"}}, {"model": "wazimap.geography", "pk": 288, "fields": {"geo_level": "level1", "geo_code": "NG_1_011", "version": "2009", "name": "Ebonyi", "long_name": "Ebonyi", "square_kms": 5670.0, "parent_level": "country", "parent_code": "NG"}}, {"model": "wazimap.geography", "pk": 289, "fields": {"geo_level": "level1", "geo_code": "NG_1_012", "version": "2009", "name": "Edo", "long_name": "Edo", "square_kms": 17802.0, "parent_level": "country", "parent_code": "NG"}}, {"model": "wazimap.geography", "pk": 290, "fields": {"geo_level": "level1", "geo_code": "NG_1_013", "version": "2009", "name": "Ekiti", "long_name": "Ekiti", "square_kms": 6353.0, "parent_level": "country", "parent_code": "NG"}}, {"model": "wazimap.geography", "pk": 291, "fields": {"geo_level": "level1", "geo_code": "NG_1_014", "version": "2009", "name": "Enugu", "long_name": "Enugu", "square_kms": 7161.0, "parent_level": "country", "parent_code": "NG"}}, {"model": "wazimap.geography", "pk": 292, "fields": {"geo_level": "level1", "geo_code": "NG_1_015", "version": "2009", "name": "Federal Capital Territory", "long_name": "Federal Capital Territory", "square_kms": 7315.0, "parent_level": "country", "parent_code": "NG"}}, {"model": "wazimap.geography", "pk": 293, "fields": {"geo_level": "level1", "geo_code": "NG_1_016", "version": "2009", "name": "Gombe", "long_name": "Gombe", "square_kms": 18768.0, "parent_level": "country", "parent_code": "NG"}}, {"model": "wazimap.geography", "pk": 294, "fields": {"geo_level": "level1", "geo_code": "NG_1_017", "version": "2009", "name": "Imo", "long_name": "Imo", "square_kms": 5530.0, "parent_level": "country", "parent_code": "NG"}}, {"model": "wazimap.geography", "pk": 295, "fields": {"geo_level": "level1", "geo_code": "NG_1_018", "version": "2009", "name": "Jigawa", "long_name": "Jigawa", "square_kms": 23154.0, "parent_level": "country", "parent_code": "NG"}}, {"model": "wazimap.geography", "pk": 296, "fields": {"geo_level": "level1", "geo_code": "NG_1_019", "version": "2009", "name": "Kaduna", "long_name": "Kaduna", "square_kms": 46053.0, "parent_level": "country", "parent_code": "NG"}}, {"model": "wazimap.geography", "pk": 297, "fields": {"geo_level": "level1", "geo_code": "NG_1_020", "version": "2009", "name": "Kano", "long_name": "Kano", "square_kms": 20131.0, "parent_level": "country", "parent_code": "NG"}}, {"model": "wazimap.geography", "pk": 298, "fields": {"geo_level": "level1", "geo_code": "NG_1_021", "version": "2009", "name": "Katsina", "long_name": "Katsina", "square_kms": 24192.0, "parent_level": "country", "parent_code": "NG"}}, {"model": "wazimap.geography", "pk": 299, "fields": {"geo_level": "level1", "geo_code": "NG_1_022", "version": "2009", "name": "Kebbi", "long_name": "Kebbi", "square_kms": 36800.0, "parent_level": "country", "parent_code": "NG"}}, {"model": "wazimap.geography", "pk": 300, "fields": {"geo_level": "level1", "geo_code": "NG_1_023", "version": "2009", "name": "Kogi", "long_name": "Kogi", "square_kms": 29833.0, "parent_level": "country", "parent_code": "NG"}}, {"model": "wazimap.geography", "pk": 301, "fields": {"geo_level": "level1", "geo_code": "NG_1_024", "version": "2009", "name": "Kwara", "long_name": "Kwara", "square_kms": 36825.0, "parent_level": "country", "parent_code": "NG"}}, {"model": "wazimap.geography", "pk": 302, "fields": {"geo_level": "level1", "geo_code": "NG_1_025", "version": "2009", "name": "Lagos", "long_name": "Lagos", "square_kms": 3345.0, "parent_level": "country", "parent_code": "NG"}}, {"model": "wazimap.geography", "pk": 303, "fields": {"geo_level": "level1", "geo_code": "NG_1_026", "version": "2009", "name": "Nasarawa", "long_name": "Nasarawa", "square_kms": 27117.0, "parent_level": "country", "parent_code": "NG"}}, {"model": "wazimap.geography", "pk": 304, "fields": {"geo_level": "level1", "geo_code": "NG_1_027", "version": "2009", "name": "Niger", "long_name": "Niger", "square_kms": 76363.0, "parent_level": "country", "parent_code": "NG"}}, {"model": "wazimap.geography", "pk": 305, "fields": {"geo_level": "level1", "geo_code": "NG_1_028", "version": "2009", "name": "Ogun", "long_name": "Ogun", "square_kms": 16762.0, "parent_level": "country", "parent_code": "NG"}}, {"model": "wazimap.geography", "pk": 306, "fields": {"geo_level": "level1", "geo_code": "NG_1_029", "version": "2009", "name": "Ondo", "long_name": "Ondo", "square_kms": 15500.0, "parent_level": "country", "parent_code": "NG"}}, {"model": "wazimap.geography", "pk": 307, "fields": {"geo_level": "level1", "geo_code": "NG_1_030", "version": "2009", "name": "Osun", "long_name": "Osun", "square_kms": 9251.0, "parent_level": "country", "parent_code": "NG"}}, {"model": "wazimap.geography", "pk": 308, "fields": {"geo_level": "level1", "geo_code": "NG_1_031", "version": "2009", "name": "Oyo", "long_name": "Oyo", "square_kms": 28454.0, "parent_level": "country", "parent_code": "NG"}}, {"model": "wazimap.geography", "pk": 309, "fields": {"geo_level": "level1", "geo_code": "NG_1_032", "version": "2009", "name": "Plateau", "long_name": "Plateau", "square_kms": 30913.0, "parent_level": "country", "parent_code": "NG"}}, {"model": "wazimap.geography", "pk": 310, "fields": {"geo_level": "level1", "geo_code": "NG_1_033", "version": "2009", "name": "Rivers", "long_name": "Rivers", "square_kms": 11077.0, "parent_level": "country", "parent_code": "NG"}}, {"model": "wazimap.geography", "pk": 311, "fields": {"geo_level": "level1", "geo_code": "NG_1_034", "version": "2009", "name": "Sokoto", "long_name": "Sokoto", "square_kms": 25973.0, "parent_level": "country", "parent_code": "NG"}}, {"model": "wazimap.geography", "pk": 312, "fields": {"geo_level": "level1", "geo_code": "NG_1_035", "version": "2009", "name": "Taraba", "long_name": "Taraba", "square_kms": 54473.0, "parent_level": "country", "parent_code": "NG"}}, {"model": "wazimap.geography", "pk": 313, "fields": {"geo_level": "level1", "geo_code": "NG_1_036", "version": "2009", "name": "Yobe", "long_name": "Yobe", "square_kms": 45502.0, "parent_level": "country", "parent_code": "NG"}}, {"model": "wazimap.geography", "pk": 314, "fields": {"geo_level": "level1", "geo_code": "NG_1_037", "version": "2009", "name": "Zamfara", "long_name": "Zamfara", "square_kms": 39762.0, "parent_level": "country", "parent_code": "NG"}}, {"model": "wazimap.geography", "pk": 315, "fields": {"geo_level": "level1", "geo_code": "SN_1_001", "version": "2009", "name": "Dakar", "long_name": "Dakar", "square_kms": 547.0, "parent_level": "country", "parent_code": "SN"}}, {"model": "wazimap.geography", "pk": 316, "fields": {"geo_level": "level1", "geo_code": "SN_1_002", "version": "2009", "name": "Diourbel", "long_name": "Diourbel", "square_kms": 4824.0, "parent_level": "country", "parent_code": "SN"}}, {"model": "wazimap.geography", "pk": 317, "fields": {"geo_level": "level1", "geo_code": "SN_1_003", "version": "2009", "name": "Fatick", "long_name": "Fatick", "square_kms": 6849.0, "parent_level": "country", "parent_code": "SN"}}, {"model": "wazimap.geography", "pk": 318, "fields": {"geo_level": "level1", "geo_code": "SN_1_004", "version": "2009", "name": "Kaffrine", "long_name": "Kaffrine", "square_kms": 11262.0, "parent_level": "country", "parent_code": "SN"}}, {"model": "wazimap.geography", "pk": 319, "fields": {"geo_level": "level1", "geo_code": "SN_1_005", "version": "2009", "name": "Kaolack", "long_name": "Kaolack", "square_kms": 5357.0, "parent_level": "country", "parent_code": "SN"}}, {"model": "wazimap.geography", "pk": 320, "fields": {"geo_level": "level1", "geo_code": "SN_1_006", "version": "2009", "name": "Kedougou", "long_name": "Kedougou", "square_kms": 16800.0, "parent_level": "country", "parent_code": "SN"}}, {"model": "wazimap.geography", "pk": 321, "fields": {"geo_level": "level1", "geo_code": "SN_1_007", "version": "2009", "name": "Kolda", "long_name": "Kolda", "square_kms": 13771.0, "parent_level": "country", "parent_code": "SN"}}, {"model": "wazimap.geography", "pk": 322, "fields": {"geo_level": "level1", "geo_code": "SN_1_008", "version": "2009", "name": "Louga", "long_name": "Louga", "square_kms": 24889.0, "parent_level": "country", "parent_code": "SN"}}, {"model": "wazimap.geography", "pk": 323, "fields": {"geo_level": "level1", "geo_code": "SN_1_009", "version": "2009", "name": "Matam", "long_name": "Matam", "square_kms": 29445.0, "parent_level": "country", "parent_code": "SN"}}, {"model": "wazimap.geography", "pk": 324, "fields": {"geo_level": "level1", "geo_code": "SN_1_010", "version": "2009", "name": "Saint Louis", "long_name": "Saint Louis", "square_kms": 19241.0, "parent_level": "country", "parent_code": "SN"}}, {"model": "wazimap.geography", "pk": 325, "fields": {"geo_level": "level1", "geo_code": "SN_1_011", "version": "2009", "name": "Sedhiou", "long_name": "Sedhiou", "square_kms": 7341.0, "parent_level": "country", "parent_code": "SN"}}, {"model": "wazimap.geography", "pk": 326, "fields": {"geo_level": "level1", "geo_code": "SN_1_012", "version": "2009", "name": "Tambacounda", "long_name": "Tambacounda", "square_kms": 42364.0, "parent_level": "country", "parent_code": "SN"}}, {"model": "wazimap.geography", "pk": 327, "fields": {"geo_level": "level1", "geo_code": "SN_1_013", "version": "2009", "name": "Thies", "long_name": "Thies", "square_kms": 6670.0, "parent_level": "country", "parent_code": "SN"}}, {"model": "wazimap.geography", "pk": 328, "fields": {"geo_level": "level1", "geo_code": "SN_1_014", "version": "2009", "name": "Ziguinchor", "long_name": "Ziguinchor", "square_kms": 7352.0, "parent_level": "country", "parent_code": "SN"}}, {"model": "wazimap.geography", "pk": 329, "fields": {"geo_level": "level1", "geo_code": "TZ_1_022", "version": "2009", "name": "Pwani", "long_name": "Pwani", "square_kms": 32407.0, "parent_level": "country", "parent_code": "TZ"}}, {"model": "wazimap.geography", "pk": 330, "fields": {"geo_level": "level1", "geo_code": "TZ_1_026", "version": "2009", "name": "Simiyu", "long_name": "Simiyu", "square_kms": 2380.0, "parent_level": "country", "parent_code": "TZ"}}, {"model": "wazimap.geography", "pk": 331, "fields": {"geo_level": "level1", "geo_code": "TZ_1_004", "version": "2009", "name": "Geita", "long_name": "Geita", "square_kms": 20054.0, "parent_level": "country", "parent_code": "TZ"}}, {"model": "wazimap.geography", "pk": 332, "fields": {"geo_level": "level1", "geo_code": "TZ_1_027", "version": "2009", "name": "Singida", "long_name": "Singida", "square_kms": 49437.0, "parent_level": "country", "parent_code": "TZ"}}, {"model": "wazimap.geography", "pk": 333, "fields": {"geo_level": "level1", "geo_code": "TZ_1_005", "version": "2009", "name": "Iringa", "long_name": "Iringa", "square_kms": 58936.0, "parent_level": "country", "parent_code": "TZ"}}, {"model": "wazimap.geography", "pk": 334, "fields": {"geo_level": "level1", "geo_code": "TZ_1_023", "version": "2009", "name": "Rukwa", "long_name": "Rukwa", "square_kms": 75240.0, "parent_level": "country", "parent_code": "TZ"}}, {"model": "wazimap.geography", "pk": 335, "fields": {"geo_level": "level1", "geo_code": "TZ_1_006", "version": "2009", "name": "Kagera", "long_name": "Kagera", "square_kms": 39627.0, "parent_level": "country", "parent_code": "TZ"}}, {"model": "wazimap.geography", "pk": 336, "fields": {"geo_level": "level1", "geo_code": "TZ_1_010", "version": "2009", "name": "Kigoma", "long_name": "Kigoma", "square_kms": 45066.0, "parent_level": "country", "parent_code": "TZ"}}, {"model": "wazimap.geography", "pk": 337, "fields": {"geo_level": "level1", "geo_code": "TZ_1_014", "version": "2009", "name": "Lindi", "long_name": "Lindi", "square_kms": 67000.0, "parent_level": "country", "parent_code": "TZ"}}, {"model": "wazimap.geography", "pk": 338, "fields": {"geo_level": "level1", "geo_code": "TZ_1_002", "version": "2009", "name": "Dar es salaam", "long_name": "Dar es salaam", "square_kms": 1393.0, "parent_level": "country", "parent_code": "TZ"}}, {"model": "wazimap.geography", "pk": 339, "fields": {"geo_level": "level1", "geo_code": "TZ_1_003", "version": "2009", "name": "Dodoma", "long_name": "Dodoma", "square_kms": 41311.0, "parent_level": "country", "parent_code": "TZ"}}, {"model": "wazimap.geography", "pk": 340, "fields": {"geo_level": "level1", "geo_code": "TZ_1_028", "version": "2009", "name": "Tanga", "long_name": "Tanga", "square_kms": 27348.0, "parent_level": "country", "parent_code": "TZ"}}, {"model": "wazimap.geography", "pk": 341, "fields": {"geo_level": "level1", "geo_code": "TZ_1_019", "version": "2009", "name": "Mtwara", "long_name": "Mtwara", "square_kms": 16707.0, "parent_level": "country", "parent_code": "TZ"}}, {"model": "wazimap.geography", "pk": 342, "fields": {"geo_level": "level1", "geo_code": "TZ_1_021", "version": "2009", "name": "Njombe", "long_name": "Njombe", "square_kms": 21347.0, "parent_level": "country", "parent_code": "TZ"}}, {"model": "wazimap.geography", "pk": 343, "fields": {"geo_level": "level1", "geo_code": "TZ_1_029", "version": "2009", "name": "Tabora", "long_name": "Tabora", "square_kms": 76151.0, "parent_level": "country", "parent_code": "TZ"}}, {"model": "wazimap.geography", "pk": 344, "fields": {"geo_level": "level1", "geo_code": "TZ_1_011", "version": "2009", "name": "Kilimanjaro", "long_name": "Kilimanjaro", "square_kms": 13209.0, "parent_level": "country", "parent_code": "TZ"}}, {"model": "wazimap.geography", "pk": 345, "fields": {"geo_level": "level1", "geo_code": "TZ_1_025", "version": "2009", "name": "Shinyanga", "long_name": "Shinyanga", "square_kms": 40781.0, "parent_level": "country", "parent_code": "TZ"}}, {"model": "wazimap.geography", "pk": 346, "fields": {"geo_level": "level1", "geo_code": "TZ_1_016", "version": "2009", "name": "Mara", "long_name": "Mara", "square_kms": 31150.0, "parent_level": "country", "parent_code": "TZ"}}, {"model": "wazimap.geography", "pk": 347, "fields": {"geo_level": "level1", "geo_code": "TZ_1_024", "version": "2009", "name": "Ruvuma", "long_name": "Ruvuma", "square_kms": 66477.0, "parent_level": "country", "parent_code": "TZ"}}, {"model": "wazimap.geography", "pk": 348, "fields": {"geo_level": "level1", "geo_code": "TZ_1_020", "version": "2009", "name": "Mwanza", "long_name": "Mwanza", "square_kms": 35187.0, "parent_level": "country", "parent_code": "TZ"}}, {"model": "wazimap.geography", "pk": 349, "fields": {"geo_level": "level1", "geo_code": "TZ_1_017", "version": "2009", "name": "Mbeya", "long_name": "Mbeya", "square_kms": 62420.0, "parent_level": "country", "parent_code": "TZ"}}, {"model": "wazimap.geography", "pk": 350, "fields": {"geo_level": "level1", "geo_code": "TZ_1_001", "version": "2009", "name": "Arusha", "long_name": "Arusha", "square_kms": 34516.0, "parent_level": "country", "parent_code": "TZ"}}, {"model": "wazimap.geography", "pk": 351, "fields": {"geo_level": "level1", "geo_code": "TZ_1_018", "version": "2009", "name": "Morogoro", "long_name": "Morogoro", "square_kms": 73139.0, "parent_level": "country", "parent_code": "TZ"}}, {"model": "wazimap.geography", "pk": 352, "fields": {"geo_level": "level1", "geo_code": "TZ_1_009", "version": "2009", "name": "Katavi", "long_name": "Katavi", "square_kms": 45843.0, "parent_level": "country", "parent_code": "TZ"}}, {"model": "wazimap.geography", "pk": 353, "fields": {"geo_level": "level1", "geo_code": "TZ_1_015", "version": "2009", "name": "Manyara", "long_name": "Manyara", "square_kms": 47913.0, "parent_level": "country", "parent_code": "TZ"}}, {"model": "wazimap.geography", "pk": 354, "fields": {"geo_level": "level1", "geo_code": "TZ_1_012", "version": "2009", "name": "Kusini Pemba", "long_name": "Kusini Pemba", "square_kms": 332.0, "parent_level": "country", "parent_code": "TZ"}}, {"model": "wazimap.geography", "pk": 355, "fields": {"geo_level": "level1", "geo_code": "TZ_1_008", "version": "2009", "name": "Kaskazini Unguja", "long_name": "Kaskazini Unguja", "square_kms": 470.0, "parent_level": "country", "parent_code": "TZ"}}, {"model": "wazimap.geography", "pk": 356, "fields": {"geo_level": "level1", "geo_code": "TZ_1_013", "version": "2009", "name": "Kusini Unguja", "long_name": "Kusini Unguja", "square_kms": 854.0, "parent_level": "country", "parent_code": "TZ"}}, {"model": "wazimap.geography", "pk": 357, "fields": {"geo_level": "level1", "geo_code": "TZ_1_030", "version": "2009", "name": "Mjini Magharibi", "long_name": "Mjini Magharibi", "square_kms": 230.0, "parent_level": "country", "parent_code": "TZ"}}, {"model": "wazimap.geography", "pk": 358, "fields": {"geo_level": "level1", "geo_code": "TZ_1_007", "version": "2009", "name": "Kaskazini Pemba", "long_name": "Kaskazini Pemba", "square_kms": 574.0, "parent_level": "country", "parent_code": "TZ"}}, {"model": "wazimap.geography", "pk": 359, "fields": {"geo_level": "level1", "geo_code": "NG_1_001", "version": "2009", "name": "Abia", "long_name": "Abia", "square_kms": 6320.0, "parent_level": "country", "parent_code": "NG"}}, {"model": "wazimap.geography", "pk": 360, "fields": {"geo_level": "level1", "geo_code": "NG_1_002", "version": "2009", "name": "Adamawa", "long_name": "Adamawa", "square_kms": 36917.0, "parent_level": "country", "parent_code": "NG"}}, {"model": "wazimap.geography", "pk": 361, "fields": {"geo_level": "level1", "geo_code": "NG_1_003", "version": "2009", "name": "Akwa Ibom", "long_name": "Akwa Ibom", "square_kms": 7081.0, "parent_level": "country", "parent_code": "NG"}}, {"model": "wazimap.geography", "pk": 362, "fields": {"geo_level": "level1", "geo_code": "NG_1_004", "version": "2009", "name": "Anambra", "long_name": "Anambra", "square_kms": 4844.0, "parent_level": "country", "parent_code": "NG"}}, {"model": "wazimap.geography", "pk": 363, "fields": {"geo_level": "level1", "geo_code": "NG_1_005", "version": "2009", "name": "Bauchi", "long_name": "Bauchi", "square_kms": 45837.0, "parent_level": "country", "parent_code": "NG"}}, {"model": "wazimap.geography", "pk": 364, "fields": {"geo_level": "level1", "geo_code": "KE_1_020", "version": "2009", "name": "Kirinyaga", "long_name": "Kirinyaga", "square_kms": 1205.4, "parent_level": "country", "parent_code": "KE"}}, {"model": "wazimap.geography", "pk": 365, "fields": {"geo_level": "level1", "geo_code": "KE_1_021", "version": "2009", "name": "Muranga", "long_name": "Muranga", "square_kms": 2325.8, "parent_level": "country", "parent_code": "KE"}}, {"model": "wazimap.geography", "pk": 366, "fields": {"geo_level": "level1", "geo_code": "KE_1_018", "version": "2009", "name": "Nyandarua", "long_name": "Nyandarua", "square_kms": 3107.7, "parent_level": "country", "parent_code": "KE"}}, {"model": "wazimap.geography", "pk": 367, "fields": {"geo_level": "level1", "geo_code": "KE_1_019", "version": "2009", "name": "Nyeri", "long_name": "Nyeri", "square_kms": 2361.0, "parent_level": "country", "parent_code": "KE"}}, {"model": "wazimap.geography", "pk": 368, "fields": {"geo_level": "level1", "geo_code": "KE_1_024", "version": "2009", "name": "West-Pokot", "long_name": "West-Pokot", "square_kms": 8418.2, "parent_level": "country", "parent_code": "KE"}}, {"model": "wazimap.geography", "pk": 369, "fields": {"geo_level": "level1", "geo_code": "KE_1_025", "version": "2009", "name": "Samburu", "long_name": "Samburu", "square_kms": 20182.5, "parent_level": "country", "parent_code": "KE"}}, {"model": "wazimap.geography", "pk": 370, "fields": {"geo_level": "level1", "geo_code": "KE_1_022", "version": "2009", "name": "Kiambu", "long_name": "Kiambu", "square_kms": 2449.2, "parent_level": "country", "parent_code": "KE"}}, {"model": "wazimap.geography", "pk": 371, "fields": {"geo_level": "level1", "geo_code": "KE_1_023", "version": "2009", "name": "Turkana", "long_name": "Turkana", "square_kms": 71597.8, "parent_level": "country", "parent_code": "KE"}}, {"model": "wazimap.geography", "pk": 372, "fields": {"geo_level": "level1", "geo_code": "KE_1_028", "version": "2009", "name": "Elgeyo-Marakwet", "long_name": "Elgeyo-Marakwet", "square_kms": 3049.7, "parent_level": "country", "parent_code": "KE"}}, {"model": "wazimap.geography", "pk": 373, "fields": {"geo_level": "level1", "geo_code": "KE_1_029", "version": "2009", "name": "Nandi", "long_name": "Nandi", "square_kms": 2884.5, "parent_level": "country", "parent_code": "KE"}}, {"model": "wazimap.geography", "pk": 374, "fields": {"geo_level": "level1", "geo_code": "KE_1_026", "version": "2009", "name": "Trans-Nzoia", "long_name": "Trans-Nzoia", "square_kms": 2469.9, "parent_level": "country", "parent_code": "KE"}}, {"model": "wazimap.geography", "pk": 375, "fields": {"geo_level": "level1", "geo_code": "KE_1_027", "version": "2009", "name": "Uasin-Gishu", "long_name": "Uasin-Gishu", "square_kms": 2955.3, "parent_level": "country", "parent_code": "KE"}}, {"model": "wazimap.geography", "pk": 376, "fields": {"geo_level": "level1", "geo_code": "KE_1_032", "version": "2009", "name": "Nakuru", "long_name": "Nakuru", "square_kms": 7509.5, "parent_level": "country", "parent_code": "KE"}}, {"model": "wazimap.geography", "pk": 377, "fields": {"geo_level": "level1", "geo_code": "KE_1_033", "version": "2009", "name": "Narok", "long_name": "Narok", "square_kms": 17921.2, "parent_level": "country", "parent_code": "KE"}}, {"model": "wazimap.geography", "pk": 378, "fields": {"geo_level": "level1", "geo_code": "KE_1_030", "version": "2009", "name": "Baringo", "long_name": "Baringo", "square_kms": 11075.3, "parent_level": "country", "parent_code": "KE"}}, {"model": "wazimap.geography", "pk": 379, "fields": {"geo_level": "level1", "geo_code": "KE_1_031", "version": "2009", "name": "Laikipia", "long_name": "Laikipia", "square_kms": 8696.1, "parent_level": "country", "parent_code": "KE"}}, {"model": "wazimap.geography", "pk": 380, "fields": {"geo_level": "level1", "geo_code": "KE_1_036", "version": "2009", "name": "Bomet", "long_name": "Bomet", "square_kms": 1997.9, "parent_level": "country", "parent_code": "KE"}}, {"model": "wazimap.geography", "pk": 381, "fields": {"geo_level": "level1", "geo_code": "KE_1_037", "version": "2009", "name": "Kakamega", "long_name": "Kakamega", "square_kms": 3033.8, "parent_level": "country", "parent_code": "KE"}}, {"model": "wazimap.geography", "pk": 382, "fields": {"geo_level": "level1", "geo_code": "KE_1_034", "version": "2009", "name": "Kajiado", "long_name": "Kajiado", "square_kms": 21292.7, "parent_level": "country", "parent_code": "KE"}}, {"model": "wazimap.geography", "pk": 383, "fields": {"geo_level": "level1", "geo_code": "KE_1_035", "version": "2009", "name": "Kericho", "long_name": "Kericho", "square_kms": 2454.5, "parent_level": "country", "parent_code": "KE"}}, {"model": "wazimap.geography", "pk": 384, "fields": {"geo_level": "level1", "geo_code": "KE_1_040", "version": "2009", "name": "Busia", "long_name": "Busia", "square_kms": 1628.4, "parent_level": "country", "parent_code": "KE"}}, {"model": "wazimap.geography", "pk": 385, "fields": {"geo_level": "level1", "geo_code": "KE_1_041", "version": "2009", "name": "Siaya", "long_name": "Siaya", "square_kms": 2496.1, "parent_level": "country", "parent_code": "KE"}}, {"model": "wazimap.geography", "pk": 386, "fields": {"geo_level": "level1", "geo_code": "KE_1_038", "version": "2009", "name": "Vihiga", "long_name": "Vihiga", "square_kms": 531.3, "parent_level": "country", "parent_code": "KE"}}, {"model": "wazimap.geography", "pk": 387, "fields": {"geo_level": "level1", "geo_code": "KE_1_039", "version": "2009", "name": "Bungoma", "long_name": "Bungoma", "square_kms": 2206.9, "parent_level": "country", "parent_code": "KE"}}, {"model": "wazimap.geography", "pk": 388, "fields": {"geo_level": "level1", "geo_code": "KE_1_044", "version": "2009", "name": "Migori", "long_name": "Migori", "square_kms": 2586.4, "parent_level": "country", "parent_code": "KE"}}, {"model": "wazimap.geography", "pk": 389, "fields": {"geo_level": "level1", "geo_code": "KE_1_045", "version": "2009", "name": "Kisii", "long_name": "Kisii", "square_kms": 1317.9, "parent_level": "country", "parent_code": "KE"}}, {"model": "wazimap.geography", "pk": 390, "fields": {"geo_level": "level1", "geo_code": "KE_1_042", "version": "2009", "name": "Kisumu", "long_name": "Kisumu", "square_kms": 2009.0, "parent_level": "country", "parent_code": "KE"}}, {"model": "wazimap.geography", "pk": 391, "fields": {"geo_level": "level1", "geo_code": "KE_1_043", "version": "2009", "name": "Homa-Bay", "long_name": "Homa-Bay", "square_kms": 3154.7, "parent_level": "country", "parent_code": "KE"}}, {"model": "wazimap.geography", "pk": 392, "fields": {"geo_level": "level1", "geo_code": "KE_1_046", "version": "2009", "name": "Nyamira", "long_name": "Nyamira", "square_kms": 912.5, "parent_level": "country", "parent_code": "KE"}}, {"model": "wazimap.geography", "pk": 393, "fields": {"geo_level": "level1", "geo_code": "KE_1_047", "version": "2009", "name": "Nairobi", "long_name": "Nairobi", "square_kms": 694.9, "parent_level": "country", "parent_code": "KE"}}, {"model": "wazimap.geography", "pk": 394, "fields": {"geo_level": "country", "geo_code": "KE", "version": "2009", "name": "Kenya", "long_name": "Kenya", "square_kms": 581309.0, "parent_level": "continent", "parent_code": "AFR"}}, {"model": "wazimap.geography", "pk": 395, "fields": {"geo_level": "level1", "geo_code": "KE_1_001", "version": "2009", "name": "Mombasa", "long_name": "Mombasa", "square_kms": 212.5, "parent_level": "country", "parent_code": "KE"}}, {"model": "wazimap.geography", "pk": 396, "fields": {"geo_level": "level1", "geo_code": "KE_1_004", "version": "2009", "name": "Tana-River", "long_name": "Tana-River", "square_kms": 35375.8, "parent_level": "country", "parent_code": "KE"}}, {"model": "wazimap.geography", "pk": 397, "fields": {"geo_level": "level1", "geo_code": "KE_1_005", "version": "2009", "name": "Lamu", "long_name": "Lamu", "square_kms": 6497.7, "parent_level": "country", "parent_code": "KE"}}, {"model": "wazimap.geography", "pk": 398, "fields": {"geo_level": "level1", "geo_code": "KE_1_002", "version": "2009", "name": "Kwale", "long_name": "Kwale", "square_kms": 8270.3, "parent_level": "country", "parent_code": "KE"}}, {"model": "wazimap.geography", "pk": 399, "fields": {"geo_level": "level1", "geo_code": "KE_1_003", "version": "2009", "name": "Kilifi", "long_name": "Kilifi", "square_kms": 12245.9, "parent_level": "country", "parent_code": "KE"}}, {"model": "wazimap.geography", "pk": 400, "fields": {"geo_level": "level1", "geo_code": "KE_1_008", "version": "2009", "name": "Wajir", "long_name": "Wajir", "square_kms": 55840.6, "parent_level": "country", "parent_code": "KE"}}, {"model": "wazimap.geography", "pk": 401, "fields": {"geo_level": "level1", "geo_code": "KE_1_009", "version": "2009", "name": "Mandera", "long_name": "Mandera", "square_kms": 25797.7, "parent_level": "country", "parent_code": "KE"}}, {"model": "wazimap.geography", "pk": 402, "fields": {"geo_level": "level1", "geo_code": "KE_1_006", "version": "2009", "name": "Taita-Taveta", "long_name": "Taita-Taveta", "square_kms": 17083.9, "parent_level": "country", "parent_code": "KE"}}, {"model": "wazimap.geography", "pk": 403, "fields": {"geo_level": "level1", "geo_code": "KE_1_007", "version": "2009", "name": "Garissa", "long_name": "Garissa", "square_kms": 45720.2, "parent_level": "country", "parent_code": "KE"}}, {"model": "wazimap.geography", "pk": 404, "fields": {"geo_level": "level1", "geo_code": "KE_1_012", "version": "2009", "name": "Meru", "long_name": "Meru", "square_kms": 6930.1, "parent_level": "country", "parent_code": "KE"}}, {"model": "wazimap.geography", "pk": 405, "fields": {"geo_level": "level1", "geo_code": "KE_1_013", "version": "2009", "name": "Tharaka-Nithi", "long_name": "Tharaka-Nithi", "square_kms": 2409.5, "parent_level": "country", "parent_code": "KE"}}, {"model": "wazimap.geography", "pk": 406, "fields": {"geo_level": "level1", "geo_code": "KE_1_010", "version": "2009", "name": "Marsabit", "long_name": "Marsabit", "square_kms": 66923.1, "parent_level": "country", "parent_code": "KE"}}, {"model": "wazimap.geography", "pk": 407, "fields": {"geo_level": "level1", "geo_code": "KE_1_011", "version": "2009", "name": "Isiolo", "long_name": "Isiolo", "square_kms": 25336.1, "parent_level": "country", "parent_code": "KE"}}, {"model": "wazimap.geography", "pk": 408, "fields": {"geo_level": "level1", "geo_code": "KE_1_016", "version": "2009", "name": "Machakos", "long_name": "Machakos", "square_kms": 5952.9, "parent_level": "country", "parent_code": "KE"}}, {"model": "wazimap.geography", "pk": 409, "fields": {"geo_level": "level1", "geo_code": "KE_1_017", "version": "2009", "name": "Makueni", "long_name": "Makueni", "square_kms": 8008.9, "parent_level": "country", "parent_code": "KE"}}, {"model": "wazimap.geography", "pk": 410, "fields": {"geo_level": "level1", "geo_code": "KE_1_014", "version": "2009", "name": "Embu", "long_name": "Embu", "square_kms": 2555.9, "parent_level": "country", "parent_code": "KE"}}, {"model": "wazimap.geography", "pk": 411, "fields": {"geo_level": "level1", "geo_code": "KE_1_015", "version": "2009", "name": "Kitui", "long_name": "Kitui", "square_kms": 24385.1, "parent_level": "country", "parent_code": "KE"}}, {"model": "wazimap.geography", "pk": 412, "fields": {"geo_level": "country", "geo_code": "ET", "version": "2009", "name": "Ethiopia", "long_name": "Ethiopia", "square_kms": 1104000.0, "parent_level": "continent", "parent_code": "AFR"}}, {"model": "wazimap.geography", "pk": 413, "fields": {"geo_level": "level1", "geo_code": "ET_1_001", "version": "2009", "name": "Addis Ababa", "long_name": "Addis Ababa", "square_kms": 526.99, "parent_level": "country", "parent_code": "ET"}}, {"model": "wazimap.geography", "pk": 414, "fields": {"geo_level": "level1", "geo_code": "ET_1_002", "version": "2009", "name": "Afar", "long_name": "Afar", "square_kms": 72052.78, "parent_level": "country", "parent_code": "ET"}}, {"model": "wazimap.geography", "pk": 415, "fields": {"geo_level": "level1", "geo_code": "ET_1_003", "version": "2009", "name": "Amhara", "long_name": "Amhara", "square_kms": 154708.96, "parent_level": "country", "parent_code": "ET"}}, {"model": "wazimap.geography", "pk": 416, "fields": {"geo_level": "level1", "geo_code": "ET_1_004", "version": "2009", "name": "Beneshangul Gumuz", "long_name": "Beneshangul Gumuz", "square_kms": 50698.68, "parent_level": "country", "parent_code": "ET"}}, {"model": "wazimap.geography", "pk": 417, "fields": {"geo_level": "level1", "geo_code": "ET_1_005", "version": "2009", "name": "Dire Dawa", "long_name": "Dire Dawa", "square_kms": 1558.61, "parent_level": "country", "parent_code": "ET"}}, {"model": "wazimap.geography", "pk": 418, "fields": {"geo_level": "level1", "geo_code": "ET_1_006", "version": "2009", "name": "Gambella", "long_name": "Gambella", "square_kms": 29782.82, "parent_level": "country", "parent_code": "ET"}}, {"model": "wazimap.geography", "pk": 419, "fields": {"geo_level": "level1", "geo_code": "ET_1_007", "version": "2009", "name": "Harar", "long_name": "Harar", "square_kms": 333.94, "parent_level": "country", "parent_code": "ET"}}, {"model": "wazimap.geography", "pk": 420, "fields": {"geo_level": "level1", "geo_code": "ET_1_008", "version": "2009", "name": "Oromiya", "long_name": "Oromiya", "square_kms": 284537.84, "parent_level": "country", "parent_code": "ET"}}, {"model": "wazimap.geography", "pk": 421, "fields": {"geo_level": "level1", "geo_code": "ET_1_009", "version": "2009", "name": "SNNPR", "long_name": "SNNPR", "square_kms": 105476.0, "parent_level": "country", "parent_code": "ET"}}, {"model": "wazimap.geography", "pk": 422, "fields": {"geo_level": "level1", "geo_code": "ET_1_010", "version": "2009", "name": "Somali", "long_name": "Somali", "square_kms": 279252.0, "parent_level": "country", "parent_code": "ET"}}, {"model": "wazimap.geography", "pk": 423, "fields": {"geo_level": "level1", "geo_code": "ET_1_011", "version": "2009", "name": "Tigray", "long_name": "Tigray", "square_kms": 84722.0, "parent_level": "country", "parent_code": "ET"}}, {"model": "wazimap.geography", "pk": 424, "fields": {"geo_level": "country", "geo_code": "ZA", "version": "2009", "name": "South Africa", "long_name": "South Africa", "square_kms": 1221037.0, "parent_level": "continent", "parent_code": "AFR"}}, {"model": "wazimap.geography", "pk": 425, "fields": {"geo_level": "level1", "geo_code": "ZA_1_001", "version": "2009", "name": "KwaZulu-Natal", "long_name": "KwaZulu-Natal", "square_kms": 94361.0, "parent_level": "country", "parent_code": "ZA"}}, {"model": "wazimap.geography", "pk": 426, "fields": {"geo_level": "level1", "geo_code": "ZA_1_002", "version": "2009", "name": "Free State", "long_name": "Free State", "square_kms": 129825.0, "parent_level": "country", "parent_code": "ZA"}}, {"model": "wazimap.geography", "pk": 427, "fields": {"geo_level": "level1", "geo_code": "ZA_1_003", "version": "2009", "name": "Eastern Cape", "long_name": "Eastern Cape", "square_kms": 168966.0, "parent_level": "country", "parent_code": "ZA"}}, {"model": "wazimap.geography", "pk": 428, "fields": {"geo_level": "level1", "geo_code": "ZA_1_004", "version": "2009", "name": "Mpumalanga", "long_name": "Mpumalanga", "square_kms": 76495.0, "parent_level": "country", "parent_code": "ZA"}}, {"model": "wazimap.geography", "pk": 429, "fields": {"geo_level": "level1", "geo_code": "ZA_1_005", "version": "2009", "name": "Limpopo", "long_name": "Limpopo", "square_kms": 125754.0, "parent_level": "country", "parent_code": "ZA"}}, {"model": "wazimap.geography", "pk": 430, "fields": {"geo_level": "level1", "geo_code": "ZA_1_006", "version": "2009", "name": "Northern Cape", "long_name": "Northern Cape", "square_kms": 372889.0, "parent_level": "country", "parent_code": "ZA"}}, {"model": "wazimap.geography", "pk": 431, "fields": {"geo_level": "level1", "geo_code": "ZA_1_007", "version": "2009", "name": "North West", "long_name": "Northern West", "square_kms": 104882.0, "parent_level": "country", "parent_code": "ZA"}}, {"model": "wazimap.geography", "pk": 432, "fields": {"geo_level": "level1", "geo_code": "ZA_1_008", "version": "2009", "name": "Western Cape", "long_name": "Western Cape", "square_kms": 129462.0, "parent_level": "country", "parent_code": "ZA"}}, {"model": "wazimap.geography", "pk": 433, "fields": {"geo_level": "level1", "geo_code": "ZA_1_009", "version": "2009", "name": "Gauteng", "long_name": "Gauteng", "square_kms": 18178.0, "parent_level": "country", "parent_code": "ZA"}}, {"model": "wazimap.dataset", "pk": 1, "fields": {"name": "Census"}}, {"model": "wazimap.dataset", "pk": 2, "fields": {"name": "Land Audit Report"}}, {"model": "wazimap.dataset", "pk": 3, "fields": {"name": "Land Sales"}}, {"model": "wazimap.dataset", "pk": 4, "fields": {"name": "Land Redistribution and Restitution Statistic"}}, {"model": "wazimap.dataset", "pk": 5, "fields": {"name": "Afrobarometer Survey"}}, {"model": "wazimap.release", "pk": 1, "fields": {"name": "Census", "year": "2009", "citation": "Census, 2009", "dataset": 1}}, {"model": "wazimap.release", "pk": 3, "fields": {"name": "Community Survey", "year": "2016", "citation": "Community Survey, 2016", "dataset": 1}}, {"model": "wazimap.release", "pk": 4, "fields": {"name": "Land Audit", "year": "2017", "citation": "Land Audit, 2017", "dataset": 2}}, {"model": "wazimap.release", "pk": 5, "fields": {"name": "Land Sales", "year": "2018", "citation": "Land Sales, 2018", "dataset": 3}}, {"model": "wazimap.release", "pk": 6, "fields": {"name": "Land Audit", "year": "2013", "citation": "Land Audit, 2013", "dataset": 2}}, {"model": "wazimap.release", "pk": 7, "fields": {"name": "Land Redistribution and Restitution Statistic", "year": "2018", "citation": "Land Redistribution and Restitution Statistic, 2018", "dataset": 4}}, {"model": "wazimap.release", "pk": 8, "fields": {"name": "Afrobarometer Survey", "year": "2017", "citation": "Afrobarometer Survey, 2017", "dataset": 5}}, {"model": "wazimap.dbtable", "pk": 1, "fields": {"name": "populationgroup_2016"}}, {"model": "wazimap.dbtable", "pk": 2, "fields": {"name": "population_group_2016"}}, {"model": "wazimap.dbtable", "pk": 3, "fields": {"name": "population_residence_2009"}}, {"model": "wazimap.dbtable", "pk": 4, "fields": {"name": "number_of_erven_land_owners_per_gender"}}, {"model": "wazimap.dbtable", "pk": 5, "fields": {"name": "number_of_erven_land_owners_per_nationality"}}, {"model": "wazimap.dbtable", "pk": 6, "fields": {"name": "number_of_erven_land_owners_per_race"}}, {"model": "wazimap.dbtable", "pk": 7, "fields": {"name": "erven_land_ownership_in_hectares_by_gender"}}, {"model": "wazimap.dbtable", "pk": 8, "fields": {"name": "erven_land_ownership_in_hectares_by_nationality"}}, {"model": "wazimap.dbtable", "pk": 9, "fields": {"name": "erven_land_ownership_in_hectares_by_race"}}, {"model": "wazimap.dbtable", "pk": 10, "fields": {"name": "land_traded_colour_cost_breakdown_2018"}}, {"model": "wazimap.dbtable", "pk": 11, "fields": {"name": "land_traded_all_vs_colour_2018"}}, {"model": "wazimap.dbtable", "pk": 12, "fields": {"name": "land_traded_per_class_statistic_2018"}}, {"model": "wazimap.dbtable", "pk": 13, "fields": {"name": "land_traded_colour_hectares_breakdown_2018"}}, {"model": "wazimap.dbtable", "pk": 14, "fields": {"name": "land_traded_colour_transactions_2018"}}, {"model": "wazimap.dbtable", "pk": 15, "fields": {"name": "landownership"}}, {"model": "wazimap.dbtable", "pk": 16, "fields": {"name": "landownershipinhectaresbygender"}}, {"model": "wazimap.dbtable", "pk": 17, "fields": {"name": "landownershipinhectaresbynationality"}}, {"model": "wazimap.dbtable", "pk": 18, "fields": {"name": "landownershipinhectaresbyrace"}}, {"model": "wazimap.dbtable", "pk": 19, "fields": {"name": "landuse"}}, {"model": "wazimap.dbtable", "pk": 20, "fields": {"name": "landuser"}}, {"model": "wazimap.dbtable", "pk": 22, "fields": {"name": "numberoflandownerspergender"}}, {"model": "wazimap.dbtable", "pk": 23, "fields": {"name": "numberoflandownerspernationality"}}, {"model": "wazimap.dbtable", "pk": 24, "fields": {"name": "numberoflandownersperrace"}}, {"model": "wazimap.dbtable", "pk": 25, "fields": {"name": "numberofprivatelandownersbycategory"}}, {"model": "wazimap.dbtable", "pk": 26, "fields": {"name": "numberofsectionaltitleownersbycategory"}}, {"model": "wazimap.dbtable", "pk": 27, "fields": {"name": "numberofsectionaltitleownersbygender"}}, {"model": "wazimap.dbtable", "pk": 28, "fields": {"name": "numberofsectionaltitleownersbynationality"}}, {"model": "wazimap.dbtable", "pk": 29, "fields": {"name": "numberofsectionaltitleownersbyrace"}}, {"model": "wazimap.dbtable", "pk": 30, "fields": {"name": "party_benefited"}}, {"model": "wazimap.dbtable", "pk": 31, "fields": {"name": "privatelanddistributionbygender"}}, {"model": "wazimap.dbtable", "pk": 32, "fields": {"name": "privatelandownershipinhectares"}}, {"model": "wazimap.dbtable", "pk": 33, "fields": {"name": "privatelandownershipinhectarespercategory"}}, {"model": "wazimap.dbtable", "pk": 34, "fields": {"name": "redistributedlandaveragecostperhectares"}}, {"model": "wazimap.dbtable", "pk": 35, "fields": {"name": "redistributedlandcostinrands"}}, {"model": "wazimap.dbtable", "pk": 36, "fields": {"name": "redistributedlandinhectares"}}, {"model": "wazimap.dbtable", "pk": 37, "fields": {"name": "redistributedlandusebreakdown"}}, {"model": "wazimap.dbtable", "pk": 38, "fields": {"name": "redistributionprogrammeoutcomebyyear"}}, {"model": "wazimap.dbtable", "pk": 39, "fields": {"name": "restitutionoutcomestatistic"}}, {"model": "wazimap.dbtable", "pk": 40, "fields": {"name": "sectionaltitleownershipinhectarespercategory"}}, {"model": "wazimap.dbtable", "pk": 41, "fields": {"name": "sectionaltitleownershipinhectarespergender"}}, {"model": "wazimap.dbtable", "pk": 42, "fields": {"name": "sectionaltitleownershipinhectaresnationality"}}, {"model": "wazimap.dbtable", "pk": 43, "fields": {"name": "sectionaltitleownershipinhectaresperrace"}}, {"model": "wazimap.dbtable", "pk": 44, "fields": {"name": "land_traded_colour_priceperhectare_breakdown_2018"}}, {"model": "wazimap.dbtable", "pk": 45, "fields": {"name": "access_to_information"}}, {"model": "wazimap.dbtable", "pk": 46, "fields": {"name": "allow_farmers_retain_land_ownership"}}, {"model": "wazimap.dbtable", "pk": 47, "fields": {"name": "land_acquisation_challenges"}}, {"model": "wazimap.dbtable", "pk": 48, "fields": {"name": "land_to_prioritise_for_redistribution"}}, {"model": "wazimap.dbtable", "pk": 49, "fields": {"name": "maintain_willing_buyer_willing_seller_policy"}}, {"model": "wazimap.fieldtable", "pk": 1, "fields": {"name": "POPULATIONGROUP_2016", "universe": "Population", "dataset": 1, "stat_type": "number", "description": "Population", "fields": "[\"population group\"]", "denominator_key": "null", "has_total": true, "value_type": "Integer"}}, {"model": "wazimap.fieldtable", "pk": 2, "fields": {"name": "POPULATION_GROUP_2016", "universe": "Population", "dataset": 1, "stat_type": "number", "description": "Population by population_group_2016", "fields": "[\"population_group_2016\"]", "denominator_key": null, "has_total": true, "value_type": "Integer"}}, {"model": "wazimap.fieldtable", "pk": 3, "fields": {"name": "POPULATION_RESIDENCE_2009", "universe": "Population", "dataset": 1, "stat_type": "number", "description": "Population", "fields": "[\"population_residence_2009\"]", "denominator_key": null, "has_total": true, "value_type": "Integer"}}, {"model": "wazimap.fieldtable", "pk": 4, "fields": {"name": "ERVEN_LAND_OWNERSHIP_IN_HECTARES_BY_GENDER", "universe": "Land Audit Report", "dataset": 2, "stat_type": "number", "description": "Land Audit Report by erven_land_ownership_in_hectares_by_gender", "fields": "[\"erven_land_ownership_in_hectares_by_gender\"]", "denominator_key": null, "has_total": true, "value_type": "Integer"}}, {"model": "wazimap.fieldtable", "pk": 5, "fields": {"name": "ERVEN_LAND_OWNERSHIP_IN_HECTARES_BY_NATIONALITY", "universe": "Land Audit Report", "dataset": 2, "stat_type": "number", "description": "Land Audit Report by erven_land_ownership_in_hectares_by_nationality", "fields": "[\"erven_land_ownership_in_hectares_by_nationality\"]", "denominator_key": null, "has_total": true, "value_type": "Integer"}}, {"model": "wazimap.fieldtable", "pk": 6, "fields": {"name": "ERVEN_LAND_OWNERSHIP_IN_HECTARES_BY_RACE", "universe": "Land Audit Report", "dataset": 2, "stat_type": "number", "description": "Land Audit Report by erven_land_ownership_in_hectares_by_race", "fields": "[\"erven_land_ownership_in_hectares_by_race\"]", "denominator_key": null, "has_total": true, "value_type": "Integer"}}, {"model": "wazimap.fieldtable", "pk": 7, "fields": {"name": "NUMBER_OF_ERVEN_LAND_OWNERS_PER_GENDER", "universe": "Land Audit Report", "dataset": 2, "stat_type": "number", "description": "Land Audit Report by number_of_erven_land_owners_per_gender", "fields": "[\"number_of_erven_land_owners_per_gender\"]", "denominator_key": null, "has_total": true, "value_type": "Integer"}}, {"model": "wazimap.fieldtable", "pk": 8, "fields": {"name": "NUMBER_OF_ERVEN_LAND_OWNERS_PER_NATIONALITY", "universe": "Land Audit Report", "dataset": 2, "stat_type": "number", "description": "Land Audit Report by number_of_erven_land_owners_per_nationality", "fields": "[\"number_of_erven_land_owners_per_nationality\"]", "denominator_key": null, "has_total": true, "value_type": "Integer"}}, {"model": "wazimap.fieldtable", "pk": 9, "fields": {"name": "NUMBER_OF_ERVEN_LAND_OWNERS_PER_RACE", "universe": "Land Audit Report", "dataset": 2, "stat_type": "number", "description": "Land Audit Report by number_of_erven_land_owners_per_race", "fields": "[\"number_of_erven_land_owners_per_race\"]", "denominator_key": null, "has_total": true, "value_type": "Integer"}}, {"model": "wazimap.fieldtable", "pk": 10, "fields": {"name": "LAND_TRADED_PER_CLASS_STATISTIC_2018", "universe": "Agricultural Land Sales", "dataset": 3, "stat_type": "number", "description": "Agricultural Land Sales by class, name, statistic", "fields": "[\"class_distribution\", \"name\", \"statistic\"]", "denominator_key": null, "has_total": true, "value_type": "Float"}}, {"model": "wazimap.fieldtable", "pk": 11, "fields": {"name": "LAND_TRADED_COLOUR_COST_BREAKDOWN_2018", "universe": "Agricultural Land Sales", "dataset": 3, "stat_type": "number", "description": "Agricultural Land Sales by breakdown_cc, month_cc", "fields": "[\"breakdown_cc\", \"month_cc\"]", "denominator_key": null, "has_total": true, "value_type": "Integer"}}, {"model": "wazimap.fieldtable", "pk": 12, "fields": {"name": "LAND_TRADED_COLOUR_HECTARES_BREAKDOWN_2018", "universe": "Agricultural Land Sales", "dataset": 3, "stat_type": "number", "description": "Agricultural Land Sales by breakdown_cc, month_cc", "fields": "[\"breakdown_cc\", \"month_cc\"]", "denominator_key": null, "has_total": true, "value_type": "Integer"}}, {"model": "wazimap.fieldtable", "pk": 13, "fields": {"name": "LAND_TRADED_COLOUR_TRANSACTIONS_2018", "universe": "Agricultural Land Sales", "dataset": 3, "stat_type": "number", "description": "Agricultural Land Sales by breakdown_cc, month_cc", "fields": "[\"breakdown_cc\", \"month_cc\"]", "denominator_key": null, "has_total": true, "value_type": "Integer"}}, {"model": "wazimap.fieldtable", "pk": 14, "fields": {"name": "LAND_TRADED_COLOUR_PRICEPERHECTARE_BREAKDOWN_2018", "universe": "Agricultural Land Sales", "dataset": 3, "stat_type": "number", "description": "Agricultural Land Sales by breakdown_cc, month_cc", "fields": "[\"breakdown_cc\", \"month_cc\"]", "denominator_key": null, "has_total": true, "value_type": "Integer"}}, {"model": "wazimap.fieldtable", "pk": 15, "fields": {"name": "NUMBEROFSECTIONALTITLEOWNERSBYCATEGORY", "universe": "Land Audit Report", "dataset": 2, "stat_type": "number", "description": "Land Audit Report by number of sectional title owners by category", "fields": "[\"number of sectional title owners by category\"]", "denominator_key": null, "has_total": true, "value_type": "Integer"}}, {"model": "wazimap.fieldtable", "pk": 16, "fields": {"name": "NUMBEROFPRIVATELANDOWNERSBYCATEGORY", "universe": "Land Audit Report", "dataset": 2, "stat_type": "number", "description": "Land Audit Report by number of private land owners by category", "fields": "[\"number of private land owners by category\"]", "denominator_key": null, "has_total": true, "value_type": "Integer"}}, {"model": "wazimap.fieldtable", "pk": 17, "fields": {"name": "NUMBEROFLANDOWNERSPERGENDER", "universe": "Land Audit Report", "dataset": 2, "stat_type": "number", "description": "Land Audit Report by number of land owners per gender", "fields": "[\"number of land owners per gender\"]", "denominator_key": null, "has_total": true, "value_type": "Integer"}}, {"model": "wazimap.fieldtable", "pk": 18, "fields": {"name": "NUMBEROFLANDOWNERSPERNATIONALITY", "universe": "Land Audit Report", "dataset": 2, "stat_type": "number", "description": "Land Audit Report by number of land owners per nationality", "fields": "[\"number of land owners per nationality\"]", "denominator_key": null, "has_total": true, "value_type": "Integer"}}, {"model": "wazimap.fieldtable", "pk": 19, "fields": {"name": "NUMBEROFLANDOWNERSPERRACE", "universe": "Land Audit Report", "dataset": 2, "stat_type": "number", "description": "Land Audit Report by number of land owners per race", "fields": "[\"number of land owners per race\"]", "denominator_key": null, "has_total": true, "value_type": "Integer"}}, {"model": "wazimap.fieldtable", "pk": 20, "fields": {"name": "NUMBEROFSECTIONALTITLEOWNERSBYGENDER", "universe": "Land Audit Report", "dataset": 2, "stat_type": "number", "description": "Land Audit Report by number of sectional title owners by gender", "fields": "[\"number of sectional title owners by gender\"]", "denominator_key": null, "has_total": true, "value_type": "Integer"}}, {"model": "wazimap.fieldtable", "pk": 21, "fields": {"name": "NUMBEROFSECTIONALTITLEOWNERSBYNATIONALITY", "universe": "Land Audit Report", "dataset": 2, "stat_type": "number", "description": "Land Audit Report by number of sectional title owners by nationality", "fields": "[\"number of sectional title owners by nationality\"]", "denominator_key": null, "has_total": true, "value_type": "Integer"}}, {"model": "wazimap.fieldtable", "pk": 22, "fields": {"name": "NUMBEROFSECTIONALTITLEOWNERSBYRACE", "universe": "Land Audit Report", "dataset": 2, "stat_type": "number", "description": "Land Audit Report by number of sectional title owners by race", "fields": "[\"number of sectional title owners by race\"]", "denominator_key": null, "has_total": true, "value_type": "Integer"}}, {"model": "wazimap.fieldtable", "pk": 23, "fields": {"name": "LANDUSE", "universe": "Land Audit Report", "dataset": 2, "stat_type": "number", "description": "Land Audit Report by land_use", "fields": "[\"land_use\"]", "denominator_key": null, "has_total": true, "value_type": "Integer"}}, {"model": "wazimap.fieldtable", "pk": 24, "fields": {"name": "LANDUSER", "universe": "Land Audit Report", "dataset": 2, "stat_type": "number", "description": "Land Audit Report by land_user", "fields": "[\"land_user\"]", "denominator_key": null, "has_total": true, "value_type": "Integer"}}, {"model": "wazimap.fieldtable", "pk": 25, "fields": {"name": "PRIVATELANDDISTRIBUTIONBYGENDER", "universe": "Land Audit Report", "dataset": 2, "stat_type": "number", "description": "Land Audit Report by land_ownership_by_gender", "fields": "[\"land_ownership_by_gender\"]", "denominator_key": null, "has_total": true, "value_type": "Integer"}}, {"model": "wazimap.fieldtable", "pk": 26, "fields": {"name": "LANDOWNERSHIP", "universe": "Land Audit Report", "dataset": 2, "stat_type": "number", "description": "Land Audit Report by private_vs_state_ownership", "fields": "[\"private_vs_state_ownership\"]", "denominator_key": null, "has_total": true, "value_type": "Integer"}}, {"model": "wazimap.fieldtable", "pk": 27, "fields": {"name": "LAND_TRADED_ALL_VS_COLOUR_2018", "universe": "Agricultural Land Sales", "dataset": 3, "stat_type": "number", "description": "Agricultural Land Sales by transaction_group, month", "fields": "[\"transaction_group\", \"month\"]", "denominator_key": null, "has_total": true, "value_type": "Integer"}}, {"model": "wazimap.fieldtable", "pk": 28, "fields": {"name": "PRIVATELANDOWNERSHIPINHECTARESPERCATEGORY", "universe": "Land Audit Report", "dataset": 2, "stat_type": "number", "description": "Land Audit Report by private land ownership in hectares per category", "fields": "[\"private land ownership in hectares per category\"]", "denominator_key": null, "has_total": true, "value_type": "Integer"}}, {"model": "wazimap.fieldtable", "pk": 29, "fields": {"name": "LANDOWNERSHIPINHECTARESBYRACE", "universe": "Land Audit Report", "dataset": 2, "stat_type": "number", "description": "Land Audit Report by land ownership in hectares by race", "fields": "[\"land ownership in hectares by race\"]", "denominator_key": null, "has_total": true, "value_type": "Integer"}}, {"model": "wazimap.fieldtable", "pk": 30, "fields": {"name": "LANDOWNERSHIPINHECTARESBYGENDER", "universe": "Land Audit Report", "dataset": 2, "stat_type": "number", "description": "Land Audit Report by land ownership in hectares by gender", "fields": "[\"land ownership in hectares by gender\"]", "denominator_key": null, "has_total": true, "value_type": "Integer"}}, {"model": "wazimap.fieldtable", "pk": 31, "fields": {"name": "LANDOWNERSHIPINHECTARESBYNATIONALITY", "universe": "Land Audit Report", "dataset": 2, "stat_type": "number", "description": "Land Audit Report by land ownership in hectares by nationality", "fields": "[\"land ownership in hectares by nationality\"]", "denominator_key": null, "has_total": true, "value_type": "Integer"}}, {"model": "wazimap.fieldtable", "pk": 32, "fields": {"name": "SECTIONALTITLEOWNERSHIPINHECTARESPERCATEGORY", "universe": "Land Audit Report", "dataset": 2, "stat_type": "number", "description": "Land Audit Report by sectional title ownership in hectares per category", "fields": "[\"sectional title ownership in hectares per category\"]", "denominator_key": null, "has_total": true, "value_type": "Integer"}}, {"model": "wazimap.fieldtable", "pk": 33, "fields": {"name": "SECTIONALTITLEOWNERSHIPINHECTARESPERRACE", "universe": "Land Audit Report", "dataset": 2, "stat_type": "number", "description": "Land Audit Report by sectional title ownership in hectares per race", "fields": "[\"sectional title ownership in hectares per race\"]", "denominator_key": null, "has_total": true, "value_type": "Integer"}}, {"model": "wazimap.fieldtable", "pk": 34, "fields": {"name": "SECTIONALTITLEOWNERSHIPINHECTARESPERGENDER", "universe": "Land Audit Report", "dataset": 2, "stat_type": "number", "description": "Land Audit Report by sectional title ownership in hectares per gender", "fields": "[\"sectional title ownership in hectares per gender\"]", "denominator_key": null, "has_total": true, "value_type": "Integer"}}, {"model": "wazimap.fieldtable", "pk": 35, "fields": {"name": "SECTIONALTITLEOWNERSHIPINHECTARESNATIONALITY", "universe": "Land Audit Report", "dataset": 2, "stat_type": "number", "description": "Land Audit Report by sectional title ownership in hectares nationality", "fields": "[\"sectional title ownership in hectares nationality\"]", "denominator_key": null, "has_total": true, "value_type": "Integer"}}, {"model": "wazimap.fieldtable", "pk": 36, "fields": {"name": "RESTITUTIONOUTCOMESTATISTIC", "universe": "Land Restistution", "dataset": 4, "stat_type": "number", "description": "Land Restistution by restitutionoutcomestatistic, year", "fields": "[\"restitutionoutcomestatistic\", \"year\"]", "denominator_key": null, "has_total": true, "value_type": "Float"}}, {"model": "wazimap.fieldtable", "pk": 37, "fields": {"name": "REDISTRIBUTIONPROGRAMMEOUTCOMEBYYEAR", "universe": "Land Redistribution", "dataset": 4, "stat_type": "number", "description": "Land Redistribution by year, outcome of redistribution programme", "fields": "[\"year\", \"outcome of redistribution programme\"]", "denominator_key": null, "has_total": true, "value_type": "Integer"}}, {"model": "wazimap.fieldtable", "pk": 38, "fields": {"name": "REDISTRIBUTEDLANDUSEBREAKDOWN", "universe": "Land Redistribution", "dataset": 4, "stat_type": "number", "description": "Land Redistribution by redistributed land use breakdown", "fields": "[\"redistributed land use breakdown\"]", "denominator_key": null, "has_total": true, "value_type": "Integer"}}, {"model": "wazimap.fieldtable", "pk": 39, "fields": {"name": "REDISTRIBUTEDLANDINHECTARES", "universe": "Land Redistribution", "dataset": 4, "stat_type": "number", "description": "Land Redistribution by redistributedland", "fields": "[\"redistributedland\"]", "denominator_key": null, "has_total": true, "value_type": "Float"}}, {"model": "wazimap.fieldtable", "pk": 40, "fields": {"name": "PARTY_BENEFITED", "universe": "Land Redistribution", "dataset": 4, "stat_type": "number", "description": "Land Redistribution by year, party_benefited", "fields": "[\"year\", \"party_benefited\"]", "denominator_key": null, "has_total": true, "value_type": "Integer"}}, {"model": "wazimap.fieldtable", "pk": 41, "fields": {"name": "MAINTAIN_WILLING_BUYER_WILLING_SELLER_POLICY", "universe": "Afrobarometer Survey", "dataset": 5, "stat_type": "number", "description": "Afrobarometer Survey by maintain_willing_buyer_willing_seller_policy", "fields": "[\"maintain_willing_buyer_willing_seller_policy\"]", "denominator_key": null, "has_total": true, "value_type": "Integer"}}, {"model": "wazimap.fieldtable", "pk": 42, "fields": {"name": "LAND_TO_PRIORITISE_FOR_REDISTRIBUTION", "universe": "Afrobarometer", "dataset": 5, "stat_type": "number", "description": "Afrobarometer by land_to_prioritise_for_redistribution", "fields": "[\"land_to_prioritise_for_redistribution\"]", "denominator_key": null, "has_total": true, "value_type": "Integer"}}, {"model": "wazimap.fieldtable", "pk": 43, "fields": {"name": "LAND_ACQUISATION_CHALLENGES", "universe": "Afrobarometer Survey", "dataset": 5, "stat_type": "number", "description": "Afrobarometer Survey by land_acquisation_challenges", "fields": "[\"land_acquisation_challenges\"]", "denominator_key": null, "has_total": true, "value_type": "Integer"}}, {"model": "wazimap.fieldtable", "pk": 44, "fields": {"name": "ALLOW_FARMERS_RETAIN_LAND_OWNERSHIP", "universe": "Afrobarometer Survey", "dataset": 5, "stat_type": "number", "description": "Afrobarometer Survey by allow_farmers_retain_land_ownership", "fields": "[\"allow_farmers_retain_land_ownership\"]", "denominator_key": null, "has_total": true, "value_type": "Integer"}}, {"model": "wazimap.fieldtable", "pk": 45, "fields": {"name": "ACCESS_TO_INFORMATION", "universe": "Afrobarometer Survey", "dataset": 5, "stat_type": "number", "description": "Afrobarometer Survey by access_to_information", "fields": "[\"access_to_information\"]", "denominator_key": null, "has_total": true, "value_type": "Integer"}}, {"model": "wazimap.fieldtablerelease", "pk": 1, "fields": {"data_table": 1, "db_table": 1, "release": 1}}, {"model": "wazimap.fieldtablerelease", "pk": 3, "fields": {"data_table": 3, "db_table": 3, "release": 1}}, {"model": "wazimap.fieldtablerelease", "pk": 4, "fields": {"data_table": 2, "db_table": 2, "release": 3}}, {"model": "wazimap.fieldtablerelease", "pk": 5, "fields": {"data_table": 4, "db_table": 7, "release": 4}}, {"model": "wazimap.fieldtablerelease", "pk": 6, "fields": {"data_table": 5, "db_table": 8, "release": 4}}, {"model": "wazimap.fieldtablerelease", "pk": 7, "fields": {"data_table": 6, "db_table": 9, "release": 4}}, {"model": "wazimap.fieldtablerelease", "pk": 8, "fields": {"data_table": 7, "db_table": 4, "release": 4}}, {"model": "wazimap.fieldtablerelease", "pk": 9, "fields": {"data_table": 8, "db_table": 5, "release": 4}}, {"model": "wazimap.fieldtablerelease", "pk": 10, "fields": {"data_table": 9, "db_table": 6, "release": 4}}, {"model": "wazimap.fieldtablerelease", "pk": 11, "fields": {"data_table": 10, "db_table": 12, "release": 5}}, {"model": "wazimap.fieldtablerelease", "pk": 12, "fields": {"data_table": 11, "db_table": 10, "release": 5}}, {"model": "wazimap.fieldtablerelease", "pk": 13, "fields": {"data_table": 12, "db_table": 13, "release": 5}}, {"model": "wazimap.fieldtablerelease", "pk": 14, "fields": {"data_table": 13, "db_table": 14, "release": 5}}, {"model": "wazimap.fieldtablerelease", "pk": 15, "fields": {"data_table": 14, "db_table": 44, "release": 5}}, {"model": "wazimap.fieldtablerelease", "pk": 16, "fields": {"data_table": 15, "db_table": 26, "release": 4}}, {"model": "wazimap.fieldtablerelease", "pk": 17, "fields": {"data_table": 16, "db_table": 25, "release": 4}}, {"model": "wazimap.fieldtablerelease", "pk": 18, "fields": {"data_table": 17, "db_table": 22, "release": 4}}, {"model": "wazimap.fieldtablerelease", "pk": 19, "fields": {"data_table": 18, "db_table": 23, "release": 4}}, {"model": "wazimap.fieldtablerelease", "pk": 20, "fields": {"data_table": 19, "db_table": 24, "release": 4}}, {"model": "wazimap.fieldtablerelease", "pk": 21, "fields": {"data_table": 20, "db_table": 27, "release": 4}}, {"model": "wazimap.fieldtablerelease", "pk": 22, "fields": {"data_table": 21, "db_table": 28, "release": 4}}, {"model": "wazimap.fieldtablerelease", "pk": 23, "fields": {"data_table": 22, "db_table": 29, "release": 4}}, {"model": "wazimap.fieldtablerelease", "pk": 24, "fields": {"data_table": 23, "db_table": 19, "release": 6}}, {"model": "wazimap.fieldtablerelease", "pk": 25, "fields": {"data_table": 24, "db_table": 20, "release": 6}}, {"model": "wazimap.fieldtablerelease", "pk": 26, "fields": {"data_table": 25, "db_table": 31, "release": 6}}, {"model": "wazimap.fieldtablerelease", "pk": 27, "fields": {"data_table": 26, "db_table": 15, "release": 6}}, {"model": "wazimap.fieldtablerelease", "pk": 28, "fields": {"data_table": 27, "db_table": 11, "release": 5}}, {"model": "wazimap.fieldtablerelease", "pk": 29, "fields": {"data_table": 28, "db_table": 33, "release": 4}}, {"model": "wazimap.fieldtablerelease", "pk": 30, "fields": {"data_table": 29, "db_table": 18, "release": 4}}, {"model": "wazimap.fieldtablerelease", "pk": 31, "fields": {"data_table": 30, "db_table": 16, "release": 4}}, {"model": "wazimap.fieldtablerelease", "pk": 32, "fields": {"data_table": 31, "db_table": 17, "release": 4}}, {"model": "wazimap.fieldtablerelease", "pk": 33, "fields": {"data_table": 32, "db_table": 40, "release": 4}}, {"model": "wazimap.fieldtablerelease", "pk": 34, "fields": {"data_table": 33, "db_table": 43, "release": 4}}, {"model": "wazimap.fieldtablerelease", "pk": 35, "fields": {"data_table": 34, "db_table": 41, "release": 4}}, {"model": "wazimap.fieldtablerelease", "pk": 36, "fields": {"data_table": 35, "db_table": 42, "release": 4}}, {"model": "wazimap.fieldtablerelease", "pk": 37, "fields": {"data_table": 36, "db_table": 39, "release": 7}}, {"model": "wazimap.fieldtablerelease", "pk": 38, "fields": {"data_table": 37, "db_table": 38, "release": 7}}, {"model": "wazimap.fieldtablerelease", "pk": 39, "fields": {"data_table": 38, "db_table": 37, "release": 7}}, {"model": "wazimap.fieldtablerelease", "pk": 40, "fields": {"data_table": 39, "db_table": 36, "release": 7}}, {"model": "wazimap.fieldtablerelease", "pk": 41, "fields": {"data_table": 40, "db_table": 30, "release": 7}}, {"model": "wazimap.fieldtablerelease", "pk": 42, "fields": {"data_table": 41, "db_table": 49, "release": 8}}, {"model": "wazimap.fieldtablerelease", "pk": 43, "fields": {"data_table": 42, "db_table": 48, "release": 8}}, {"model": "wazimap.fieldtablerelease", "pk": 44, "fields": {"data_table": 43, "db_table": 47, "release": 8}}, {"model": "wazimap.fieldtablerelease", "pk": 45, "fields": {"data_table": 44, "db_table": 46, "release": 8}}, {"model": "wazimap.fieldtablerelease", "pk": 46, "fields": {"data_table": 45, "db_table": 45, "release": 8}}]